Product_Name,Historical_Sales,Competitor_Price,Seasonality,Promotion,Price,Demand
Sugar,202,10.209202081084609,Medium,Yes,25.809095214540744,430.4998764138798
Rice,535,42.98836531208367,High,Yes,29.428856480354334,816.4475503120514
Yogurt,960,11.268605241856143,Medium,Yes,49.19234656741707,908.8917534311362
Bread,370,28.410438222681144,Low,No,40.6686049880499,72.39696197632965
Bananas,206,6.670099398303602,Medium,Yes,33.326217274228284,457.25022387756314
Eggs,171,8.630139532602982,Low,Yes,21.366752651570128,283.4917100934988
Eggs,800,35.25567204392892,Low,No,6.21812089116343,513.4637848
Butter,120,36.01316346923825,Low,No,10.243742482343828,101.2234674
Milk,714,20.366123297379907,Medium,No,37.88902627427227,533.8844752271007
Rice,221,14.702439435937015,Medium,No,21.614176770886527,231.12785580730284
Bread,566,41.61696218407886,Low,Yes,20.049684612919016,615.0523996815016
Eggs,314,14.769645326145065,High,Yes,45.004026136588216,587.6975824010315
Bananas,430,29.391218134987085,Medium,Yes,26.8029000731197,591.4877437243886
Flour,558,48.569397838830746,Medium,Yes,45.48096758358994,589.6277637767388
Bananas,187,11.65335970380727,Medium,Yes,44.89873296809898,317.1172349445343
Flour,472,47.3394320372619,Medium,Yes,8.608158127154951,714.1051046524213
Butter,199,13.230187388090089,Low,Yes,47.5413340295091,202.90774938259483
Pasta,971,30.53494436104533,High,No,8.462969762340084,1051.3968654838131
Eggs,763,21.965347038143506,High,Yes,48.35777518612457,930.2157791620788
Rice,230,48.421787067582166,High,No,25.367671291972563,393.827049420455
Cheese,761,17.30939130508716,High,No,39.23873040895593,624.2645010443721
Tomatoes,408,22.984610093858915,Low,No,36.7764965235434,117.22345510557264
Bananas,869,49.228705303493925,Medium,Yes,28.332273844603783,928.5860995518027
Milk,443,29.141167603481293,Medium,Yes,32.875466847603946,555.2851977414105
Bread,591,27.61835520295641,Low,No,47.74631816746376,192.36670982163128
Yogurt,513,16.60003196917961,Medium,Yes,46.730817079845814,516.9311094052849
Potatoes,905,36.56136021396986,Low,Yes,34.44467226165891,774.1561002221927
Tomatoes,485,5.646782829999994,High,No,34.59734055205364,539.0107174399867
Sugar,291,7.228068336603209,Low,No,16.11224120263271,171.84285008766307
Eggs,376,31.971136421111122,Medium,Yes,42.28805726231557,450.8102488906455
Rice,260,20.375355821830436,Medium,No,33.46714998509346,187.0839245195681
Bread,559,47.899236749043226,Medium,No,42.18119563992936,403.07239788231436
Sugar,413,45.64358108252536,High,No,34.60335846295895,388.95940578358557
Potatoes,121,37.116781640451826,Low,Yes,18.469401171422675,231.12952391148485
Milk,352,41.81655115075106,Low,Yes,13.526663122886596,451.6532975344597
Flour,847,35.0299332350462,Medium,No,8.463462990041995,768.0681786333707
Apples,956,10.65119462195723,Low,No,31.36977195170571,628.1445447510147
Apples,660,39.44945163601412,Medium,Yes,17.782311087893078,774.4289378526717
Yogurt,574,14.458638592348088,Low,Yes,33.37292815658664,504.93148009697046
Cheese,158,19.554928479508852,High,Yes,7.6395400197697185,648.8860759422769
Cheese,610,41.86553954460891,High,Yes,21.90483792525322,856.476318768579
Cheese,781,29.14365237770517,Low,Yes,16.724894691639903,800.9567355839463
Butter,575,43.697332138253415,High,Yes,21.665033510050087,893.3207110675803
Salt,799,14.586589392946888,High,No,7.442754339046418,916.9505257994552
Rice,882,32.350029737309924,High,No,37.58816384750509,787.4054763110285
Bread,289,8.770593764671773,Medium,No,10.251379991433797,340.8529562618987
Eggs,786,33.937744709301334,Low,Yes,5.648118185666896,798.4219096124914
Apples,662,39.31403169989906,Low,No,47.58300956252001,259.5927880634609
Yogurt,975,31.321890229042474,Medium,No,13.679437206427245,847.0320370616685
Sugar,666,16.98041756744646,Medium,No,42.262758430045736,436.0335163293409
Pasta,343,6.410420098649002,High,No,48.40117698907059,335.7321110463505
Eggs,931,10.37519977839286,Low,No,29.035453980594287,560.1089133440341
Cheese,604,33.00363405833118,Medium,No,28.67531720213959,481.38112125518694
Salt,230,47.048909757913115,High,No,21.533776024253434,405.06217413139456
Eggs,584,14.294048178740288,Low,Yes,24.15176891489277,551.5941621776453
Rice,918,38.076176709729445,High,No,26.693392862900307,881.2181438423561
Cheese,746,43.99029784620687,Low,No,11.844248167428315,467.04477849840055
Pasta,120,28.439698030137997,High,Yes,21.41315257731616,499.7257675556376
Yogurt,940,35.1169608129646,Low,No,41.724879917425035,546.875595158576
Bananas,266,41.675689250426665,Low,Yes,13.207915381166261,363.00372041525134
Eggs,373,16.73038209832671,Low,No,37.84339611293519,123.09013254921466
Rice,487,18.360305342061935,Low,Yes,34.32139701206858,469.4893630289289
Cheese,700,5.028238248280528,High,No,7.5783998877196606,817.6583332970616
Milk,415,48.33923589040111,Medium,No,6.009299079695619,396.90150881461733
Butter,113,46.289520256835516,Low,No,20.863780816025706,10
Flour,341,39.405571869174366,Low,No,36.14766247093285,81.4829135642934
Tomatoes,876,8.558420943949166,Low,No,19.868806731229768,551.3355436315959
Apples,445,25.137630036477866,Low,Yes,35.04799852702222,389.2554245481505
Sugar,664,9.585128928719875,High,No,34.94561643625917,568.6084869078034
Pasta,997,5.716412026825937,Medium,Yes,41.29495801809209,947.2981997076139
Bread,439,32.728233434566874,Medium,No,9.476852661673014,428.0503321437404
Pasta,191,48.237323768608476,Medium,No,30.970800103435867,92.15166838808565
Potatoes,466,45.62906105444676,High,No,7.812370380799152,585.9736196871704
Butter,554,36.35396667209319,Medium,Yes,12.917621312300202,802.1520148297258
Apples,527,9.348826287419215,High,Yes,19.647540628526414,899.5522834348004
Bread,608,17.337381695253505,High,Yes,36.83251581932596,822.7286844229255
Tomatoes,875,19.402552709838094,Low,Yes,48.82450887518367,719.982308301238
Salt,134,39.34175259855026,High,Yes,20.413436647365977,571.9081260510202
Eggs,305,41.10121306558013,Medium,No,28.451501843120788,249.74833899917866
Apples,180,22.329775534546418,Medium,No,16.65750179400959,208.51542775393574
Potatoes,661,23.804779847792435,Medium,Yes,35.39703292743266,772.8621377704927
Yogurt,971,7.00290676742771,Low,Yes,21.49636405777009,938.9022657261581
Flour,487,18.011152328844243,Low,No,26.67182780472249,210.84245690524315
Eggs,101,25.307832972993797,Low,No,30.551579413278294,10
Cheese,489,10.264237087336591,High,Yes,35.880904845827445,740.1012847954081
Sugar,665,25.39703573397596,Medium,Yes,7.7023247580388965,915.3640628606299
Pasta,205,43.39291155160102,High,No,29.970549220396716,275.0381365986532
Bananas,871,31.1594458876274,High,Yes,24.40238440164962,1086.6428059086427
Tomatoes,921,8.551843476728553,Medium,No,11.01942889158502,858.2273960378599
Milk,576,13.625209347362345,Low,Yes,14.361650074911276,639.9692754297156
Eggs,802,26.35449575713503,Medium,Yes,44.775054099506185,867.9009521428509
Pasta,501,21.266921741981545,High,No,44.229920409510655,443.1496913972623
Butter,829,21.142715879574443,High,No,6.499861449065369,904.564256930906
Tomatoes,655,28.817035166461558,Low,Yes,36.023067105631355,613.1351790114472
Milk,261,31.297816471525582,High,No,29.938429091180936,305.0859351705019
Apples,301,40.8587706624286,High,Yes,47.29171294162619,573.5028206984314
Butter,369,20.34349535581181,Medium,Yes,45.86025699600871,419.5033058765134
Apples,962,41.245982736826406,Low,No,31.08028607835629,611.8822851361364
Apples,915,20.237505310068464,Medium,No,11.252971459332663,760.3248592543441
Milk,370,7.494484502355522,Medium,No,25.691676065118507,315.1482726228791
Salt,555,29.938444295215604,Medium,Yes,37.63239651180526,599.782880611821
Eggs,561,31.455604620266655,High,No,47.82814857904421,551.7197119049903
Eggs,826,47.05431105298371,High,No,21.372323258866217,798.2623127953118
Rice,351,37.67275967281135,Low,No,40.310216417909835,35.546827804619895
Cheese,801,46.299769362249776,High,Yes,35.750333897677564,1004.9612245195734
Yogurt,395,45.875624460935434,Low,No,8.523174971401795,232.41758404562114
Sugar,824,32.205834961620894,Medium,No,30.108958262882958,663.5508919153508
Bananas,819,28.74929294014014,Medium,No,13.257897509272363,703.2091606235946
Salt,848,30.084843522361997,High,No,35.75971814799941,760.9204588007453
Pasta,437,49.02488634547615,High,Yes,32.45381811232876,711.9917050832017
Flour,978,39.79254612861315,Low,Yes,48.78716412352249,732.0599911092768
Cheese,152,9.781965715657812,High,Yes,47.09221993061643,443.1389084291134
Bananas,891,40.029278305163,High,Yes,5.421777511949654,1241.995428883763
Apples,316,12.674212200420165,High,No,8.601324357726483,520.0461713109307
Apples,863,25.130774705253156,Medium,Yes,39.611044014330254,899.0778187170697
Cheese,287,14.470685247944042,High,No,35.853938283923455,285.34930935745064
Yogurt,479,36.03123794899534,High,Yes,41.042551933260114,696.1221889834301
Apples,592,44.47893812868661,Medium,No,17.006671520074562,509.5152183659725
Yogurt,140,18.066284841500643,Medium,No,43.219524594311444,80.50281476156042
Flour,256,8.690483354368443,Medium,No,24.908876239466117,208.4711554752864
Potatoes,114,18.432189413373347,Medium,Yes,16.785881810349878,329.00246145785906
Sugar,912,35.25628360694875,High,Yes,5.477348641320156,1204.46602978002
Butter,164,19.794205739950247,High,Yes,44.21138156688172,430.4101927739826
Yogurt,956,17.515047539921156,High,No,29.09047321580776,845.895646133171
Rice,938,13.299583576291923,Low,Yes,48.89219376883967,778.350314988832
Bread,620,27.38823920934951,Medium,No,37.16066253052668,399.41516677714003
Butter,443,17.417697267073443,High,Yes,8.618771457040037,865.9779405282258
Yogurt,228,37.89546571127674,High,Yes,31.46860338809641,523.3373484329835
Bananas,747,8.448008089649122,High,Yes,5.7706042920506375,1159.7325055140745
Potatoes,571,34.881486490009294,Medium,Yes,30.100183439581947,680.573728623741
Flour,162,15.690200655549644,Medium,Yes,20.759074839458634,403.5861758373692
Rice,238,27.017566747322142,Medium,No,33.948312562344455,172.99728721431646
Yogurt,598,17.874046491406727,High,Yes,29.370839281082183,842.3897658132636
Pasta,692,37.5245904204858,Medium,Yes,16.760764553651978,868.3002762383232
Butter,491,47.53881681132365,High,Yes,12.30577740976208,843.051645800433
Salt,774,46.2684550761416,Low,No,23.21201688537873,462.16763263673374
Salt,518,31.2541796814841,Medium,Yes,49.40763416823221,549.1076780095785
Sugar,388,25.81746364656403,Medium,Yes,24.606438824717223,541.7689609735318
Rice,478,41.823522924772185,High,No,38.69542120200312,462.28438198999834
Eggs,872,35.749686318247846,Medium,Yes,7.563808652241683,1052.0906649933459
Salt,589,13.26038513976198,Medium,No,22.04895939878316,435.06276847467035
Eggs,330,41.94136461258501,High,No,31.114536673955172,420.19586021005966
Milk,140,24.29979752276196,High,Yes,38.803843099781695,480.31022964354753
Butter,127,13.50435469870288,High,No,28.7772645792677,195.32418451731894
Rice,234,17.68088076784216,Low,Yes,28.18829956103516,227.10509294024374
Rice,300,17.038716361175403,High,No,39.37581106687261,359.8587852530851
Sugar,939,28.364313857155704,Medium,Yes,19.097947279350514,1064.4636739301513
Sugar,879,15.546654080504398,Low,No,9.077473439212664,668.7303483834263
Milk,132,10.560491933070928,High,No,20.621771195783257,254.40318394947874
Bananas,147,10.566088277619233,Low,No,12.15483059522456,106.40206959737208
Flour,602,31.24742887125935,Low,Yes,48.4674891860045,450.988813629882
Eggs,506,38.06416799822203,Medium,No,30.988019636451124,388.0121140491809
Bananas,673,19.468985397725334,Low,Yes,25.09701940974284,660.7337809075882
Milk,827,6.559281941630768,High,Yes,46.042334517045525,1025.8966210278777
Bread,904,10.725119912165482,Low,No,45.51626243151965,494.01114688463144
Tomatoes,198,46.16125521516757,Low,Yes,23.706377558339433,279.26272527095495
Butter,783,27.209464681525386,Medium,Yes,44.36273130124146,788.6678348294076
Pasta,971,25.410776432682866,Medium,No,7.8811669914355535,838.7907951651299
Yogurt,825,6.712213023954091,High,Yes,44.85736153996461,912.7972678950905
Potatoes,646,37.788666004260456,Medium,Yes,18.976258784994428,804.0017693167172
Bananas,838,28.76306364194355,High,No,30.430502795327957,761.4950614869452
Rice,712,14.093642123893435,High,No,17.135986247257595,787.3785641611814
Pasta,561,9.953319208147573,Medium,No,49.31598007262028,351.70594264834943
Bananas,742,22.252453863439932,Low,No,8.23009925013261,545.0562876990377
Butter,868,42.67228838877615,Medium,Yes,25.112987905129298,915.9111776960916
Salt,104,43.938255164046105,Low,Yes,32.94446696751026,177.60485987126668
Potatoes,317,32.12808711780364,Low,Yes,32.70255135517807,338.26633258209625
Cheese,602,37.73913922535642,High,No,38.244127539417974,536.0587991982945
Eggs,866,10.182010433129166,High,Yes,37.59868968449194,1111.7719738786438
Rice,497,31.465672946053466,Medium,No,40.69142173401366,322.08631532936073
Salt,970,35.01345665692318,Low,Yes,15.542933427036123,890.7500095165935
Bread,894,14.03207793112065,Medium,No,21.672792203085255,727.0694404911585
Potatoes,492,44.606962980961654,High,Yes,22.19149021911227,765.0723415669597
Eggs,306,13.774853188445888,Low,Yes,48.01278474095639,288.6314572316022
Rice,114,19.106481193090268,Medium,No,23.41903356883437,146.96504136415865
Eggs,957,32.92505811605564,Medium,Yes,14.984114481710462,1096.401285775511
Salt,653,33.725752930882884,High,Yes,33.45549918762878,904.7938846520001
Apples,991,36.47231334443153,High,Yes,24.227011167135274,1240.879052316599
Flour,560,10.040527088069256,High,Yes,16.25360284020867,904.4518958822639
Cheese,790,43.22589934678499,High,No,37.18109635061905,737.161432877884
Sugar,674,28.978120952746693,Medium,Yes,13.63663789914778,832.1710041163678
Flour,963,26.209480734728075,High,No,33.50093182967068,885.1871439110486
Bananas,842,49.14939310310793,High,No,24.37388193816847,840.6582089526254
Rice,340,38.317023362345886,Medium,No,19.362522394880248,213.59459163112817
Bread,663,10.31027119787187,Medium,Yes,47.56920203692855,668.8075309473799
Pasta,195,39.044262525180834,Low,No,19.598337851665093,43.4357936723096
Flour,999,9.286202028779126,Medium,No,20.63783183674857,839.0422578236264
Eggs,833,6.236175313084319,Low,No,44.1787263859927,428.8163906411286
Sugar,584,23.16316528714537,High,Yes,10.806951329397195,969.2582188736657
Sugar,506,49.71101777686484,Low,Yes,9.863093734072748,559.3976512449622
Sugar,330,12.869777128768819,Low,No,17.72185028380261,132.29863621700642
Sugar,848,35.26899545870555,High,No,31.62361654735069,838.1604027225806
Bread,754,12.802822979275371,High,Yes,22.29350720495621,1066.6105082636973
Milk,270,37.61541387312737,High,No,32.38495163760538,317.29306194733067
Apples,640,27.740915070702176,Low,Yes,12.18877839699956,685.1248133890502
Bread,135,35.598726954021934,Medium,No,16.765288194530616,181.75388617104733
Tomatoes,624,14.129292916140557,Medium,Yes,30.432305021561223,741.2948582360461
Eggs,259,38.55327496342259,Medium,Yes,14.771714101642957,529.9710202162144
Yogurt,938,49.8028576830218,High,Yes,24.026208372070023,1169.6345331099415
Rice,798,34.95427252816819,High,No,30.769154464626034,757.5019848981417
Milk,342,27.206599913279497,Medium,No,48.81429060264115,181.40296711059665
Apples,185,46.54282948786692,High,Yes,8.594899604491694,602.8057784528695
Flour,895,5.713332900434434,Low,Yes,25.71862903569072,846.3784179136859
Salt,677,37.84655836786195,Low,No,22.832193233395888,406.2928249567394
Salt,781,44.99359325662158,High,Yes,42.09085622530301,931.0273092877164
Yogurt,656,7.7753562629430855,Medium,No,45.51337035627954,405.94339400323054
Milk,673,25.252887668709118,Medium,Yes,45.815592583911425,700.645371074864
Butter,745,14.21237542774995,Low,Yes,21.88126908687172,730.6433751814598
Salt,895,30.493317451452352,High,No,18.70948161029669,882.0168393581174
Eggs,127,34.22943313716472,Medium,No,25.21117627047881,60.52324747245967
Bananas,719,18.618043231793976,Medium,Yes,20.479383768731136,814.1598065215036
Apples,655,25.699175135514537,High,No,37.34829412556871,616.7867521176124
Bananas,439,17.570276837445178,High,Yes,14.610697188331214,828.5563048222751
Bread,897,21.62260240048012,Medium,No,34.64078378332466,739.0839277121654
Salt,430,12.17929805097906,High,Yes,46.714438989702536,652.9835106744824
Pasta,739,44.85017496135342,High,No,17.596110636324944,732.0327777903447
Cheese,605,5.45046847516114,High,No,35.46007774649709,597.7668319825458
Yogurt,447,44.70841338997048,Medium,Yes,11.460250470082023,715.4854879101731
Eggs,572,30.725549525738234,Low,Yes,10.46227739437666,619.4419700102103
Rice,330,19.924602987965788,High,Yes,10.20400151291897,786.5757982634491
Sugar,289,37.53757064571484,Medium,Yes,11.2337676430407,561.534117852989
Sugar,324,27.848846833819895,Low,Yes,14.727419163924889,441.04492739909125
Apples,484,27.459889614842293,Medium,Yes,30.327372302080743,677.5988736282965
Salt,476,9.956402731353489,Medium,No,39.51435418769918,273.13211047477915
Potatoes,382,22.52822116754339,Medium,Yes,10.70856606699121,667.6881845715195
Tomatoes,732,15.847895563553148,Low,Yes,44.15067232658261,604.081657048871
Bread,727,5.706315751832584,Medium,Yes,42.92223279936017,735.6602621266741
Cheese,844,21.204483385195097,Low,Yes,37.73246119263012,722.9164132365587
Yogurt,358,9.041995824152213,High,No,24.168460975766287,511.7658255036388
Rice,458,16.557351697633337,Low,Yes,5.070075567148662,622.8193257081098
Potatoes,809,9.16324795323925,Medium,Yes,38.064422358513355,792.2748303950743
Apples,555,9.542373150037948,Low,No,44.55437651043977,193.36173969230717
Bananas,510,13.955508248683472,Medium,No,20.087886927733788,478.8696383040703
Yogurt,748,49.99321600188801,High,Yes,37.309440254950346,936.2038683908135
Bread,417,5.098286428576195,Low,No,7.792142646257677,291.5497433581066
Tomatoes,776,33.74026862541824,High,Yes,36.92726921622392,922.243725932392
Yogurt,324,11.35596641119508,Low,No,8.073883438200188,190.78829433443067
Eggs,918,46.428266151984914,Medium,No,31.423385114990694,663.3227689380368
Apples,333,9.213480200013315,Low,No,31.889897865288216,52.74424623110743
Sugar,783,47.97784342068064,High,No,18.59704494907188,771.6937140423747
Eggs,763,32.49168743675651,Low,No,8.56052271845292,523.5086099659669
Butter,926,5.057063461197061,High,Yes,47.72006486205967,1026.8377398918606
Bread,473,45.230323906256274,High,Yes,29.10098318074759,735.0160304813212
Sugar,771,28.477031061511322,Medium,No,31.08911563057382,627.7295885189034
Flour,707,16.820138089871804,Low,No,32.67594000637132,366.5959047725968
Salt,571,39.52756298820336,High,No,45.09715671167698,554.3359757130823
Apples,332,46.69994992490915,Medium,Yes,7.711504004604091,589.1732286868563
Milk,791,26.766087041605726,Medium,Yes,45.197949553363976,806.6031685049049
Rice,212,19.19990634993999,Medium,Yes,15.785442887507335,495.20712482945936
Bread,929,40.5025305770717,High,No,8.507761231835635,953.4746259285021
Bread,596,35.68034740048046,Low,Yes,34.57696334590992,526.2322926199793
Apples,541,44.99386176876226,High,No,48.963903991550765,450.39523404965445
Bananas,663,36.163130574253685,Medium,No,7.575892983796815,635.6121911782138
Tomatoes,367,15.958775250479134,High,No,24.17548181168147,460.87786863381774
Flour,609,46.924666239155854,High,No,28.840303640470356,597.0842004596609
Butter,906,9.717608624269609,Medium,Yes,16.345353384657052,1041.7861774243595
Potatoes,485,17.057423754808156,Low,Yes,49.22924671188356,393.513537057077
Bread,486,28.408757347574852,Medium,No,33.84334465717224,410.88023839662907
Milk,212,30.458391173190563,Medium,No,42.99578027810201,91.43569670577173
Eggs,712,5.688976398210745,High,No,23.709995688727112,748.5057837615153
Bread,724,40.1257726619423,Medium,No,20.928014921516798,617.348997375245
Tomatoes,180,21.27232932914253,High,No,29.89210526964915,255.42123810729723
Yogurt,798,23.288834345096202,Medium,No,24.587529918198786,602.0526452053933
Apples,212,41.42162949966256,Medium,Yes,37.172662481155754,353.66281009276537
Potatoes,101,22.067752627739505,Low,Yes,16.96181405953076,267.12002632780866
Rice,741,7.125119442263967,Medium,Yes,25.231596399157983,900.0860096781389
Yogurt,319,12.939789671165764,Low,No,45.28097362823269,10
Salt,665,48.01564275746821,Medium,Yes,39.02485551544982,732.8502854588207
Sugar,954,8.168241308113137,Medium,Yes,12.563157425805247,1030.7561521620876
Sugar,835,20.97190404356073,Medium,Yes,44.90891732262189,846.7448780100877
Tomatoes,324,27.643062517310504,Low,Yes,31.505746570033462,349.83051527807703
Butter,484,27.197637230235202,High,Yes,35.567923247261746,694.0421642631075
Eggs,502,5.178197435546424,Low,No,18.241545463216973,337.80455826009256
Bread,737,27.552322915587066,Medium,No,24.869491863604587,653.7914562629112
Cheese,229,22.269760608983415,High,No,41.306561550781296,263.65790201152754
Cheese,152,48.74357009635507,Medium,Yes,19.880429844343194,402.0560619794154
Bread,783,12.162158779722343,Low,No,12.427772697958698,602.5535432099525
Bananas,829,20.936938854177274,Low,Yes,22.023721084256625,758.8229641289889
Salt,771,23.876666829041888,High,No,8.114840033422464,831.25514268968
Flour,809,22.581209169542696,Low,Yes,37.30354063182195,674.2101871385428
Yogurt,515,34.96238724433381,Medium,Yes,11.648565894838901,737.3884400329682
Cheese,346,14.698078589649597,High,No,17.830665817738012,481.3301069443596
Bananas,935,14.948219876629633,Medium,No,44.648645249925146,650.6839555536519
Rice,538,37.814492682538386,High,Yes,29.322394608054697,805.8663682747313
Yogurt,302,27.513073340518083,High,Yes,19.460229826841406,664.3552671470113
Butter,283,23.682005422578968,Medium,No,29.64501005066986,201.57994669394287
Butter,222,12.614137325476332,Low,No,14.822494683435023,74.12481411172914
Apples,500,13.438725031047497,Medium,Yes,6.132790836752457,739.8034911464885
Butter,866,5.474823656715524,Low,No,32.167961553371136,469.1944653569587
Flour,393,9.114182098776915,Low,No,37.135666975312816,117.45432124270798
Potatoes,379,30.057741261060848,Medium,No,44.590179445069076,156.5528524776061
Tomatoes,936,45.13429085037844,High,No,39.73475124791256,850.0758718964707
Milk,983,17.922414430875087,Medium,Yes,46.700496522298174,927.1387748487168
Milk,709,19.748625165325766,High,Yes,49.36790639942916,856.9038680587015
Yogurt,297,10.202252477518048,Low,Yes,38.52209514856092,278.69210903587765
Sugar,610,22.488392552319624,High,No,44.05654853736503,549.1496477765683
Salt,851,6.674976705619812,Medium,Yes,35.31791764526831,938.7741678887502
Sugar,243,46.29203133178551,High,Yes,12.692200604372111,617.2480889544283
Eggs,708,35.29001066560379,Low,No,13.176609184502823,434.17244107440945
Flour,300,49.58369642269485,Low,No,9.961675534186842,168.9809439176373
Rice,223,44.72704232053221,High,Yes,47.43386239970856,453.9907751290116
Butter,286,26.28457671641687,Low,Yes,35.27382640277211,300.0772972682495
Sugar,425,28.38582640176696,Low,No,40.54593877094861,144.5747101366129
Milk,563,13.575922093273723,High,No,19.90208015709639,610.9113404709258
Eggs,448,25.79177043,Low,No,25.718976953454103,235.01089531678394
Rice,870,45.63625430717652,High,No,6.790078932651176,908.5731735755706
Apples,759,7.288404063611951,High,No,45.00533301957938,680.7663885984409
Pasta,863,43.86005613492394,Low,Yes,43.385154323522364,664.436788607112
Apples,502,20.342651073917438,High,Yes,40.31651006889324,743.8104368343149
Flour,445,45.478074429333944,Low,Yes,7.623593045653617,544.516679129408
Sugar,610,47.33959578536681,Low,Yes,12.841238100984517,617.0361269442096
Cheese,246,35.18891991508576,Low,No,20.037679598950763,38.26480180727098
Milk,247,34.8990703966705,Medium,No,16.837820390375228,268.4805203726983
Cheese,963,25.373945196893303,Low,Yes,42.73069273389809,780.4695501517116
Apples,810,42.59931010446684,High,No,13.767609119027897,888.2232282195974
Bananas,919,48.27257412949774,High,Yes,28.945600940253854,1100.0338963392417
Potatoes,588,39.87868101526036,High,Yes,30.712149401869052,885.9653045516009
Yogurt,739,32.98715301905192,Medium,Yes,24.125533122314177,825.6270712292683
Butter,650,32.30568031196016,Medium,Yes,15.830956927870664,868.8747719300028
Sugar,437,43.2261455712648,High,Yes,48.213243089650916,642.151867657855
Milk,971,29.354169459708427,High,Yes,23.60296590210601,1206.101987982677
Salt,740,41.17369488119702,Medium,No,37.728949799149916,502.64766516031904
Flour,878,27.89983648284106,High,No,13.2820919445303,943.9160775238518
Bread,572,7.809992373826586,Low,Yes,42.02650258413027,516.4803348647705
Bread,250,22.277615400686987,Low,Yes,14.715132045515004,355.5524863463251
Apples,514,24.999843095217443,High,Yes,35.38879806078618,707.736226388439
Salt,397,11.372776024397774,Low,No,27.792320066263482,139.5521546790827
Flour,710,9.612334813514575,High,No,11.595071344164191,771.814056030663
Flour,362,29.095922734562937,Medium,No,6.122713827023477,407.9190540238416
Bananas,863,8.831463645023696,High,Yes,46.88367194218126,987.6149382809776
Flour,243,18.63253255505378,Medium,No,10.656073110404293,268.4350766822841
Flour,445,38.50686391833842,Low,Yes,36.72281429091117,386.1431284904324
Milk,723,48.39944808055913,Low,No,34.370823152614285,426.42486853130777
Tomatoes,671,37.304176124836786,Low,Yes,20.377401910183693,667.6214612115585
Apples,980,49.66814968037916,High,Yes,13.342230479962783,1248.3869828274953
Tomatoes,101,36.42520870757312,Medium,Yes,13.024771225493666,378.88185417560544
Potatoes,996,18.22075117944474,Medium,No,31.339753387260757,780.101697763758
Butter,403,35.24236432274128,Low,No,29.611458258082045,127.45084626706272
Potatoes,353,36.59705443386068,Low,No,44.41707591576044,52.32783353100538
Salt,751,21.727714307740726,Medium,Yes,33.80013852853713,786.5388428642531
Potatoes,552,5.797123277422505,High,Yes,41.86737392362361,801.6911641111454
Apples,136,36.64399031489691,Low,No,6.458587810367395,36.136497607561765
Bananas,259,5.976504287399373,High,No,35.19469161628678,356.6900741645125
Potatoes,108,33.4034635127032,Low,Yes,15.516888729332944,299.33265232744293
Potatoes,332,12.362741993414978,Low,Yes,16.377753198456958,427.5628963567625
Eggs,198,30.45215874866195,High,No,37.425943809020346,295.39265524485404
Sugar,758,27.676086142127,High,Yes,40.70448314712234,961.5830096628873
Butter,915,5.608113903778216,High,No,21.72809638123487,877.5719999708626
Bananas,307,21.328961764779656,High,No,40.55345675907378,335.49606864779645
Yogurt,230,32.04910253283362,Medium,Yes,24.968510390856004,458.1688579499799
Milk,503,43.18729483544509,Medium,No,43.594040676667134,330.76760866173066
Rice,251,44.98889512264328,Low,No,6.1206697480366685,153.04840784774478
Flour,153,26.77324865149505,Low,Yes,8.757278186668279,320.1863266307277
Cheese,219,37.779011928474716,Low,No,39.93583132704567,10
Milk,772,19.240455944005596,Medium,No,33.084033252364954,596.554888345983
Sugar,727,20.398388259139587,High,Yes,30.155911413598325,933.9108796934673
Yogurt,686,13.750858363204118,Low,Yes,32.6290463302358,621.6930157378586
Rice,724,30.287664949695767,Medium,No,46.85857823399678,436.1738357108224
Bananas,519,19.155386791731438,Low,No,34.499166414712974,218.19764404795018
Bread,521,8.796690339732727,Medium,Yes,34.13642524969262,623.9953620486439
Bread,203,35.82527389984304,High,Yes,39.17618958678025,478.9665259060611
Butter,951,36.848894342242914,Medium,No,43.9979317537922,640.8256493262462
Flour,353,21.199658845057602,High,No,16.786061520725973,495.948181187748
Eggs,326,8.452552975521026,Low,No,32.75369866549868,83.26312101339025
Rice,211,24.183397283154168,High,No,31.278873359861386,287.701146886526
Yogurt,609,24.905095612259696,Medium,Yes,11.068226667425414,777.1790990218549
Eggs,572,35.090189820405186,Low,Yes,28.41426382598204,539.0477501939775
Bananas,198,19.193737606640756,Low,Yes,8.129773163320941,392.5202493775538
Yogurt,252,35.716967590158745,Medium,Yes,13.323181433105283,551.9497983352045
Milk,960,44.216984379082476,High,No,46.08333868631812,826.6801917704215
Flour,995,15.686871906298993,Medium,Yes,10.365943169405456,1127.472228946228
Bananas,977,49.05138002539549,High,No,31.05123349310575,918.5876274285093
Yogurt,437,22.386566171156314,High,No,19.556631319688314,520.6029526706795
Apples,805,17.02664083161778,Low,Yes,29.989098082697563,726.5636214942019
Salt,921,23.968003212963072,High,Yes,15.57380941035814,1174.6712780638152
Bananas,262,9.247886415673662,Low,No,24.997075460494706,107.24167230461238
Salt,819,10.656765793045205,Medium,Yes,44.030004491671725,853.121773474868
Yogurt,780,23.649532113574914,Medium,No,21.929764001871035,651.4859461624776
Sugar,260,39.3100034872595,Low,No,20.886392210042104,135.85060648487666
Bananas,679,45.51405078085209,Low,Yes,25.075313567134938,657.4418441970276
Cheese,900,34.91680958223219,High,No,9.522177990994187,965.6175316440023
Sugar,497,9.734879985717637,Low,Yes,22.430616106462473,538.0530868710315
Potatoes,376,35.240889298124074,Medium,Yes,5.310511278267451,618.7583944276034
Butter,915,33.59425643163374,Low,Yes,27.652871531702832,800.1101191834478
Bananas,603,41.25937632319991,Low,No,43.157348561814324,244.34443041874212
Sugar,995,42.13618999934814,Low,Yes,29.843289677643433,874.3239522489698
Tomatoes,491,44.06913841005405,High,No,32.34763301927087,526.7201467049317
Butter,234,23.635918156059425,Low,Yes,6.375351706689488,373.46926911689144
Bread,294,36.40389779084649,High,No,43.678174105223384,300.72778160115615
Bananas,500,17.071266151503984,High,No,22.325159876011636,582.4953714772943
Eggs,739,49.970132599257695,Low,No,48.8683706273018,325.71893301714584
Potatoes,132,12.890040861958697,High,No,10.4209416288617,347.5427069363106
Apples,787,5.455149424737612,Low,No,47.51023481533569,347.20605065439287
Salt,559,11.69639215331792,Medium,Yes,33.54309078513454,605.799796087935
Tomatoes,982,39.9142530294857,Medium,No,7.3553135130767355,850.6133968456558
Milk,569,25.105265442869516,High,Yes,48.7264585026529,733.0813840813337
Rice,474,25.137511151469273,Medium,Yes,5.624288066536885,703.1562480200678
Butter,121,47.976031382525086,Low,Yes,37.8815075910946,131.73423028703397
Eggs,849,46.383570861263344,High,Yes,45.028847677464256,1013.5671852456932
Yogurt,769,19.003763201180412,Low,No,12.911519940357081,562.9215136604608
Butter,137,14.407615795138977,High,Yes,20.45107358140138,564.130823057832
Cheese,329,43.18169944701829,High,Yes,30.255320324248707,669.8918708151224
Yogurt,464,45.77085819699634,High,Yes,35.59141786302334,692.6187902564782
Pasta,662,29.371861525931912,High,Yes,44.23441405075674,830.0381108931226
Eggs,537,33.32406700026952,Medium,Yes,39.24817118952377,635.1425164439931
Cheese,875,16.561142811153204,Medium,Yes,21.3499014718522,970.7340209600026
Sugar,382,41.03612095903361,Medium,No,41.97739153040008,212.60018716394893
Tomatoes,126,33.44550928020604,High,No,48.473452448915594,197.58255677259706
Apples,325,27.658108008409847,Medium,No,15.214378155873622,322.9623175523266
Butter,376,7.704885023527812,High,Yes,8.334301705449324,858.1848349670115
Bread,897,46.21707331300192,Medium,Yes,24.197887937385318,918.8031236644895
Tomatoes,708,32.69531391729827,High,Yes,44.66286967808979,857.8120055128031
Milk,383,13.671099261183558,Medium,No,11.763117719563763,403.01335919114723
Bread,978,32.287375264237376,Medium,Yes,44.86091845469045,944.7636974876216
Apples,580,35.4858509407988,Medium,Yes,49.6495860681275,536.3427562930506
Apples,552,28.65966515074515,High,No,7.430100389742036,683.2322900587509
Eggs,928,37.31457820802101,High,Yes,27.28653682349678,1211.500554677067
Tomatoes,915,31.16542765678809,Medium,No,19.79984726209626,774.8254330160277
Potatoes,758,47.64963119144667,High,Yes,22.715593471908992,1037.1302970446952
Bananas,615,7.4163685369688075,Low,Yes,25.323563855583885,592.3557014158418
Bread,646,9.781056881130223,Medium,Yes,38.28667804030354,727.7746057798074
Cheese,291,12.815223662945293,Medium,No,31.608486642702935,217.98010900795305
Cheese,148,36.05769817719495,Low,Yes,48.25404896975511,142.66533901479423
Butter,611,34.051814273741385,High,No,19.974406965779032,704.512084637629
Eggs,116,45.14264870943623,High,Yes,29.367683711723423,485.61574143128695
Flour,271,37.979485379775426,High,No,41.59978389201637,291.94031231786676
Flour,319,27.87599694040665,Medium,Yes,21.786278764715608,481.9573816293374
Cheese,257,49.63243066086336,Medium,No,25.93846402749093,149.6728014192489
Apples,576,16.974858027618463,Medium,No,35.823854870835206,425.65062403394035
Sugar,145,42.49362469034543,Medium,Yes,43.73348983719379,302.32476181270806
Yogurt,472,24.205566748726373,Medium,No,23.705666169072295,436.92126748896055
Eggs,617,34.19308124940804,High,No,28.937771246603305,605.1224406310708
Potatoes,198,37.72708117035953,Low,No,48.88050283808776,10
Milk,991,33.518933923565136,High,Yes,6.911112287615181,1319.473746186979
Bananas,844,11.322828639886698,High,No,25.170292249679505,819.2463714187085
Apples,136,24.932795483656975,Medium,Yes,33.61918330081402,280.92563772391696
Yogurt,379,30.264727006990597,Low,No,5.3792355902956315,246.36111380145354
Eggs,448,43.20696916303685,Low,No,31.855392570488654,162.18658356431098
Cheese,596,24.964058695935755,High,No,7.528997959835404,766.2781131420755
Rice,401,46.34362871619132,Low,No,43.59012784916825,105.64656383650916
Bananas,280,24.81684003613448,High,Yes,41.318874297885465,532.8755954096056
Butter,706,29.695093666835525,High,Yes,6.451481155936832,1109.6336776635796
Milk,198,40.83285573242605,High,No,7.196181105081925,405.75344234580797
Tomatoes,799,31.238045798996463,High,Yes,38.91262692027211,1010.8429115579642
Cheese,215,48.20981325722711,Medium,Yes,21.629520166023966,479.562847784933
Cheese,290,34.71511237313574,Low,No,30.876160457224618,52.38385452522318
Yogurt,352,28.521925433042046,Medium,No,17.164772139442277,348.6547638100781
Rice,260,6.061638550135814,Medium,No,12.783599424684487,278.8484296685072
Flour,355,23.61798039111484,Medium,No,18.32347028964027,358.47672621381923
Eggs,422,18.466178866707217,High,No,16.102116510079462,550.5645823303607
Bananas,227,38.66475505493702,High,No,25.173834720770046,365.2081154406522
Pasta,117,14.37249538190956,Medium,Yes,38.60042743794588,339.1543150338697
Yogurt,892,14.234903928233232,Medium,No,29.935823356713048,723.2203862061674
Yogurt,834,13.528356945681955,Low,No,32.41302385728733,495.5669065684669
Yogurt,665,10.652702592030618,Medium,No,26.153536840613793,543.6011282032158
Salt,669,18.995315165189933,High,Yes,19.61301380912673,888.9263208424051
Bread,422,44.866495149954126,Medium,No,11.457897141221956,386.49343712397285
Eggs,971,39.87178125376797,Low,Yes,20.955445660130042,930.0640866825262
Apples,785,38.086304733805704,Low,Yes,34.933937729623935,713.3835951954225
Eggs,891,40.88015625424832,Medium,Yes,38.019984031571916,880.2229719720006
Potatoes,725,17.123805019830726,Low,No,26.113169475869608,445.80948864289866
Cheese,387,44.93487608386195,Low,Yes,34.024877356237056,361.3301825144992
Rice,953,11.178651881372197,High,No,14.474348684791352,1005.1270019966358
Eggs,762,20.135557702201186,Low,No,43.702984432578035,447.27574188638624
Salt,738,31.40366535353043,Low,No,43.96714028043911,376.1165232610969
Flour,254,9.630728975390028,Medium,No,19.41475672726364,231.2055282388894
Yogurt,589,37.85585844993912,High,Yes,29.647050768271722,851.6842310909517
Salt,485,22.426072169156374,Low,No,32.299791278684864,257.3458551150795
Salt,884,40.298254952378,Medium,Yes,26.2593517453088,913.4938060657377
Tomatoes,203,27.180332851307124,Medium,Yes,46.001396910100425,300.3511190591785
Apples,492,13.139353599140136,Medium,No,38.28726260569319,366.89292813216525
Butter,910,38.0642815109905,Medium,No,35.262972167392974,721.4829360037018
Pasta,345,16.34647801275246,Medium,Yes,28.404194969106825,544.0748232162981
Sugar,275,27.086463557061926,Medium,Yes,8.818129847243405,544.1652715287328
Bread,138,8.398997112060842,Low,No,9.851961992904346,73.03675051923963
Cheese,576,32.80399944854165,High,No,18.455398800980866,664.5497892729222
Rice,781,34.96359947973248,High,No,14.518502076601104,845.2503428878159
Butter,858,22.04033944877526,Medium,Yes,47.86389373585974,833.1481512874436
Milk,637,47.949025114448325,Medium,No,23.441563339327942,520.007499991705
Bananas,966,44.33760146669308,High,No,44.447244739643835,801.1699797522716
Bread,917,36.857341208299765,Low,No,41.81358576498042,580.5095273208728
Bananas,507,37.11434335221842,Medium,No,41.56566227316927,333.9245001783601
Bread,624,16.358077172396804,High,Yes,14.706838631608319,983.9421366872843
Rice,927,34.55668539898021,High,Yes,25.129481585036693,1142.1369128824763
Yogurt,605,13.919281935598384,Medium,No,19.30783962412128,555.8604707929778
Milk,924,11.480145076391995,High,Yes,48.66849517275139,1001.1644633511829
Tomatoes,135,49.97605523911611,Low,No,44.453493558305155,10
Bananas,784,33.00691691629284,High,Yes,16.246564743789186,1078.549572600183
Apples,119,24.394454269573572,Medium,Yes,19.10841623645727,449.0823499364588
Apples,420,17.967403529777812,Medium,No,28.800915691002103,369.2613448162944
Apples,875,32.17641996480023,High,No,17.53726033091222,871.9720954711255
Potatoes,611,7.231707869903875,High,No,42.103848496411004,590.1475258821858
Bread,499,9.260644572715778,Medium,No,41.865407505716504,316.16295585014285
Sugar,753,6.478551398317835,Low,Yes,37.59531970231694,673.9766264125853
Flour,982,27.46264249681978,High,No,36.01895921402194,906.9056989688614
Potatoes,570,32.027298313423216,Low,No,29.628567837272364,319.63788528387056
Sugar,242,7.811589261101938,Low,No,20.620051569874278,39.62403660534942
Cheese,191,37.45510103745124,Medium,No,42.66223037479591,32.79365794164923
Sugar,453,15.367778218155397,Medium,No,43.64744770632976,284.21175562212477
Bananas,933,35.83406541964398,Medium,No,7.227926098887533,811.3706367258038
Milk,899,49.18537130158605,Low,Yes,22.937873626583567,796.6262841167415
Pasta,826,36.099764152423305,Medium,No,6.198241120260103,769.9146336991759
Butter,953,44.74368738156238,Medium,Yes,42.77648276148356,898.6646755684101
Salt,150,47.66893280343803,Low,No,12.969196093491883,99.04925984247531
Apples,764,26.903797175854198,Low,Yes,35.324004416743975,655.133099709536
Butter,797,36.60462407388681,Low,Yes,21.08191179624665,755.7811664555927
Butter,674,43.338616410012875,Low,Yes,41.722945395447425,567.8421810332707
Cheese,289,21.047401079347374,High,No,27.935910511419404,335.75808546885696
Eggs,224,16.762879245217768,Medium,Yes,19.598086600320055,488.08326274075114
Cheese,249,47.596935775025244,High,No,19.57418002628332,387.77466147608743
Pasta,413,37.68365751659681,Low,Yes,19.711725908971005,452.52037623551564
Eggs,669,14.885696001912184,Low,No,40.48606476136864,333.5446474200892
Tomatoes,441,25.208752670425103,Low,No,37.00020194720031,168.04308931350496
Flour,404,40.84032962920142,Low,Yes,19.364634830593985,499.01238240143846
Bananas,791,29.617834591329895,Low,No,27.059364002462136,557.702106731427
Eggs,781,34.247844417465004,Medium,Yes,8.426902348819642,933.6965364181292
Apples,937,38.91956909202736,High,Yes,42.23751207617404,1030.0322327748697
Cheese,882,32.99041349640413,High,No,16.967966424968566,907.3474494661956
Sugar,153,29.30356948649881,Medium,Yes,45.01513138274136,220.30500392266262
Sugar,543,38.732642797449806,Medium,No,31.85585118558167,425.2368796281319
Potatoes,712,37.74033659444903,Medium,Yes,30.551907299721908,801.3627180963516
Potatoes,363,33.34425800824305,High,No,12.322343404139971,523.1347519530199
Yogurt,152,21.190523602186833,High,No,8.12909118155074,361.2521242375545
Eggs,671,23.26154414901222,Low,No,29.867746144182203,383.48097018363495
Tomatoes,719,48.669734699784385,High,Yes,26.05951054648508,984.7347672469986
Tomatoes,104,10.057366953118663,High,No,10.385736510976818,332.2433361385543
Tomatoes,202,17.08272127637759,Medium,No,42.6014475133184,49.69844333134298
Sugar,295,27.158079164195108,High,No,23.775805362907175,408.70210841941224
Bananas,873,42.65283587647036,Low,No,16.720601017589914,649.0895175553104
Salt,976,12.365404867837753,High,No,40.47224419158748,879.4828383625396
Bread,983,17.462957815607446,Medium,No,46.08788705496217,701.3407542004305
Bread,449,7.960919800785754,Medium,No,18.76832164350681,458.1790616187979
Yogurt,146,36.76933697228683,Low,No,39.917744843074125,10
Eggs,966,15.719424596402726,Low,No,34.3633845653831,619.8136940774864
Pasta,922,22.490363780192773,High,Yes,49.53775026893413,1012.7613461736677
Bread,919,24.966565116335055,Low,No,14.179671833505239,684.4158585746604
Yogurt,755,45.10912710229051,Low,No,48.23055475279045,364.2341073189293
Sugar,368,23.509863064905655,Medium,No,19.187242551945033,324.3404898080055
Potatoes,469,11.535125896186209,Medium,Yes,23.53794341319375,643.76388619595
Pasta,735,28.594172225305446,High,No,21.147161636549068,797.3014519471487
Yogurt,205,48.33310975918833,High,No,17.080281368976912,298.76851123882176
Rice,769,32.34585384728649,High,Yes,36.19501616436321,954.7941189576999
Milk,758,49.252424920725765,High,Yes,31.511539432663007,992.8286148850575
Butter,756,42.84982890224916,Medium,Yes,18.75613755614434,880.3511946263043
Rice,219,6.618459029603576,High,No,10.949560543322434,421.1888691747938
Tomatoes,930,34.62798179196688,High,No,19.281903697994302,869.0419622442329
Sugar,886,17.904509490104765,Low,No,22.155409025773242,563.4363572559951
Sugar,703,30.182758504012572,High,No,22.129404940448154,757.0451762103072
Salt,157,17.570533591905196,Low,Yes,21.076679019316572,238.90111679553212
Milk,445,20.69916874723807,Medium,Yes,7.19251278004116,670.6140604015146
Tomatoes,840,46.542592028938074,High,No,25.881489855568265,851.1695106963275
Eggs,573,14.298943320126739,Low,Yes,42.629364376038815,503.57422808183367
Sugar,216,44.33491031116237,High,No,13.116483133633333,352.39412859173945
Flour,929,6.370601363172357,Low,No,11.554580454235374,686.3969123801999
Sugar,890,9.089444226634177,High,No,26.233297486016504,844.6103566148417
Sugar,226,43.46037686229186,Medium,No,21.677135546750517,196.11036212883306
Bread,492,33.37502139091379,Medium,Yes,30.25762883210979,630.903990829758
Pasta,740,38.62562621177976,Low,Yes,47.61834393483451,560.3405752439256
Tomatoes,157,14.42379518698344,Low,No,39.23988126497621,10
Potatoes,733,29.168755501554656,Medium,No,35.9176168931584,569.1480888530804
Cheese,612,38.17486506070871,High,Yes,23.71716249771554,909.8337207280637
Bread,850,33.22913616546181,Low,Yes,17.931192637173567,836.1489332776133
Butter,901,26.226444510104425,Medium,No,29.31188464831464,667.5424893523124
Tomatoes,195,48.19027038969716,Low,Yes,44.844958744757704,198.5456878866687
Yogurt,737,35.42708000540504,Medium,Yes,44.453412973011716,746.8796454905448
Apples,217,45.848786010855704,Medium,Yes,25.048172693714772,397.3770525722358
Flour,659,37.83967302081565,Low,No,16.079915895644145,432.25565838504923
Butter,700,38.09585878689574,Low,Yes,15.140500261289406,737.6136690717716
Milk,587,8.60082213909557,Medium,Yes,6.529478754171896,848.0226821712118
Flour,336,21.17590798342746,High,Yes,42.919891083317594,561.0718796480454
Flour,984,43.62662330238463,Medium,Yes,16.91771152249796,1103.527267421843
Cheese,996,15.467173796694018,High,Yes,21.154961345277503,1231.4718339212898
Pasta,371,10.197763977040978,High,No,41.4147263420329,399.66361177283875
Butter,288,19.674772548745704,High,Yes,10.40108232978097,694.5106570592833
Tomatoes,803,14.919704820167627,Low,Yes,25.755533546643477,787.5398275382984
Apples,546,46.63796876569198,Medium,Yes,10.50536209645998,766.4356709227989
Cheese,680,44.058498890095905,Medium,Yes,24.883185628009606,833.2195218390509
Bread,889,27.48574536273069,High,No,7.121280813292975,915.8046799864861
Apples,960,7.760474351774061,High,No,28.29302717060548,880.6120533826352
Milk,346,37.155305574192035,High,No,40.806937358212494,346.9868250227823
Eggs,175,33.053527910131905,Medium,Yes,35.43335036560177,390.3352348161087
Potatoes,253,48.674960182782314,High,Yes,27.912605430983024,647.3838196839056
Milk,755,30.152895812166964,Medium,No,42.29414204671199,500.8000528881126
Eggs,534,20.137717553130923,Medium,No,15.250458873163685,492.47025780596033
Eggs,185,28.35597621103501,Low,No,42.38583282429254,10
Flour,796,49.066848113203235,High,No,17.436356581467926,846.6295214272004
Potatoes,384,36.336309463986375,High,No,21.31188535403428,509.02129849021014
Bread,319,35.2389262067173,High,No,10.77935907472216,450.25179573568056
Bananas,168,15.830671537664841,Low,Yes,9.57896403629985,330.52764485618945
Salt,146,38.4621132902278,High,Yes,46.9450183453511,352.58831391503304
Apples,193,38.76223232622973,Medium,No,13.549021123323982,241.59751671147737
Salt,849,19.27800426991574,High,Yes,19.998326977787645,1109.4107669263828
Sugar,552,26.767122457582094,Medium,Yes,28.811826452746992,647.9958441284122
Yogurt,303,18.25714998232052,Medium,No,20.65402096714078,289.9777244718402
Eggs,317,16.6417281645929,Medium,No,44.15599775204506,163.40306986731338
Bread,573,6.165323161226832,Medium,Yes,45.532164355104754,665.5003475671494
Cheese,531,17.834528509399945,High,Yes,19.669570582708428,840.7574187653714
Sugar,440,29.92864774452237,Low,Yes,9.141246327502106,608.0181004920563
Yogurt,650,5.0720534397062975,Low,No,14.457120530322968,470.8150369174325
Potatoes,711,17.744858771435034,Medium,Yes,26.347681433077874,866.8199958444184
Cheese,388,44.66346495454625,High,No,17.981646900517752,467.29494697368466
Salt,353,31.71418632983124,Low,No,25.406250688919524,193.16543470449957
Apples,833,32.35382708364412,High,Yes,39.14165748743927,968.1383756587336
Apples,456,23.151393726185894,Low,No,23.928729519905986,227.28630464376988
Sugar,122,35.4412464571585,Medium,No,13.864885529357238,199.69464794683734
Salt,861,13.546974480366162,Medium,No,21.108543826321956,741.6868658033414
Eggs,621,41.84360646728862,Medium,Yes,38.43415481668399,646.5325651640569
Sugar,857,10.251010397115492,Low,Yes,24.082795409620005,844.1228196086217
Salt,936,34.520060959389916,High,Yes,16.229203383696735,1210.5925861840976
Sugar,199,20.35171966188574,Medium,No,24.23352376432993,165.37051426575948
Bananas,901,38.63808367621146,High,Yes,25.466300945719688,1077.8891757518072
Eggs,279,29.7394048069709,High,No,18.33697421496717,429.68794241786355
Salt,322,25.35588673154223,Medium,Yes,49.80582901368675,390.9900774768024
Potatoes,861,12.624008094196114,Low,No,39.54317084998958,489.4614221653712
Bread,758,33.65696589279588,Medium,Yes,36.16047441293419,761.2131041838134
Potatoes,541,48.86464295391859,Medium,Yes,43.469014305656486,578.4628952440678
Eggs,707,42.15215412081567,Low,No,34.98886380944507,383.9887425386122
Milk,868,7.700368666505531,High,No,40.59411543748004,843.8731768184891
Eggs,424,21.9303220262536,Low,Yes,23.563654003342535,454.2581202846416
Potatoes,615,46.65123541356223,Low,Yes,27.51672964591975,624.3897058356638
Sugar,115,27.636968640065962,Medium,No,7.1148372486282225,216.22778206232132
Bread,891,34.79503216136806,Low,Yes,17.62908761339671,864.270594839933
Eggs,435,46.06697055161257,Low,No,21.56055841549922,186.79346913671418
Sugar,858,44.32076106889463,Low,No,33.146160143869835,469.3944624402749
Bread,357,27.581916899322994,High,No,25.889507815725654,460.8877285929082
Flour,596,24.694083619592092,High,No,32.352721809048475,586.8944819218052
Butter,995,20.28616783158142,Medium,No,37.09973005312468,731.8973842556029
Pasta,259,37.355874942330104,Medium,No,6.922340045045173,298.4920521325803
Bananas,574,17.91440597621945,High,No,16.62249861516265,662.2153790259014
Bread,951,16.244942289390508,Low,No,12.690674264512957,716.2471968185506
Bread,763,21.031245257170106,Medium,No,13.435480362693706,667.54204461014
Pasta,789,12.97467755954564,Medium,No,27.64064280343962,660.5466482837586
Eggs,774,36.280391717559525,Low,No,38.299044942496636,422.75573345036923
Apples,479,32.73082921987755,Low,No,17.274966526641983,230.2398731359898
Cheese,644,26.72953403521296,Low,No,42.10021571610705,300.1693842913575
Sugar,790,22.56466006676996,Low,No,45.16054327438582,314.88220056637283
Yogurt,526,45.907814430352914,Low,No,20.774024240915857,267.11927373068465
Flour,712,6.3105703245097375,High,No,35.66104425294013,702.031798969912
Salt,367,39.60984845782846,Low,Yes,10.267218233829865,472.1396915941552
Butter,934,45.58593072869999,Medium,Yes,38.481272846861984,878.9639072224938
Tomatoes,676,25.08595607434667,High,No,12.426074396447845,732.551796971381
Bread,516,29.781072116179104,Medium,Yes,35.93371116969594,539.9735146958642
Milk,267,47.500865954691704,Low,Yes,23.985500155708298,279.64516853278417
Rice,941,14.552488187848148,Medium,Yes,46.78053447283433,928.992984021461
Cheese,142,28.40606815031082,Low,No,25.900726182457877,10
Yogurt,655,26.36245072076958,Medium,No,6.3906267860417625,633.9640069612032
Sugar,384,16.627669154166654,Medium,No,26.630106631065363,316.1449637137748
Milk,496,41.836695366789854,Low,Yes,40.79744347369969,422.8719270630943
Yogurt,111,45.48202676434561,Medium,Yes,34.118794889908244,326.15898486167754
Salt,706,40.1869660904694,High,No,48.48418384766033,596.1982784513328
Bread,401,13.791153238187377,Medium,Yes,42.94726205291356,526.4881643081358
Yogurt,997,8.90368859756217,High,Yes,28.69482483039033,1125.3537297611422
Flour,352,32.24500183874041,High,No,14.293425452242914,527.3531505247366
Milk,598,7.569264222944777,Medium,Yes,5.169858341995538,810.0637334152566
Potatoes,853,35.277164985113785,High,Yes,49.12260786506157,936.9601864897857
Apples,134,28.86908991472592,High,No,47.22438642362015,135.50499823979857
Eggs,826,34.82535797346486,Medium,Yes,17.336479733383676,989.2205789712923
Bananas,948,31.55768481423848,Low,No,33.719710380067724,547.3436102182025
Rice,189,24.021615628722774,Low,No,37.815780329876915,10
Yogurt,875,14.039473106310272,High,No,31.010605746466773,809.0766031737377
Rice,704,18.756596111471985,High,No,42.9332753677144,646.8171691314752
Tomatoes,701,28.60252583985394,Low,No,8.50210917944062,526.2964412
Milk,517,34.334064214142266,High,No,45.342231536759606,520.8515456819498
Milk,214,40.07673575980378,Low,No,22.640855502492144,109.95187960124053
Rice,716,39.522682330207736,Medium,Yes,26.631050970865616,839.3888265762072
Tomatoes,295,48.77099344674884,High,No,25.013014268975244,397.51905753783035
Bananas,925,17.862865189853423,Medium,Yes,28.90788003362097,950.0089752737221
Butter,600,8.199981869604656,Low,Yes,31.917581234858908,623.5911975028324
Sugar,725,20.554562099383666,Low,No,36.965454484063635,391.35753981000835
Milk,592,38.44825138508345,Medium,Yes,28.622315258384184,702.5923527583083
Pasta,174,24.715024296498285,High,No,35.814796520400066,259.39445832135715
Salt,512,41.800479376523874,Medium,No,20.223384961581527,418.49231368198406
Flour,475,29.719686433370672,Medium,No,47.150639161609405,209.25681404652696
Butter,519,46.840627518372635,High,No,7.903895890989612,669.4142944138737
Eggs,828,47.6538548899581,Low,No,29.54932738524921,531.1006511867921
Salt,376,8.118702770843692,Medium,No,8.93282792097716,418.78418806572074
Rice,860,25.538604787059093,Medium,Yes,24.924516621661866,950.3957405981116
Eggs,775,32.43600775623056,Low,Yes,16.591206094377345,771.2241182217389
Tomatoes,493,16.514264336549573,Medium,Yes,47.16065523121914,555.5079841071181
Eggs,968,23.31845507205411,Low,Yes,5.5883923873674535,989.0484371597933
Rice,556,35.495669350296424,High,Yes,22.604163401365568,862.2103087936073
Potatoes,291,15.203040210426265,Low,No,40.19192373681295,24.999147594787654
Potatoes,838,32.089160883850354,Low,Yes,13.48076356931596,883.601983924709
Pasta,788,36.38515226739378,Medium,No,41.70146920998138,567.8682742467922
Salt,198,9.072333999314004,Low,No,43.68762895211707,10
Butter,647,27.388819221235373,Low,No,36.860134984059655,339.38172235796156
Salt,195,16.838601346588582,Medium,No,14.408113209177685,245.3191028843146
Bananas,763,37.59738601991201,Low,No,17.241739546170308,533.7725481422882
Apples,762,13.529997884162322,Medium,No,12.512062791291289,667.5673447464766
Bananas,289,45.15070619921479,High,No,13.282868174062985,427.794468845644
Yogurt,835,24.39236014332471,Low,Yes,6.642153341391889,848.1863295955505
Salt,136,13.910136363839907,High,No,43.57917865392199,206.95072625328083
Pasta,879,24.710980835764822,Low,No,28.78260293425261,568.4676241430653
Eggs,468,23.393469326383755,Low,Yes,19.74916507491732,475.7601537865504
Flour,794,24.301353177216964,High,Yes,18.030964822853363,1094.6196336817343
Potatoes,624,31.35025820738511,High,No,29.51133334014139,677.1352202316367
Cheese,378,28.45281762110919,Medium,Yes,19.700816980547707,582.6095271249723
Bananas,316,11.73997092564062,Medium,No,43.86730887546566,187.01266837764055
Flour,966,7.951058269098635,High,No,14.493084576660985,1018.2736190668785
Milk,972,37.82369519269432,Low,No,44.703580613578374,495.5535021537994
Pasta,897,30.187284616774107,Medium,No,34.88416038515431,682.6452005355744
Tomatoes,372,21.15503456356687,Low,Yes,48.04831492047366,334.9443938080924
Sugar,980,41.37610201241333,Medium,Yes,5.679825873606204,1117.1165551228378
Salt,161,22.462631341743062,Medium,Yes,7.6593004570020415,504.24616631188314
Bread,695,40.81842903202734,Medium,No,27.540256727145795,548.704350062431
Potatoes,979,18.759025738056863,High,No,46.05704735144217,823.3001111097507
Sugar,828,8.27803838953399,Low,Yes,37.88577281885653,715.936860186518
Pasta,441,46.968786220996805,High,Yes,32.99611696,698.5511843500645
Rice,496,22.754800817661792,Medium,No,6.422097004708269,476.6626933147417
Bananas,798,40.671165778222004,High,Yes,20.93737047856742,1055.7472215444586
Bananas,118,17.5614859950037,High,Yes,20.563380180628577,534.8551454709391
Butter,276,34.08643004556452,High,No,29.393855701695756,351.8058749922729
Apples,711,44.298989296597775,Low,Yes,16.60225007060428,705.6780475648146
Apples,495,6.873981005299115,High,No,17.022007182999204,614.2328500713223
Potatoes,544,42.37860941087401,High,Yes,32.93873600345417,815.2591945267236
Rice,332,30.709985223736787,High,Yes,47.505539449137046,528.3944531572542
Potatoes,175,32.336228925885614,High,No,34.708059663651284,242.71971113738255
Butter,364,28.542110036269218,High,No,35.06585557914658,342.393439786317
Cheese,554,44.351379647763906,High,No,49.3796666024652,469.26047639276595
Cheese,895,6.954501075603686,High,No,11.906517518140555,957.506033253644
Salt,817,16.746277619113165,Medium,No,6.522564839016218,779.7074373603255
Bananas,834,44.40931424866199,High,No,38.54812778358342,756.8778481526411
Rice,483,38.85555661393802,High,Yes,24.745434493544245,809.6903185469373
Flour,663,5.7940322080372635,Low,Yes,24.29705096384028,657.9744785268583
Salt,950,28.265282744436888,Medium,No,15.138651936336455,799.908547600625
Butter,605,28.83077063207037,High,No,27.808836823356735,597.0623755154902
Sugar,466,23.039696080755967,Low,No,24.897755467619294,228.90129340286964
Sugar,243,18.382699942789536,High,Yes,20.54525035308479,609.4941121609726
Bread,984,35.67761826855539,High,Yes,24.92353217022885,1191.151956575649
Milk,168,14.350570911713922,High,Yes,22.272564682530042,551.1055810268699
Sugar,198,40.95268529322677,High,Yes,47.29533611402915,464.0194071601623
Sugar,495,41.13667223453623,High,No,49.111324586412586,431.34369168438593
Apples,124,23.686764690776922,Low,Yes,42.79554196302893,136.80373792718436
Yogurt,990,17.759660490934145,High,Yes,49.568634095545626,1098.5485409750418
Eggs,568,17.774518171582095,Low,Yes,16.9573743063131,605.3356780711506
Sugar,583,26.703109579829455,High,No,42.93162994635228,534.8402051306842
Rice,664,37.38106511372114,Low,Yes,23.298305535617946,661.0660744146905
Sugar,250,21.149091094723644,Medium,No,38.576137899998905,219.9229328728674
Sugar,243,32.45195054559882,High,Yes,14.062668828371296,628.1867461772767
Eggs,668,22.211800726216744,Medium,Yes,41.53802403835883,716.8565240847813
Bread,138,18.70354351181225,Medium,Yes,8.755899177061378,421.3974819420658
Pasta,208,6.118678216210737,Medium,No,17.175096802238166,226.83780639396647
Yogurt,792,5.176134758092578,High,Yes,41.987867758122,950.8507667207125
Eggs,141,15.224345502440201,Medium,Yes,38.62216498198332,308.4798100072985
Milk,285,23.288282906044795,Low,No,27.556103974608014,83.23464869237328
Bread,497,43.30675253129271,High,Yes,35.2756748430594,734.8865161463378
Bread,322,40.931790931869145,Medium,Yes,13.350831102316834,516.8671887368599
Cheese,733,17.022436816459546,High,Yes,35.0493630055826,995.4080368784413
Bananas,232,16.00431993429347,Medium,Yes,5.358927530367164,575.9815117749968
Eggs,262,15.229493198151236,Low,Yes,42.49471403216778,235.59490637275957
Pasta,314,20.265680323799018,High,No,28.23294235995246,373.0604580920213
Apples,832,27.41894238027584,High,Yes,47.47453032243118,967.0686149061971
Apples,334,24.740049741420897,Medium,Yes,26.517392029525183,533.072679732906
Yogurt,942,14.82229394516722,Low,No,24.48892770468535,646.8445689767779
Cheese,757,10.870313447462811,High,No,25.25237655790163,799.769625418784
Salt,850,5.566001561878792,Medium,Yes,21.187787912388323,1002.7983488164743
Pasta,687,11.928345739992674,Low,Yes,12.500378772919428,678.9081425805572
Apples,108,36.741036658735325,Low,Yes,42.892822712547755,94.42607168725924
Salt,173,15.963735620551232,Low,No,22.508843349123268,47.666940062456874
Potatoes,591,26.087081455467942,Low,Yes,28.809879268498634,537.9981118506339
Pasta,352,31.608551701546013,High,No,5.89491124085464,572.899195260404
Pasta,329,44.90784062742232,High,No,7.711424272129959,556.5002867797873
Potatoes,618,44.99847942770388,Low,No,31.873245326503003,348.27216323740794
Flour,273,38.558018015661155,Medium,Yes,44.5652637131124,396.1423846397039
Cheese,752,6.582064642182564,Medium,Yes,27.202812261173353,848.8697195521565
Salt,267,30.87816885884367,Low,Yes,12.42385612722785,394.49067904687513
Eggs,269,40.39625618741779,Low,No,10.2257291464686,103.49038671232942
Salt,492,5.777962014351345,Medium,Yes,45.49046006268158,539.8253987416638
Butter,894,29.735807614546022,Low,Yes,36.573703430686564,746.1394745639501
Eggs,733,43.59938656037132,Low,No,48.478799953015574,324.0654841737148
Salt,293,26.334593412902013,High,No,8.705687960475483,465.93894552832285
Potatoes,616,5.184779130385181,High,No,45.617578476053595,569.9677167531413
Rice,128,5.495601125102335,Low,No,43.05345406370672,10
Potatoes,264,23.748621683618776,Low,No,45.19333323158692,10
Butter,521,11.975390033753955,High,Yes,5.259333047321279,938.9736725346282
Bananas,438,34.900279569196684,Low,No,38.38565662372376,128.5425074022448
Rice,747,36.89596692077693,High,Yes,29.702215137273754,986.3458156629581
Pasta,595,13.004590795728287,High,No,30.793074519128886,636.117509952846
Yogurt,464,44.98399798360182,Medium,Yes,26.114089430874003,645.7746275790955
Apples,932,24.885853024051663,High,Yes,38.42046129866987,1111.1638905734162
Potatoes,441,11.428065841636567,Medium,No,49.992768071438206,259.5416955898605
Salt,599,39.391321913122795,Medium,No,36.97422616733735,382.02681001616605
Potatoes,756,40.548852500754776,High,Yes,35.51226872176953,924.5262522543984
Bread,610,33.76829626994559,Low,No,34.44969720560364,274.1420174429943
Sugar,426,43.40594989411489,High,No,36.28452514313109,448.43300554151296
Flour,316,38.18178374138021,Medium,No,20.39506103438746,243.00365558565645
Rice,400,44.699258175214574,High,No,19.40988846498884,510.72659843248414
Salt,231,24.524962181846576,High,No,40.295209022172784,278.9955515121922
Pasta,903,38.64187076447491,Medium,No,7.388960780883449,758.0635875477549
Flour,169,49.988820354306995,High,No,39.16614821915228,181.74676407405855
Milk,351,37.62190388838287,High,No,41.62287133263058,385.19095863835815
Butter,514,10.138270110670948,Medium,Yes,28.471908181382048,684.6935984896018
Salt,886,28.324342509313233,Low,Yes,45.95666429358568,689.342687361567
Tomatoes,544,31.430650605936258,Medium,No,26.288934671623302,406.9941717764819
Pasta,975,12.839480378212595,Medium,No,13.013900064312997,785.0003589369713
Apples,281,48.33012353801169,High,Yes,21.262939191800278,688.4591729036323
Yogurt,266,12.901089993557733,Medium,No,45.76403776689888,128.7608972216581
Yogurt,190,12.990106387095025,High,No,49.71822297459742,253.42555359382143
Bananas,813,46.18252120885497,High,No,23.983428514526754,801.6414642137711
Potatoes,957,25.934244490475198,High,No,12.508094551714603,998.5700839628769
Yogurt,630,7.8434725673532295,Medium,Yes,17.884817610536203,837.3931298065003
Salt,138,31.918437497233786,Medium,No,29.89833541312838,144.1143847711685
Potatoes,225,32.08218568848716,High,Yes,30.744316322471594,575.2679752979311
Rice,550,7.9025341408952805,Low,No,33.3526733012111,269.3575829616457
Apples,272,48.76351230351479,Low,Yes,42.59090176576461,231.1024648528805
Yogurt,752,29.481348438255903,Medium,Yes,37.00463682596125,770.4610735848577
Butter,853,30.19080749808939,High,Yes,16.737810192612812,1122.1590592819218
Cheese,319,28.405193652607753,High,No,22.776982731320018,428.6490740555488
Pasta,737,32.482930084007904,Medium,No,42.79174627118061,550.8566198551459
Sugar,157,16.89348887481897,Low,No,33.502220177257,10
Butter,759,17.925860658867837,Medium,Yes,12.488812171012558,967.6726481797168
Bread,575,28.01025904082597,Medium,No,19.649246183614334,495.29349922359955
Milk,555,41.30086346436108,High,No,40.59909105939056,557.6608697583398
Bananas,928,7.243905942238049,Medium,Yes,12.744235549552126,1095.3585441003088
Rice,994,32.15318954991107,Low,No,36.097279372435075,616.9128692484097
Flour,460,41.30501641278413,Medium,Yes,30.359144130420788,624.91657094137
Bread,100,12.061277241675223,High,No,11.636370788051531,340.78230477748343
Salt,486,5.676014389125483,Low,Yes,35.99955158139214,487.87863676959125
Bread,447,19.072098281365612,High,Yes,11.405703679482638,904.9883512391209
Pasta,289,31.466466802831917,Medium,Yes,22.929601059935653,549.3256026393736
Milk,604,11.222742803213647,Medium,Yes,18.88519660360341,797.1553726053249
Cheese,290,24.175506693761847,Medium,Yes,36.05044787091309,426.40760153744395
Bread,607,29.854467381842507,High,Yes,40.20630604729936,830.6337697633066
Rice,468,31.949739264079273,Medium,Yes,12.574246188016106,637.7680276581242
Yogurt,508,17.34852744501688,Low,No,41.539853416952376,214.89606756776044
Tomatoes,923,23.00133361938311,Low,Yes,5.324632519755102,918.4751747543247
Rice,216,40.02526530804014,High,No,28.852634630413984,342.1986324731452
Potatoes,233,47.35466123543085,High,No,28.255500044360325,380.85384017120447
Yogurt,157,43.78461490032158,High,No,33.07196438383188,194.81984035013255
Bread,655,30.392757578004435,Medium,Yes,15.786523865060374,828.3618699994684
Milk,784,23.463176132477596,Low,No,5.443557346859064,556.3182396194429
Yogurt,771,19.98304764671382,Low,Yes,25.464331226362972,677.6375211267335
Potatoes,272,10.623045473780813,Low,No,8.213279506621454,168.03243019388606
Salt,928,9.794806124725085,High,Yes,45.14872490630907,1080.8139835190486
Tomatoes,914,35.9760931211146,High,Yes,12.814984656012804,1221.76904303895
Potatoes,248,16.690748727702218,Medium,No,24.135483537439725,223.99498232591063
Rice,179,16.459775889460104,High,Yes,24.530017560817267,512.3930625527768
Tomatoes,985,49.918777451500354,Low,No,29.878909152719213,617.3474283842529
Eggs,312,13.456668104320793,Medium,Yes,40.213955694667874,397.02544698713405
Tomatoes,302,11.662689176997334,High,Yes,26.24666677289508,611.7256738052901
Apples,863,9.440835249196429,High,No,6.1588970249212895,924.9805006030987
Rice,328,31.09124053250583,Low,Yes,39.699968502879024,329.84887296070457
Milk,775,33.25387217009457,Medium,No,8.697799157940118,726.2417284956985
Potatoes,326,21.435256681559686,High,No,33.86989815164888,390.4106018374537
Potatoes,758,29.093600098016047,High,No,41.15432788933529,660.2031350792105
Flour,631,40.477978892521065,Medium,Yes,17.721057761646968,784.3224602389629
Flour,540,41.814687574478675,Medium,No,25.209791675781403,393.9400226491418
Potatoes,501,48.106043407204176,High,No,5.645112898361749,689.450453611352
Bread,146,42.092059366529355,High,No,41.17438398154484,255.79979063611984
Sugar,332,30.417864652284198,Low,No,36.64674904643687,83.85527486386735
Yogurt,404,13.08456346265807,Medium,Yes,15.412432747452938,661.5481808617172
Cheese,625,9.489360096627909,High,Yes,22.560178903960516,927.6856212555424
Bread,242,7.453035045988664,High,No,36.28924258105001,259.8436986620048
Tomatoes,514,34.99366243034227,High,No,21.1173404833043,562.7975226494916
Cheese,612,41.339131492909694,High,No,12.30866490009649,693.4255732850576
Milk,472,27.890777780783555,Low,No,28.33274879950587,210.43318679669625
Pasta,665,7.462137867513797,Medium,No,37.56054066288979,472.0044188946856
Butter,985,29.096175856610216,High,No,19.436427815132564,977.7023722531792
Milk,358,47.108716768604765,Medium,Yes,10.479752224000602,584.9418078397342
Cheese,755,31.892593591960722,Medium,No,42.32948728153895,591.4379904149137
Bread,570,41.42423698082667,High,No,16.37608399012054,612.4462411090964
Potatoes,111,41.00686917762878,High,No,28.07667293479729,254.5324870578757
Cheese,429,46.94580949012938,High,No,36.11044172701594,431.3192453149991
Yogurt,835,39.6602944542443,Low,No,19.268384017739933,565.7118755420337
Tomatoes,883,38.64652313058903,High,No,34.188644181758825,831.3769635412402
Bread,457,15.534619923678827,Medium,Yes,25.686927789868772,634.1093479924364
Tomatoes,507,7.696631989448665,Medium,Yes,30.669649480573074,614.4023141744216
Potatoes,767,28.291975927421348,Low,No,31.57592466276242,431.6131962113745
Pasta,472,10.599539357603984,High,Yes,42.08678091035988,716.939183935379
Pasta,107,48.29881443250961,High,No,34.53468230459014,191.97019631931806
Cheese,221,18.046614318486284,Low,Yes,16.893801148298472,302.61372785580375
Pasta,447,43.38248915229319,Low,No,7.682195351230082,336.23415243895005
Flour,775,22.44310813411067,High,No,5.089349483380973,808.5244957385095
Salt,189,19.543741243581984,High,No,45.6987823145148,205.43047117269592
Salt,747,47.08213575694795,Medium,Yes,47.39495233109928,709.4446078104611
Cheese,797,21.34951574388008,High,Yes,9.235016944910058,1136.2151198942854
Potatoes,415,22.56295588984114,High,No,26.91741282270116,516.6332336217064
Rice,277,9.774130082580912,Medium,No,11.82178415572405,265.39494384477695
Bananas,639,35.17009993771292,Medium,Yes,47.693708901683806,725.7545624913779
Salt,831,17.997773651488107,Medium,No,16.107463257013567,731.319255997924
Rice,968,31.352187552777824,Medium,No,27.574119301864954,782.3050294171504
Butter,140,31.610826682394425,Low,No,12.452908627981254,10
Potatoes,839,37.36398630180952,Medium,Yes,19.974248802637803,951.2497471859022
Butter,803,38.53586687775986,Low,Yes,17.00628624172314,817.2508799980412
Bananas,601,28.150359548069275,Medium,No,26.394171933748353,491.05160772378395
Cheese,244,19.894637642153135,Medium,No,23.89018829099668,220.0076069357476
Pasta,300,42.685290267563026,Medium,Yes,19.885900757016888,517.6720640207824
Apples,823,18.943954223381812,High,No,9.764492794178544,858.7655561675139
Rice,560,27.837909251119914,Low,No,26.80191599031267,258.5602052909731
Bread,831,23.056366244167762,Medium,No,43.25936081411985,622.0548266065382
Bananas,851,43.478527368635966,High,No,37.860050146350474,796.2290867622226
Pasta,657,24.436333901562296,Low,Yes,37.425869787320124,607.1606192866368
Eggs,646,22.374463497686794,Low,No,21.474128153538892,373.55752616932364
Cheese,352,36.04206618039369,High,No,36.878858630692314,374.457640921274
Flour,489,32.10984994376492,Low,No,25.94891666299634,282.3544972931702
Eggs,693,9.826107507313074,High,Yes,11.762424087717617,1003.8151660649661
Salt,982,27.867596285478346,Medium,Yes,23.857238749012296,1086.2764803387975
Rice,355,38.096527474996144,High,Yes,10.973238396421884,742.4899565016758
Bananas,808,49.64336440661103,Low,No,10.151726850794116,545.1626845296888
Potatoes,914,33.31160752866436,Low,No,6.0376688805924825,683.39836283851
Yogurt,549,21.6631879898593,Medium,No,17.728443543623747,456.21613101359776
Sugar,109,15.176821991095329,High,Yes,19.88936529088752,473.257954715103
Bananas,923,44.277360536899415,Medium,Yes,36.47496708223217,936.1673749198584
Apples,897,41.655434545107624,High,No,29.210215319815266,866.7491792398115
Bananas,341,15.526526935072319,High,No,43.63023704239904,383.34425649959536
Cheese,350,14.028444056595806,High,Yes,12.941178201754543,776.4891283580739
Butter,976,37.1811549565029,Medium,No,16.96804906369163,886.3310927482715
Tomatoes,104,19.172842786344177,Medium,No,47.348425001453705,27.703702871653867
Potatoes,218,18.787945926288103,Low,No,24.982036150091645,62.23820883699618
Sugar,900,11.853061118044486,Medium,Yes,40.507292437189506,925.59557201571
Apples,473,16.878898386942346,High,No,27.147544189227013,571.1258953525908
Pasta,164,24.23784009166923,High,Yes,26.19885456615864,471.6961437835162
Pasta,245,37.9777251772587,High,No,11.665232961333906,404.28326136681267
Potatoes,323,20.13386424861874,Medium,Yes,43.30398249268638,376.0587240034374
Sugar,338,19.78719527659292,Low,Yes,8.525987624643559,487.76939321006876
Butter,276,17.821096364859613,Medium,Yes,18.96174925938687,494.7977891983089
Flour,878,26.522765037996937,Low,No,35.306063227408075,603.1978956141025
Potatoes,952,13.12865140735919,Medium,No,27.826589786361343,750.3649514193903
Tomatoes,381,26.85338303144565,High,No,44.66202471371913,371.2540798621573
Sugar,162,36.68790002876104,Low,Yes,6.768407875456217,315.34601458270845
Flour,316,6.340572681467998,Medium,Yes,34.22333837748786,463.84808462751045
Bread,953,5.440072113759284,High,No,26.48594617822062,889.8545765370785
Bread,926,8.380530956952915,Low,Yes,11.944032056044293,888.4850919430729
Butter,894,29.104702777765045,Low,Yes,38.44633582006671,693.0311794425945
Milk,788,43.450478743343155,High,No,23.50880849327108,807.4945872460763
Butter,560,5.219800970911337,High,Yes,28.92118569065076,838.0447680654511
Pasta,709,47.14975870631064,Medium,No,48.52697298633987,508.99910249642477
Sugar,204,9.782533020674112,Medium,No,26.880353646133486,136.58275973697812
Rice,198,42.88925876262018,High,Yes,42.051778950138925,520.9859114726437
Pasta,610,26.728464424232605,Medium,No,39.630988550355994,473.6486050966493
Tomatoes,484,34.67108242754798,High,Yes,34.82395661812096,784.0559706906357
Tomatoes,504,27.98073430012321,High,No,45.356546450765016,469.4708199100789
Bread,922,26.467170133070958,Medium,No,16.32207411217314,782.6098726160168
Salt,617,42.57047427639762,Medium,No,41.93470541604484,450.9232666896956
Sugar,575,39.01488708055174,Low,No,22.000436977880415,306.7464772851916
Tomatoes,808,26.753100643535188,Low,No,41.56209005365496,433.3342272733293
Salt,962,10.023616822822772,Medium,No,27.220490804547996,777.1732991851849
Apples,744,10.193133169148366,Medium,No,43.59691638244561,495.37634562231733
Sugar,969,41.06927573235839,Medium,Yes,45.267959196184385,936.6669753214281
Pasta,870,28.822577960639006,Low,No,31.893974405785197,544.3739865385448
Butter,536,26.671511309871317,Medium,No,27.84321305740602,398.3233327748649
Butter,122,35.62550786123218,Low,Yes,40.247606449955036,142.35281943308422
Pasta,664,43.64787125364171,Low,Yes,17.014379143062797,607.4333230358708
Yogurt,776,33.299291498598734,Low,No,5.690690656201149,544.222240737888
Potatoes,813,39.328155605591554,Low,Yes,23.31925622396463,750.4192693910425
Flour,557,39.43717358526306,High,No,27.84983598035496,597.3523504145771
Salt,182,21.031765195683157,Medium,No,18.37682237474404,219.27944801745986
Cheese,244,17.333743803844804,Medium,Yes,22.251284678199532,477.7613914419951
Flour,184,41.05238302288214,High,Yes,10.987620481224258,638.7335781171375
Sugar,177,21.973045630290958,Medium,No,17.47804565155073,188.4057918290181
Yogurt,556,45.65012029352173,Low,Yes,15.804290656155809,605.0959308597091
Tomatoes,977,8.136081352855383,High,No,18.544408422204658,995.3671892114102
Pasta,100,7.619788043390284,Low,No,18.45743497432936,10
Potatoes,150,46.71518720456337,High,Yes,30.153576697142604,485.21312661558716
Rice,784,34.18047113816457,Low,No,16.276862308823272,546.7292680573379
Bread,816,22.081971040174952,Medium,Yes,47.343256850294985,859.4053644876797
Yogurt,871,38.97771866672823,Medium,Yes,28.00736736635007,973.4788612741652
Tomatoes,545,35.25470644971386,Medium,Yes,10.803470288439534,730.4818136494234
Salt,548,28.90404710688183,High,No,17.582282173592773,602.2691134018179
Salt,980,9.449300419819311,Medium,No,37.839087326104426,724.0109726965203
Rice,587,41.548081428173816,High,No,5.6146567271327354,723.7203157865773
Cheese,899,43.97104358062811,Low,Yes,47.2018093788628,712.6531190246017
Bread,133,12.747590984869209,Medium,No,25.032961477661278,162.0698054271095
Tomatoes,447,43.273024338968,Low,Yes,28.44855603279485,482.57410684194497
Tomatoes,194,44.50312899574539,Medium,Yes,49.47855061277876,285.7256499706988
Bread,171,29.72428755298322,Low,No,27.653138869969922,10
Bananas,650,34.52805663002091,High,Yes,47.648479750788766,829.9959658996738
Yogurt,253,22.200679400652113,Medium,No,46.18540021069194,142.2686988477596
Butter,349,17.680624137916972,High,Yes,47.35919878997957,600.1367982804701
Butter,773,37.48924161282402,High,No,41.55678758715637,678.9250671560849
Potatoes,537,43.78438170571137,Low,Yes,18.337913805097905,547.6506242704352
Eggs,217,34.43348988300864,Medium,Yes,20.587211770369166,420.12908465267816
Milk,870,28.021577479094713,High,No,21.42428306812884,880.6724013476661
Tomatoes,990,12.15161450798772,Low,No,49.06313778254878,559.3021067828529
Bread,405,7.405642067216817,Low,No,21.23399767874669,236.17254636654187
Yogurt,367,25.05613056110359,Low,No,9.891018914827121,266.16965123795956
Apples,153,7.2207303663839575,Medium,No,40.02480025858183,113.07492154375686
Bananas,335,30.62005843582513,Medium,Yes,21.472848121192364,504.07676074580564
Pasta,488,22.222813609299706,Low,Yes,32.94211602766295,476.7208860599752
Pasta,833,39.07351038568863,Medium,No,46.596218551878515,577.0599367291834
Sugar,862,18.754182357628256,Low,No,30.897750955011993,523.5157617935859
Pasta,924,31.684221543534445,Medium,Yes,33.69650802610496,930.0250119993798
Potatoes,500,29.19575847897952,Medium,Yes,33.92881540093112,659.0969387979577
Milk,723,5.2120591485008525,Low,No,32.55796335913318,395.3461382986606
Sugar,866,8.257522921893965,Low,No,12.189621986642933,561.9460628228502
Milk,402,18.06656956187092,Medium,No,25.538693663693994,335.47541545390163
Salt,306,44.70057864593443,Low,Yes,5.344880898967631,438.58939617562186
Eggs,328,11.615672970490035,Low,Yes,33.18191618338999,396.4135007822092
Pasta,952,36.99024487072437,Low,Yes,30.89112327618075,853.3400798095466
Rice,677,48.80149547685293,Low,Yes,19.31617486583695,661.4604955274518
Yogurt,174,40.57553987110198,Medium,No,28.575297642659166,120.13008913936098
Rice,534,15.932541275916977,High,No,27.187600185863452,577.0436231975918
Cheese,202,45.87643671858867,Medium,No,16.291184717401304,273.7198592906007
Apples,521,9.189822042877553,Low,Yes,18.197939664166682,591.4799067018631
Potatoes,803,26.06638738418311,Low,Yes,39.31434484829378,640.5802768982193
Salt,863,44.93938584768862,Medium,No,39.0079543631778,615.5573368172372
Butter,837,33.85695691655914,Low,No,26.140196760792907,521.2615642977407
Eggs,905,23.614005412746447,Medium,Yes,37.28790285871908,892.5264368961034
Tomatoes,405,18.176579003172595,High,No,25.286057610392128,434.9927587290403
Tomatoes,197,21.879473239325748,Low,No,43.31183157032594,10
Pasta,949,27.90238014541788,High,Yes,19.9763006993876,1171.228316558216
Bread,897,19.356976844276332,High,No,46.72816249304305,811.743847669446
Salt,434,48.60355379370348,Low,Yes,29.40276427541019,426.1302347043324
Tomatoes,958,46.98849438797653,Low,No,29.105953748588785,583.1479194552159
Bananas,534,44.18021606964443,Medium,No,35.186467294671964,306.6755459874503
Butter,546,23.982342598519402,Medium,No,20.338520486660798,509.7857617562743
Tomatoes,407,36.1085796200853,Low,Yes,37.59483069082105,378.3773617152112
Pasta,348,45.627318816618406,Medium,Yes,19.419129618535397,545.0448509344931
Rice,265,43.26932694555176,High,Yes,22.889247348145354,599.2103581590912
Butter,580,23.644715630909346,High,Yes,35.36165465568756,873.3421051770451
Milk,434,10.057372219501731,Low,No,22.030209558562163,200.0936750772527
Apples,641,8.403366372554725,Medium,Yes,13.998835520962732,827.5447154598295
Pasta,858,30.96788203515662,Low,No,44.235565644897804,466.83058381964463
Eggs,205,33.91825708449193,High,No,46.496992135724874,258.07890997983094
Bananas,662,43.24291720686608,Low,No,33.20289724133518,335.4744639787577
Bananas,180,18.163175915346397,Low,No,41.50178470390341,10
Eggs,232,12.536172074751912,Low,No,49.39935596486389,10
Pasta,896,22.055262493018976,Low,No,32.66486383189216,569.5821694827498
Milk,999,20.910880563452377,High,No,45.89566894625061,893.1480615449169
Apples,237,10.961102930803463,Low,Yes,21.166463737415643,287.03235537615865
Bananas,283,35.25271936309184,Low,No,36.52125961492337,29.615545855147516
Yogurt,500,27.89113733282192,Medium,Yes,7.511245983358085,705.4702391479566
Flour,429,37.45052402516448,Low,No,40.50372000245652,148.4826531044534
Milk,884,20.87110040763806,Medium,Yes,42.34114151283053,897.730259249523
Apples,607,19.656599520996604,Low,No,23.052894641329637,332.8716581043317
Milk,951,26.265913386973505,Medium,Yes,33.75297571447983,1024.926531835649
Bread,168,44.483330542781616,Low,No,43.62624960765614,10
Flour,645,6.812658803029115,Medium,Yes,44.76236740290726,695.537607997948
Cheese,873,41.21747677834124,Low,Yes,9.793918594247042,873.4483241692154
Eggs,152,21.60444256959904,Low,Yes,42.23694859398038,149.37189771525888
Pasta,549,43.4578561604815,Medium,No,17.340950836674512,469.32184269370316
Bananas,304,41.099135397613544,Low,No,37.72881033519845,11.770125738713354
Bread,225,20.694256132823977,Low,Yes,19.632386907164992,358.36485502592484
Salt,846,36.22444408947272,Low,Yes,7.534835178375971,856.2313243734135
Yogurt,142,12.183474054804806,Low,No,14.44418194329984,19.495112124146733
Sugar,851,45.33266984737046,High,No,23.390229912218782,837.3036928107545
Butter,982,23.202097900335925,Low,No,38.355287902746916,624.9579459617418
Rice,210,25.50315269098401,High,No,9.531663229056093,441.5250843201469
Rice,860,36.75915729666432,High,No,41.58203562050719,749.8647921621073
Pasta,762,41.937810651718294,Low,Yes,49.862799138308475,626.1206617493589
Butter,282,15.635423449769432,Medium,Yes,40.47159394306064,418.6679236726623
Tomatoes,947,34.7607562944648,Medium,Yes,26.318143401299665,983.3261468060282
Pasta,194,22.63991197501168,Low,Yes,30.567209488067586,226.76011613205407
Potatoes,473,21.59163158017826,High,No,5.277222873620355,682.415685920321
Rice,619,36.051162077329465,Medium,No,14.417322703492884,617.5731633509442
Tomatoes,999,22.423247337017045,Low,Yes,45.454465915702045,820.3105495155775
Salt,459,20.574882507398343,Low,No,5.977823123083364,310.0273282803935
Tomatoes,999,42.61497836568091,High,No,45.715772880364185,845.5661223851204
Rice,795,9.557425572395287,Medium,Yes,10.096367365767533,957.8661249267972
Flour,380,35.415168027359485,Low,Yes,10.988335848147543,462.84783537788513
Apples,294,16.192642720578107,Medium,No,12.890745988561509,291.1985147629988
Apples,963,5.697420882178564,Low,Yes,40.97233962298383,810.3092790190319
Eggs,294,12.50439209927114,Low,No,26.518395890407074,99.9762555920669
Bananas,766,32.29976883991405,Low,Yes,11.533848360351907,784.5360395578298
Bread,192,36.91072361686719,High,No,35.906081884939624,248.97454073122117
Pasta,771,5.947600260034402,High,Yes,47.33097648465998,949.9860661518536
Flour,160,6.639144948577407,High,No,30.760316341136235,264.0025780722668
Tomatoes,733,45.61439516793289,Medium,No,9.441500257424233,661.4348268099003
Flour,150,8.298761815117393,High,No,7.463777277989291,373.2349245717117
Bananas,502,45.23819713774571,High,Yes,40.81425619440923,771.2082524476191
Yogurt,888,15.267466118790761,Medium,No,33.173764356849574,672.1610064115845
Apples,104,38.300801007119574,Medium,No,46.51958026060706,10
Bananas,565,18.937996202570545,Medium,Yes,29.626256797159456,671.9483870947937
Sugar,703,43.64384115241327,Medium,Yes,7.807793145937402,912.0374586368642
Sugar,781,36.52046894409611,High,No,23.16590824993926,807.0972200319059
Bananas,928,23.081605637076283,High,No,34.60958098661381,890.3390708524751
Bananas,633,8.433610437833579,Medium,Yes,22.319840792176837,779.0559457414221
Sugar,504,37.97150827418632,High,Yes,49.98161285331049,650.887304651599
Potatoes,937,32.75981401843317,Low,No,23.242037615318527,593.4903452163735
Sugar,612,5.1310273025204935,High,No,29.580625690139758,668.0676050921412
Sugar,744,5.42389351876004,Low,Yes,15.142641468065575,829.2273942748923
Tomatoes,332,41.395683793671225,Medium,No,11.846219193598628,360.70466449555283
Yogurt,623,16.672988246083424,Medium,No,34.03874923534629,432.0055768065763
Bread,445,33.626015047762955,High,No,31.487573611205693,505.7687108534752
Eggs,145,25.439648889436135,Medium,Yes,5.195248583282791,448.9901999082217
Flour,645,43.85435065347953,High,Yes,17.815169065898395,944.5227008298309
Flour,177,46.26325008961199,High,No,33.961080785581146,254.2799033332471
Flour,829,49.85634707054843,High,No,41.551220557960235,741.1767893390536
Bread,912,11.915786111326106,High,No,19.056589386792993,930.3224228505086
Tomatoes,172,43.833382091396395,Low,Yes,34.134636617998424,176.97676145282202
Yogurt,893,16.97096195279608,Low,No,16.936606856788078,653.0302326798916
Milk,348,31.586714370297845,Medium,Yes,36.06709525831563,466.4441743763551
Salt,146,27.75977752411449,Low,No,36.40765993981081,10
Yogurt,220,5.809465920757445,Medium,Yes,10.860055948381554,478.0135905740235
Apples,313,46.97470759577426,Medium,No,34.92904027896522,208.73335506561952
Rice,338,8.52471748171483,High,Yes,20.010523175616637,679.3004964841134
Rice,155,35.969851373348114,High,Yes,12.766771921668234,567.1587357452057
Cheese,449,40.32530762937179,High,No,27.51625547481984,486.06570254321247
Yogurt,206,40.78795320714579,High,Yes,25.353350775892455,613.2574331588941
Bread,930,11.097253351798015,High,No,39.82436649778986,878.5702808182216
Yogurt,147,25.140647772858745,High,Yes,8.803197912254834,637.2411494290124
Potatoes,672,42.32429916952909,Low,No,40.53889709743014,314.7419374345908
Cheese,436,18.620564467043963,Medium,Yes,9.773706294918306,696.2629547730266
Bananas,125,26.04869039185986,Medium,Yes,14.335656263557786,453.2917483412218
Rice,903,17.275725171493058,High,No,28.214695324835194,893.7278193762814
Eggs,356,25.859813804839586,Low,Yes,25.8428570010091,393.19606079365735
Butter,107,44.952706516679605,High,No,49.49865386303217,160.23052482698776
Sugar,724,25.480590396474625,Low,No,31.52631709680977,433.2640054026194
Potatoes,966,30.016040768344418,Low,No,19.734601786111128,666.3915666604428
Butter,352,23.17893274863876,Medium,Yes,45.50669908447935,428.7077347958294
Bread,791,25.705273244149648,Medium,Yes,19.049673055212665,908.2217305030716
Bananas,818,5.682838957088976,Low,Yes,17.319903583473053,804.873801948082
Milk,402,17.768547948220522,Medium,No,27.246730783948674,340.1917986790059
Cheese,738,24.6461774783821,Low,No,46.09286530128856,372.68606923235035
Rice,155,33.5208639196728,Low,Yes,36.88314148664774,129.49510524039383
Pasta,825,25.252336874925145,Low,No,35.486744696029874,411.54214775285124
Tomatoes,625,20.201766949470382,Medium,Yes,37.67347692674433,672.9870376937791
Bread,573,22.464443090487073,High,Yes,34.68382748491497,811.5183426289212
Salt,127,15.903199814020994,Medium,No,39.19083618505756,83.57263518738752
Sugar,177,46.60224272483238,High,No,13.674290977811006,341.51487870903316
Potatoes,315,28.478445160591157,Medium,No,12.976622904272066,330.5208633675009
Pasta,485,5.60342542424554,Medium,No,21.29735047061317,441.2486702944416
Potatoes,464,5.875081628879598,High,Yes,43.293190045812466,671.0893831513674
Tomatoes,765,48.78327357284187,Low,No,37.150439697351935,445.6528296831675
Milk,625,14.965290111796026,High,No,30.491300427924614,620.1166762250813
Flour,798,41.25237299664416,Low,No,5.875134686515392,635.1918837480895
Cheese,411,7.622388570225851,Low,Yes,15.611102777113995,493.14801178540563
Salt,982,46.45232315125471,Medium,No,41.15812741474545,696.4581024222523
Milk,106,44.34876516500053,Medium,No,15.91190118878984,99.74243596386152
Sugar,102,30.699192309553162,Medium,Yes,37.86305887359263,282.85366821321776
Apples,722,5.40493957774651,Medium,Yes,13.30854192184478,975.986292422981
Potatoes,849,16.60148933105019,Medium,Yes,32.28654011897114,921.8742034516793
Pasta,462,23.30701913293092,High,No,33.26951150152257,499.71203908438883
Tomatoes,850,25.70288525364028,High,Yes,38.83848015589167,1002.9580478200467
Milk,607,18.395544135306743,High,Yes,24.725408040303797,920.5347001891811
Flour,373,6.482654071048849,High,No,33.47036145884626,432.53539988393277
Apples,605,31.555733266694396,Medium,No,26.913640492412824,481.7688966623445
Eggs,905,28.586960046264018,High,Yes,47.63021204292408,1036.399303292103
Sugar,838,17.735028594308496,High,No,28.484632715832834,764.633942759085
Milk,982,6.708918540632293,Low,No,14.431904740768452,707.0702822539862
Cheese,114,49.756738424987304,Medium,Yes,35.05516471123863,255.1349718777521
Rice,291,26.689378407188265,High,No,29.681029769378608,371.9171168991112
Rice,730,39.02019087983347,High,No,41.1723273749066,636.9022864165496
Eggs,584,25.3541315773101,High,Yes,12.961021891695962,920.0426292360291
Flour,127,6.942663088832365,Medium,Yes,16.74228212032572,374.4140193703842
Salt,813,18.932033528847505,High,No,46.47330983289749,742.0373832084935
Apples,138,19.404956345265553,Low,Yes,46.851175096083324,96.10925139891424
Cheese,372,42.72588068220572,Medium,Yes,24.901554491370096,533.002128493034
Bananas,330,34.44034900999435,Low,No,7.148803195329345,256.95426165352865
Apples,185,17.394345663776278,Medium,No,18.794978088168186,212.36665971026846
Eggs,573,48.54829795965887,High,No,16.120519448957516,592.4840766350235
Pasta,225,19.46938245790421,Medium,Yes,23.66045833977148,493.52382222384495
Bread,911,49.92053116229241,Medium,Yes,19.30102784953644,1056.7713144221507
Apples,636,49.82736619266184,Medium,No,42.30465547336044,468.9943221845573
Cheese,244,13.60447329860338,Low,No,5.136620860645432,182.76033633780506
Bananas,624,19.073350228478006,Medium,No,34.008433408017424,436.56986504774363
Butter,311,26.87198893180944,High,No,34.89216013202195,359.42643965353983
Bananas,124,34.884530201655096,Medium,Yes,34.72819588800693,264.66339638764657
Tomatoes,679,28.762135205170967,Medium,Yes,28.426760623155637,760.7046476165742
Tomatoes,493,48.62486611095156,High,Yes,32.49968328994113,724.2625487759368
Butter,166,37.57951239060612,High,Yes,41.47224401916906,437.83811005316613
Rice,332,14.542018222233848,Low,Yes,40.28885504097716,311.80333239034115
Milk,208,9.729389759613724,High,Yes,6.5581419730284685,665.3972367800853
Rice,245,35.97805808192105,High,No,6.369644108178899,431.52689775944566
Salt,210,12.130359808134335,High,Yes,42.75251657467211,489.4454038808682
Yogurt,327,40.44545781510894,Medium,Yes,30.862835938875328,532.0472717846253
Flour,210,18.996650026715166,Low,Yes,48.08423008711365,232.99318962159828
Bread,569,19.710196837502295,High,Yes,24.42162186124141,859.7159068804662
Bread,133,5.4859276575280385,High,No,12.953381962808471,348.9723524321023
Milk,722,36.545507019276826,High,No,26.29557105745141,702.6110523264052
Rice,875,10.09713888791086,Medium,Yes,24.64449385826854,994.7585004103972
Yogurt,468,39.77962598585832,Medium,No,28.272982164733236,348.8517743255724
Bananas,847,27.134051986274304,Low,No,41.35762552446275,435.9117004918553
Salt,694,40.29259167295561,Low,No,34.50127945715492,422.5949248522186
Yogurt,653,31.276694263898356,Medium,No,13.337389732971866,549.3926269134433
Cheese,524,8.709497240854585,High,Yes,38.05147653597776,701.0030480590448
Sugar,712,39.45435515173324,High,Yes,31.63532959752942,963.7410818209562
Bananas,617,8.140976820263738,Low,Yes,31.02398287419566,573.3807448902957
Eggs,791,26.541577425619952,High,Yes,35.52155970960358,972.5415153615545
Bananas,381,12.755714636523347,Medium,Yes,30.378445639543926,628.479684497238
Apples,419,38.85508300900482,Low,No,25.5881181352142,209.73866499690752
Butter,837,46.021605251275695,Medium,Yes,33.81711272663432,875.7482108160261
Apples,542,29.93567735112234,Medium,Yes,37.567718129775876,609.5556214837285
Salt,414,28.721628243463122,High,No,15.159512427403577,554.4152592062012
Cheese,976,39.37834383465281,Medium,No,27.367245240715064,722.2890230032679
Milk,840,5.2285465839077245,Medium,Yes,25.61776084693056,925.8138793042393
Sugar,476,46.29913891858223,High,No,6.795647177507973,622.5592255592351
Flour,388,13.885196769100927,Medium,Yes,42.549739539080264,497.1134588709562
Bread,536,49.28534977218067,High,No,21.982191077229096,589.9734296239409
Bread,761,38.1314276582208,Medium,Yes,8.271015494054396,927.5828713887507
Milk,376,39.8413016465302,High,Yes,25.60545936844166,730.4719167043727
Tomatoes,809,34.5291341168123,High,Yes,12.266636274121879,1069.052644645011
Salt,681,26.22484322533221,Low,Yes,36.69864865855992,589.8566189340816
Bananas,602,30.723246201252447,Medium,No,30.72972088254432,447.05185561702257
Butter,723,7.088129870680655,Medium,Yes,17.155121314007083,919.4356214959042
Milk,615,33.07817792444064,Low,Yes,47.77132366179383,472.8377998989296
Eggs,449,33.174414589417104,High,Yes,18.128540671501135,815.0999960511051
Salt,942,45.10403588308142,High,Yes,29.97486081396143,1141.1650818734345
Potatoes,545,27.754536084359874,Low,No,41.07055209309721,161.7164212291204
Pasta,929,8.471496833872745,Low,No,28.12515340795196,596.369062996015
Rice,449,18.778816421693655,High,Yes,48.23850540988783,606.3359900864715
Tomatoes,706,34.50332354514428,High,Yes,42.97345551407815,893.219617210664
Flour,763,15.766648823815876,Low,No,46.44585563004031,348.37775141857543
Sugar,922,17.623751983493044,Medium,Yes,21.771616268949753,1055.5301299689866
Tomatoes,236,41.9211057362384,High,Yes,29.675993783506637,564.0364352180088
Flour,858,31.294387929321907,Low,No,42.80748329720303,433.613700483197
Cheese,998,27.88373442981076,Medium,No,45.65750154362356,742.1663910528243
Milk,342,19.330338506261196,Medium,No,47.49636100858346,150.29632076270153
Apples,642,37.8917616169865,Medium,Yes,44.56183969758901,698.6857725439909
Flour,139,17.947329552051322,Medium,Yes,37.88397068338554,326.8323420275906
Tomatoes,328,38.167858293987884,Low,Yes,6.08966624893685,451.90479093033366
Tomatoes,647,8.154566612034891,High,Yes,19.17290522639584,927.5788563965941
Rice,322,43.90436037119376,Medium,No,10.80213282020437,368.8870319679016
Bread,105,27.480490851916976,Medium,No,11.964137060306673,175.45299099328892
Bananas,421,24.73286075145365,Low,No,18.090823432230138,210.8210118403174
Butter,567,32.49605351938661,Medium,No,8.363320573484867,552.8735409107202
Tomatoes,831,33.08864328033217,Low,Yes,15.9364315545897,848.75837754886
Yogurt,174,10.9415829600498,Low,Yes,48.06404764426134,146.76953412457505
Rice,103,39.030511541729595,High,No,19.03746103646881,274.84940402638404
Bananas,946,17.41677340775283,Medium,Yes,12.187088146581061,1118.1162848773392
Milk,745,45.72328460764613,High,No,37.32350811889135,732.6387003308155
Tomatoes,217,41.80327985366746,Low,No,42.28273175235124,10
Potatoes,980,20.581971869063683,Medium,Yes,19.131703231841758,1037.9272119464072
Tomatoes,705,41.34826819403215,Low,Yes,17.532378976026692,666.5866816155691
Potatoes,603,21.03757246849569,Low,Yes,15.879179655726508,621.7555311019229
Bananas,673,9.542645673621827,Low,Yes,22.6967557579868,642.0981525806856
Salt,540,48.28497074265686,Medium,Yes,8.925429102750131,712.7563022319005
Butter,293,34.3670906846948,Low,Yes,35.11081519502929,347.0971287764527
Sugar,946,25.524478699816626,Low,Yes,42.00018463654065,799.8798153356785
Pasta,814,22.899800818896786,Medium,Yes,34.86570258826481,849.7076587441777
Apples,491,19.61174004162188,High,No,23.95398604518718,562.2486944814938
Flour,125,49.16514179431082,Low,No,18.00330113049077,10
Cheese,534,11.063626930890834,High,Yes,23.425077403020815,889.2624564567129
Milk,272,19.166227651425572,High,Yes,24.072686819926197,579.1651403283449
Cheese,399,26.847393812719858,High,No,34.97093728126282,446.2224501366539
Salt,744,26.509979527444013,High,No,46.76271600427542,592.9787655724518
Rice,425,26.211491798352956,High,No,8.176392025157249,573.5920511214595
Yogurt,509,12.910271712367182,High,No,47.90091167976299,498.5209719131282
Tomatoes,217,11.521963719927525,Medium,Yes,45.95905776029155,289.0251665893254
Sugar,935,16.464541384787903,Medium,No,10.297953515429999,833.8166947238968
Flour,886,46.15367692109252,High,No,13.261326398840025,938.2496498170693
Potatoes,823,10.087383552552957,Medium,No,19.02180206511153,722.1723829084976
Yogurt,324,39.084129651799614,Medium,No,30.184971843433637,240.8386559502829
Sugar,631,39.08967769100171,High,Yes,11.051428823537599,994.8709224069571
Milk,212,41.4396681753768,High,No,14.015072897234916,360.4800827580084
Bananas,239,44.897697004521,Low,Yes,45.62038822728556,248.63308602130166
Pasta,658,16.836627989251863,Medium,Yes,9.91852838469166,820.0705084951607
Sugar,100,15.105176117100337,High,Yes,22.949521931270276,542.5619246149618
Apples,189,25.947754993736588,Medium,Yes,39.335079994641895,347.23555863342773
Sugar,753,16.929012593841627,Medium,Yes,44.986240260083214,787.5175693435936
Flour,419,38.04394950423984,Medium,No,20.121915316850952,389.4048291911375
Tomatoes,649,33.617280953364514,Low,Yes,12.399687741090478,707.0617789217627
Flour,904,44.374445962369315,High,No,38.16552465930027,785.854500905545
Cheese,993,8.72322365691822,Medium,No,39.765099140292946,732.6248017854127
Yogurt,238,46.178750001113364,High,Yes,49.10150498272449,428.255410074056
Salt,610,18.20068820015403,Medium,Yes,11.279383314953192,813.5478675448143
Sugar,967,27.08124556671428,High,No,36.9239397201208,885.1152484602923
Cheese,944,24.737514617283967,High,Yes,23.778164198059486,1192.1542699617617
Flour,358,39.214024299699076,High,Yes,46.158324690535444,597.7443947473012
Pasta,772,23.914998924432915,Medium,Yes,23.35238979500236,836.2278593198678
Bananas,789,47.459891554223425,Low,No,25.068216900319975,465.26375174866655
Potatoes,109,45.6140247187359,High,No,10.705846918403036,290.99626836759103
Bananas,360,44.24725183862779,Low,Yes,19.442155329089594,379.3605594379374
Bananas,749,8.206624969170255,High,Yes,23.03782116765279,1004.8295796440382
Apples,271,43.441612769927275,Low,Yes,5.787893947003292,416.1780992911052
Bananas,997,40.17359504494447,High,No,24.690851079927306,996.4726027012441
Rice,112,9.658082615275895,Low,Yes,20.13433480702878,205.50735478094828
Milk,267,9.833644644629985,High,Yes,41.172788111022136,518.9533040724034
Pasta,741,9.552371518289352,High,Yes,9.820067605060682,1070.939302906215
Tomatoes,695,5.509966694201939,Low,Yes,39.209500711530104,617.3215047078318
Bananas,420,29.68854373375626,High,No,37.13051944745303,472.21436760661305
Bananas,418,48.80274311462195,Medium,Yes,15.880204750239766,628.0023374607912
Eggs,712,24.74081163049071,High,Yes,8.74722507538087,1020.1171064292901
Flour,428,29.334087584931037,High,No,42.88250505900632,376.32794606410135
Yogurt,884,48.558640854648,Medium,Yes,16.224351923521105,1007.4473616148687
Sugar,876,16.48320029484038,Medium,Yes,11.550205386819421,1064.6650047587646
Apples,649,43.63116136692183,Medium,No,21.156647086093646,596.0734416313094
Potatoes,518,29.587571024528124,Low,Yes,23.03972706465734,498.93555411736725
Butter,705,30.626443159835482,Medium,No,19.673959090103963,604.510214408092
Salt,194,20.44282357432776,Low,Yes,48.941650062812805,119.37498678141614
Flour,916,30.271296243510864,Medium,Yes,44.636930118335755,867.5209010190271
Milk,680,8.291412926522778,Low,Yes,44.28389734065899,538.9354548651984
Cheese,417,39.40896076763505,Medium,No,22.94454157343465,339.1449768057732
Milk,335,17.810949269492227,Medium,Yes,48.329133788232205,390.9804838449188
Milk,433,44.94237482722797,High,No,35.78068833312639,519.3907526287583
Salt,984,21.55328125733563,Medium,No,42.43976009172845,700.4342854141198
Sugar,475,11.427084971909718,High,No,27.539380627446292,566.2228977025986
Rice,558,36.31467084658182,Medium,No,12.227778193970856,497.31794336781087
Salt,236,12.406016512107628,Medium,No,44.909847724310445,175.0449690184408
Rice,687,38.91562319943457,High,No,26.88920327174785,705.8681214841083
Bananas,646,48.565050638275245,High,Yes,48.58497090883386,824.7005720225338
Eggs,612,40.07987909578678,Low,Yes,16.468745513113603,619.4840075983606
Bread,395,6.0102161794096105,High,Yes,49.6570546144051,644.002836991341
Flour,419,31.994860462374863,Low,Yes,15.009110688746707,504.2036870996166
Cheese,671,36.29348019363759,Medium,No,21.567504111056124,549.4464129716445
Pasta,931,42.14562466083284,High,Yes,31.73074353162167,1082.6767269185864
Bananas,448,7.520103902255007,High,Yes,36.19953766330228,716.515954403274
Potatoes,939,26.604852257852887,Medium,No,37.41269760528832,691.139781485958
Salt,878,29.091689268727745,Medium,Yes,26.431358401749765,981.7682116544801
Eggs,972,12.610618818988012,Medium,No,8.457213058884586,872.0411593281532
Rice,328,19.510241436979236,Medium,Yes,27.322166827224557,458.38773404685304
Apples,369,24.80997768152743,High,Yes,20.060957864137833,751.8756232936425
Butter,927,42.494435958101064,Medium,No,34.59450240584255,736.1752674498854
Rice,897,46.82334047315931,Medium,Yes,13.20240128745702,978.1942987752822
Salt,390,33.27902730129528,High,Yes,22.726054613810877,785.8721316821797
Sugar,824,22.772533370965796,Low,Yes,48.47536193002399,697.3364777589976
Rice,264,16.43139580095437,High,Yes,8.999032965363607,689.0627173187157
Butter,104,49.19608329962677,Low,No,32.10503710735222,10
Yogurt,950,49.23589991343613,Medium,Yes,9.079170307184109,1121.5755222151176
Tomatoes,478,46.62396267057656,High,No,12.06480451729819,557.6745206920788
Yogurt,177,40.35511174450186,Medium,No,32.222047487587574,90.26198934328896
Potatoes,509,19.660079468552823,High,Yes,24.97979851600039,783.0170754405331
Pasta,673,41.76502175739338,Low,No,29.68245486275767,369.2824490919421
Cheese,231,23.395685777202765,High,Yes,44.59424767677917,544.0864730286665
Sugar,700,19.704789416977032,Medium,No,41.77581091299376,502.5160557570825
Milk,848,38.51894113098258,High,No,44.959165224283076,764.8869382747781
Eggs,141,8.58442674291903,Medium,No,32.731471437719556,84.29635517390219
Butter,188,7.185322548304776,High,No,27.03394263713064,314.55671042104984
Yogurt,501,25.157916373153352,Low,Yes,25.663891180100986,473.10845297343246
Apples,395,25.053746036997286,High,Yes,38.291385030009984,659.1096239753018
Eggs,939,45.303986887872576,High,Yes,28.458494524623333,1113.8764306432506
Milk,394,10.676889332951756,High,Yes,9.759595831799846,806.2554672232368
Apples,715,10.547776735358575,High,No,11.387256082621759,802.9194690406729
Eggs,625,11.635367021370552,Low,Yes,21.068724547125615,629.4054974132662
Apples,899,6.338131758257117,Medium,Yes,8.052051738703492,1138.9973854252592
Milk,790,8.227928201670878,High,Yes,15.76540487569686,1152.0853511020382
Pasta,736,34.69414400730676,High,No,34.538038394609586,741.247007469551
Sugar,521,24.421294810287915,High,No,5.559364053376095,730.6443013528934
Bananas,964,39.362138018960614,Low,No,32.18417895116741,633.1771157130187
Rice,122,49.66689733617471,Medium,No,39.75606154408236,23.314923588195676
Sugar,674,34.65656064945506,Medium,No,12.656918818899381,604.8398374295999
Cheese,242,7.270500677905568,High,Yes,13.143585344108388,681.3088304561227
Sugar,764,9.705328913945369,High,No,6.29853649310663,868.5341055160319
Salt,244,44.64518381666185,Medium,Yes,28.060251747505767,401.37478791116666
Bananas,324,28.73731750512177,High,No,34.456440059272275,381.44729861748823
Tomatoes,602,42.1176721728083,High,No,25.56093119380785,585.7528754379567
Flour,920,43.54755513012167,High,No,22.52519643317953,905.7294894827322
Eggs,715,46.74535436747836,Low,No,25.448576778215024,391.5412523729014
Bread,203,47.74231424688646,Low,No,40.168769842609485,10
Bananas,138,29.96716084264878,Medium,No,6.5081438305411545,218.6118037021439
Sugar,297,20.345907751521523,Low,Yes,40.27183523746738,265.48226579481786
Pasta,745,48.28391934565994,Low,No,34.9853952050056,347.7157384160223
Bananas,678,29.633288270055136,Medium,No,15.864194937083894,562.6218161760673
Rice,490,7.891372532957497,Low,Yes,28.6132876808082,508.73518397988175
Apples,278,33.924944752693925,Medium,No,7.218080179360004,302.62386091144646
Bananas,653,31.445813767775483,High,No,22.081490165268555,713.0951348733014
Bananas,547,45.310679280261766,Medium,Yes,12.83191155847107,751.0761413164608
Pasta,599,34.39342351210156,Medium,Yes,6.00351737092943,826.050744655988
Apples,114,20.707359100769814,Medium,No,21.069027399468464,135.9304910959186
Apples,722,48.48015765676192,High,No,37.6750587827496,644.7377151010268
Pasta,768,41.07287686919151,High,No,46.44598403112819,673.6454889519559
Potatoes,388,33.368792827160945,High,No,34.80185808907924,407.12110066661256
Salt,577,18.18163415314053,Medium,No,23.08865576586757,563.154470865275
Bread,330,21.809313334143297,Medium,No,49.977325058084496,119.19064952842334
Apples,519,35.14864658434955,Medium,Yes,17.732457864509463,698.2459284833567
Bread,256,8.239136830849478,Medium,Yes,13.420914471868125,524.0686493166579
Apples,649,16.550626624261856,Medium,Yes,25.86570211516631,741.0402092802113
Pasta,540,37.12554200284691,Medium,Yes,27.721013694881346,696.6065381971256
Bread,196,26.60083294300794,Medium,No,20.967052101949683,175.80260058633013
Rice,510,23.107710416649354,Low,Yes,36.297458557039405,393.56550535622426
Tomatoes,388,11.815593008018652,High,No,13.27389853676977,558.9765679585018
Milk,353,24.883206551497967,Low,No,27.965289188786272,111.04688733973398
Bananas,295,39.681138684210524,High,Yes,27.505713132535472,625.4838223076245
Rice,697,16.880578073235185,Medium,No,42.070389020673765,509.1124432556893
Bread,933,5.242934398265484,Low,Yes,46.713568944236215,749.2694905290227
Pasta,621,35.082720551794225,Medium,Yes,34.84696431697968,693.836918957007
Eggs,616,48.768197199464865,Low,Yes,18.74172156505885,698.6483531046382
Apples,734,32.30719536148623,Low,Yes,36.032495894073094,576.2715504048438
Rice,941,10.396483651720857,Medium,Yes,16.311700815822544,1027.4642894961435
Pasta,964,19.43298915551029,Low,No,48.49449757157919,486.24918951658566
Apples,217,44.04387266241005,Low,Yes,42.00629535872208,245.2172691024549
Milk,905,15.465563341557285,High,No,24.403561495971708,874.9110116681013
Bread,258,32.34631565739237,Medium,No,40.29545827137183,145.95581705981476
Yogurt,914,23.120204371429903,Medium,No,23.389504041285864,738.470031520186
Bread,327,14.352967463884205,Low,No,8.357457145088654,230.73224081254128
Rice,976,41.603310210410584,Medium,Yes,36.804599285027244,975.5939420383137
Apples,315,38.42740744095606,High,No,23.207622486279824,424.34115973410997
Bananas,795,34.771597968166944,High,Yes,46.86439175527378,972.909633378643
Eggs,114,15.635146562093803,Medium,No,18.7952546448179,152.61424290033253
Rice,256,9.403565122240252,Medium,Yes,42.9499769654567,363.29631128790845
Flour,747,30.927169842168478,High,Yes,35.61970303430439,963.3999113800512
Flour,360,29.9155025092745,Medium,Yes,43.399607725755104,528.6037925670238
Apples,256,13.477325420069285,Low,Yes,18.134684469209997,374.3370290140281
Tomatoes,146,7.531101244182762,Medium,Yes,25.760543149338986,388.7890232805838
Pasta,423,8.631880438729368,Low,No,42.040805505594356,82.76344366984254
Bananas,943,49.67469439307302,High,No,33.97184686330401,881.4359744068921
Tomatoes,784,40.261275263429766,Medium,No,21.196485477290057,677.2537413872865
Pasta,229,46.48943641843277,High,No,28.039803156918502,329.1379604098101
Sugar,510,13.77746250063635,Medium,Yes,49.8244142463474,555.4120210907588
Tomatoes,194,48.22558413455458,Low,No,38.383159793624685,24.147599399817338
Milk,726,11.419445816292294,Medium,No,32.65351937510131,587.4855126900796
Sugar,854,27.9086822854912,High,No,42.256012119508206,795.1664461150023
Flour,391,42.33630579876788,Low,No,24.891365244747657,169.18148550953242
Bananas,893,20.741150953021073,Medium,No,47.752880209100844,611.3171909368436
Tomatoes,910,24.117283992960523,High,Yes,29.840955291306148,1135.6995538780534
Butter,382,10.768329963459404,High,Yes,19.709246733182983,747.6933154862676
Milk,168,10.531484599953775,Medium,No,8.870898990723452,233.26674320606293
Bananas,759,32.88057011503968,High,Yes,21.906284866125056,1045.1244610680858
Sugar,110,35.39895658790255,Low,No,30.588726966645666,10
Sugar,353,39.979963133698696,Medium,Yes,36.64616624299599,485.7914636699593
Flour,941,30.05069237067891,Low,Yes,44.3802511809983,768.2759223054506
Flour,971,34.05916815175877,High,No,47.47823758957167,851.3899970998833
Sugar,649,5.608277226487402,High,Yes,9.610423078150749,1000.0043158514402
Bananas,233,12.297682721173462,High,No,32.04072436990167,260.0495796315811
Bread,811,49.321164470760706,Low,No,34.99653421233617,439.8376990986585
Flour,122,8.41970778421243,High,Yes,12.742871764701146,591.5943679661304
Flour,914,35.545470001711024,Medium,Yes,29.552030611853677,994.5903356546831
Pasta,445,12.92371848642723,Medium,Yes,20.06751360111238,628.41528266807
Cheese,401,37.25233635954389,High,Yes,8.483779939366102,826.0179279126843
Yogurt,462,36.76956813328971,Medium,No,7.963969602521399,495.44999888928913
Eggs,495,15.53895769046406,Low,No,39.164584119946255,214.9451204482014
Pasta,317,17.13354796486419,Low,No,32.695495334240974,57.83669624299061
Salt,240,34.46468211209397,High,No,37.180475520366585,268.36849009699904
Salt,715,22.553871745109614,Medium,No,35.8375169541377,544.5855828469961
Flour,309,13.754658636496007,Medium,No,11.044053490063401,383.862612595188
Eggs,722,37.92558194543668,High,Yes,11.82043654356774,1049.9599810909156
Bread,715,11.936638595135037,Low,No,16.361767589320245,479.26301117594403
Cheese,927,43.503964886522596,High,No,22.959526413411037,863.961861536296
Butter,782,28.160128582332238,Medium,Yes,47.26293012219344,764.2766787031408
Cheese,559,9.756527174568532,Medium,Yes,35.3251562622325,644.2388104840197
Yogurt,455,36.2332550088943,High,No,16.482737050251558,564.2856684697823
Cheese,423,28.36233678085432,Low,No,7.519284582230297,241.23768891036636
Flour,232,18.41259073076643,Low,Yes,35.79007688628679,237.58560657137159
Eggs,987,24.014272110073467,High,No,33.139331186722345,881.6281776385159
Bread,904,18.425198461437446,Medium,Yes,35.40935382629616,965.147510812966
Milk,939,16.836162608425283,Low,Yes,16.75308443263609,883.2413257963125
Bananas,226,12.362378937967048,High,Yes,28.26334477514135,566.1316095258175
Bananas,205,21.324520991186414,Medium,No,21.276626062617005,205.41840496996002
Butter,703,16.294424284223183,Low,No,41.79645225255853,331.65905926997794
Salt,898,35.75455191742627,Low,Yes,8.122849795340056,980.6920537391765
Apples,477,35.774453352348786,High,Yes,17.394880524873614,854.6538254178402
Potatoes,150,27.58281091500373,Medium,No,32.13291848766661,96.06019945359164
Bananas,128,40.007503736164445,Low,No,14.235069968330968,22.263939853673087
Eggs,561,42.86028735527217,High,No,35.272104618779345,480.3466375993996
Yogurt,395,31.08949058454229,Low,Yes,11.154762644006885,531.6331966990093
Eggs,396,32.85208232435452,Medium,Yes,6.026553134361641,685.5980932590296
Cheese,825,17.729865940386432,Low,Yes,43.857253978030414,679.654062451832
Cheese,878,45.26911403174839,Medium,No,20.004998063327612,746.7159431501204
Butter,506,6.089271999013842,Low,Yes,12.058204237746455,612.099820127045
Salt,868,20.687111124928055,Low,Yes,12.771906158560991,857.7057381246435
Eggs,913,37.48101896974352,High,Yes,44.86529273155542,1048.7378880922035
Salt,712,8.604027935202256,Low,No,34.44941327660655,424.5126558939671
Sugar,504,13.242628734273168,Medium,Yes,48.03558199655405,570.0477079461597
Potatoes,445,31.517857753828302,High,Yes,41.00181455200578,677.6538187459369
Flour,721,30.199715215860106,Medium,No,39.539420826267616,522.902561110468
Bananas,519,38.25177332589298,Medium,Yes,27.4919296808787,700.0816368413391
Pasta,281,41.56756875896773,High,No,41.93622044177655,317.85439164209697
Tomatoes,924,10.786081033025111,Medium,No,23.569364229883327,731.0681237059096
Sugar,100,5.827144539885892,Low,Yes,42.21502236645595,133.61183032414996
Butter,930,36.03373338465077,High,No,39.09835812592053,844.1160798338276
Potatoes,666,18.562630809486166,Low,Yes,35.5297381518223,630.7933995474926
Milk,470,33.16927612630791,Low,No,19.837228368355547,261.21380548296236
Sugar,760,11.774506462800112,Medium,Yes,33.382023678885204,824.1224196322133
Tomatoes,530,26.10680209996833,Medium,No,27.805443114878564,380.8744389419148
Pasta,408,27.69911357285466,Low,No,25.769429011665938,162.86546594550438
Bread,236,31.328501736794724,High,No,49.5610850022564,261.5686912128895
Potatoes,301,28.092650734875395,Low,Yes,27.697902342371155,344.20285752168195
Apples,535,27.306084660292125,Low,Yes,6.439379243165017,629.1564270512196
Sugar,412,19.973036929273498,Medium,Yes,33.191054108685236,592.5269244697137
Potatoes,216,8.20311063431388,Medium,No,37.760488026243706,162.58407857200407
Pasta,765,9.028408855857904,Low,No,44.83327411925348,361.2470583669634
Potatoes,902,24.520022348321916,Low,Yes,33.47081270252721,828.0158153219932
Bread,674,21.010690751944686,Medium,Yes,5.875570273932898,849.5593723339891
Potatoes,343,28.2260662103524,Low,No,10.38849511150364,222.1308395943183
Sugar,636,18.717717616532013,Medium,No,12.255802212110616,598.401382052997
Sugar,701,35.9559541154896,Low,No,14.506760886207966,504.78167589036906
Sugar,174,43.87796699042798,High,Yes,40.98996037197514,473.74156493227554
Pasta,905,18.448843495409044,High,No,18.93920225041272,912.7427610361416
Bananas,485,13.684280357256286,Low,Yes,19.056304524688727,530.9094549664259
Eggs,309,10.22812584143401,Medium,No,39.00143484399777,277.87623246159274
Bananas,574,32.731431825686556,Low,Yes,23.559645853461024,577.5152682592995
Cheese,517,24.973519601325624,Low,No,7.908778937921135,379.4816162681581
Pasta,446,13.460707273833004,Medium,No,31.330690059228576,282.781343267975
Milk,628,34.39115299813349,Low,Yes,10.853045892709254,656.1184870927466
Tomatoes,739,11.681743235237798,Medium,No,30.72489259861306,597.2977067282496
Butter,975,29.943531763157864,Low,No,40.083714842985515,516.1739841978518
Butter,862,28.72167717313691,Medium,No,46.82703367972729,607.5859580248127
Rice,278,38.04025105337375,Low,Yes,8.01736731271574,391.53927727720236
Apples,281,7.479933797330004,High,No,18.678496269312078,396.6520124561103
Potatoes,763,44.954281933309865,Medium,Yes,34.3608792353585,794.2533752477057
Eggs,124,36.634627676606875,High,No,19.195385128015513,330.7319262659498
Bread,279,14.7256699256943,Medium,No,25.296152503686738,249.35894016342755
Butter,809,13.253240687438286,Medium,Yes,5.9040888144933215,983.7398442512865
Yogurt,600,24.424709636470254,Medium,Yes,36.207410277282804,710.0107893645941
Apples,955,41.79043982950686,Medium,Yes,44.74760591804058,944.2589008177999
Milk,260,42.93274969125982,Low,Yes,48.95868415158297,180.300961372376
Cheese,276,28.420524146272236,Low,Yes,42.37400070300934,273.49494316467695
Eggs,384,43.73648882090318,Medium,Yes,6.429931809074519,683.384585612123
Potatoes,162,5.244966913626076,Low,No,34.33342856795643,10
Apples,761,6.582858418921847,Medium,No,27.304666084124143,598.7726793727467
Salt,765,46.03197171365343,Medium,No,47.20529719462619,467.5859713867677
Apples,255,39.88993684486622,High,No,45.59624891122933,205.28776729539135
Flour,981,25.281772621267354,Medium,Yes,49.462077847199325,905.1832852789432
Pasta,568,38.91245591650942,Medium,No,43.78704009177572,354.97424283177764
Bananas,148,48.003775777553976,Low,No,29.61014602357178,10
Butter,948,39.744028574657825,Medium,No,37.170523193454756,701.2592641228512
Milk,183,42.90671002182449,Medium,Yes,48.4104756364943,334.88392328291917
Tomatoes,460,39.22729616255278,High,Yes,31.015252749496664,733.1227729742931
Bread,788,12.569499159509371,Low,No,42.79906341555185,408.65670984479596
Butter,247,42.51083493405815,Low,Yes,47.399444425492696,134.81960523702023
Pasta,729,13.779896901089451,High,No,30.674196106195726,789.778214954618
Flour,441,45.167509761986615,Medium,Yes,12.161941073607961,629.9293177301137
Bread,575,25.639245413648418,High,No,12.000352691309647,665.9729727019468
Bread,162,35.46395385399629,Low,Yes,10.189272837558192,331.79332029131587
Rice,800,27.37583815462896,High,No,26.43454311237231,801.5251385073692
Rice,459,9.229591823747091,Low,No,26.606371022273944,278.8489370857289
Bread,660,18.08250384292993,High,Yes,32.781703476704166,926.6506403668393
Eggs,426,49.26793342986527,Medium,Yes,26.729276635433596,580.0811285707637
Salt,868,48.23216382514178,Medium,Yes,48.78747569678112,857.6690556688545
Tomatoes,835,19.421910394499626,Low,Yes,18.108986926952884,852.5833485440369
Bread,240,49.833356191035165,High,No,44.32174814950943,225.66981831547113
Bananas,314,43.04980379736048,Low,No,9.514869242773761,210.99163347237817
Bread,534,32.49317747445146,Medium,No,32.08629551165288,393.85409882355765
Potatoes,990,6.805607911745427,Low,No,34.17463478117901,614.619684910667
Sugar,822,45.565107329227075,Medium,No,39.75035569594029,590.3536663465522
Salt,417,30.084317566894388,Low,No,27.63599958253403,168.9544171336601
Rice,131,44.08142680412463,High,No,13.875182916138614,300.3456375824643
Yogurt,769,42.549310395758404,Medium,No,21.6048925653548,665.4425074228077
Salt,384,42.48527968404888,Low,Yes,17.247268242303317,403.85285178595655
Bananas,404,36.41782373217073,Medium,No,23.8597482035841,303.84353875221854
Bread,528,18.11368124042219,High,Yes,28.84857384707151,839.342309637746
Milk,576,20.127211598503393,Medium,Yes,33.12816311197622,682.9085948660925
Apples,385,18.881114566220887,High,Yes,43.03048752125431,663.1523846713017
Pasta,243,5.902069978965411,Medium,Yes,45.950464447716,372.434611115641
Bananas,523,31.215600914666503,High,No,25.816157820561553,533.7002706685495
Bread,118,36.447515170071476,Medium,Yes,8.990214681031427,433.1102015881347
Potatoes,117,43.42396970863416,High,No,40.86793353207742,183.58478151797232
Butter,868,11.307444502222866,Low,No,26.47209763131755,563.4069793483005
Eggs,689,29.488241703956078,Low,Yes,29.59009706170675,624.4571686306647
Milk,470,5.360366330320229,Medium,No,31.810736298782228,356.0479257373227
Apples,274,9.279214146982827,High,No,35.05404914338956,322.48759253673813
Potatoes,293,7.439528489269688,Low,Yes,45.054538701462846,215.65162980001554
Potatoes,601,37.64651153069691,Medium,Yes,47.8465787844586,578.8616633669265
Apples,212,8.647680374492142,Low,No,47.307619357622904,10
Cheese,213,37.24038417014555,High,No,41.425864352736546,218.5067351853774
Milk,321,16.23311169847625,Medium,No,45.01590141127113,190.87188991796802
Bananas,777,44.497083231362275,High,No,7.234464602676108,845.3271107473925
Salt,930,41.59174947637164,High,Yes,43.21006999045959,1017.7593177080678
Rice,743,48.102359786387446,High,Yes,8.251935658431105,1066.8508327579143
Butter,996,44.76929069561144,Low,Yes,38.5787258413838,894.3529746178168
Eggs,363,46.99982386023563,Medium,Yes,12.621362971714916,600.9249498358167
Eggs,154,43.64340784309885,High,No,21.204970061537495,314.72944582073006
Apples,970,36.20218552766849,Low,Yes,13.288265561941751,946.5216937241793
Bananas,742,12.661661845644618,High,No,24.955773648677486,720.3343597487965
Tomatoes,899,17.226838348434182,Low,No,23.528634971747906,636.4123033477385
Apples,877,14.572713475862288,Medium,Yes,7.162827978773473,1051.0648490734836
Yogurt,557,32.16136044461925,Medium,No,42.37240752962374,328.34190518801086
Salt,977,27.662897208812062,Medium,No,43.43839231074913,685.2095845885484
Flour,261,44.018599872129066,Medium,No,40.4378259802248,128.4142473135855
Bread,479,47.8702789924584,High,Yes,43.1422971454071,716.0377604817721
Pasta,186,23.218695032816495,Low,No,38.78955658900817,10
Milk,154,27.785774897636557,Medium,No,47.18680004179147,101.98348034174232
Yogurt,575,48.718236056186264,High,No,30.93765125899123,552.8375562016925
Eggs,899,17.430752373041457,Medium,No,31.21891459637838,722.7498996985182
Yogurt,277,40.65758489114661,Medium,Yes,43.69594587913362,323.57229591641027
Salt,490,15.135795605086082,Medium,Yes,20.723699602336854,677.1026441979936
Eggs,448,35.66570519413724,Low,No,7.2537059391156955,315.3156460870164
Bread,107,16.412703243735386,Low,No,38.74349279291732,10
Butter,932,44.76800249741241,Low,No,16.45651307346632,685.9047978152123
Sugar,412,30.266507468150458,Medium,Yes,26.34061154134821,595.7979880947089
Cheese,858,13.367013839347306,High,Yes,15.819792605352465,1141.0883161081715
Flour,934,15.09661290643187,High,No,42.219088341268936,841.2665768892788
Bread,542,27.22321380686451,High,No,48.12318342857647,461.57305109558195
Potatoes,866,48.27209115086955,Medium,Yes,7.4760396620264515,1068.8251531866604
Eggs,427,39.63389737476445,Low,No,15.501723415865076,274.73339228795766
Sugar,153,26.97393392716303,High,Yes,13.530295571688956,602.4632571911983
Apples,860,20.197361505299767,Medium,No,35.29415807336599,669.7812903054578
Butter,338,29.71708220067992,Medium,No,24.290527989890396,239.77293264717156
Flour,328,38.67623750428788,High,No,25.531774858140235,459.4113601594888
Cheese,678,40.276786480376,High,No,12.068558797115436,758.9380781362759
Cheese,150,19.60739591436251,Medium,Yes,23.6630588688408,422.63237718139777
Yogurt,708,37.45216706962447,High,Yes,18.64527262805221,1026.9428200306675
Bread,703,34.600495101628375,Medium,Yes,32.503591160180534,812.8732396745993
Eggs,363,48.160053139833224,High,No,14.775720293154261,461.0084834565435
Rice,517,46.89906307286067,Low,No,32.666510350672134,199.20293644073166
Salt,902,40.522069652160965,Medium,Yes,21.998533633651622,1058.7945400702783
Tomatoes,195,37.552760998471776,Low,Yes,20.583255291277837,238.72708083960424
Salt,187,17.33187153669241,High,No,18.750048537245615,314.25551094016447
Milk,177,43.068436524434,Medium,Yes,35.32250723116235,344.750565479916
Bread,387,24.237756667101475,High,No,30.308828244483912,447.28637226388804
Eggs,219,17.250824412772012,Medium,Yes,43.32747650009638,333.7366629791578
Pasta,913,22.287234107905814,High,No,15.872457990892547,958.3764591491627
Bread,590,42.617097050742856,Low,No,6.80538107350605,443.7270492351133
Apples,551,11.688494701004824,Low,Yes,13.191056682705952,618.4554402487038
Butter,599,25.52714335039201,High,Yes,20.451036394799438,906.126550560155
Pasta,264,27.156091753827035,Low,No,13.084474563883338,131.53171561521543
Flour,281,6.648336391946873,Low,No,8.757980487786204,162.765105605863
Yogurt,568,13.80857132966744,High,Yes,25.04023129263059,821.3474496063478
Tomatoes,834,42.20340928591354,Medium,No,35.46201486885977,627.8159541229708
Milk,922,42.38453248676423,High,Yes,38.820684512928985,1095.279382604414
Potatoes,106,18.15867877479116,Medium,No,22.942729612337157,106.38919420120145
Salt,429,44.37037555690668,Low,Yes,26.512006754617172,370.50243299129374
Salt,874,39.73023225807565,Low,No,38.996172201866024,467.20257150197955
Pasta,772,23.805836770793423,Low,No,20.871852363875526,528.5094819512636
Rice,250,38.6782854982267,Low,No,40.31447950705877,10
Bread,184,48.26005840376628,Low,No,48.531922951953646,10
Sugar,246,25.653637312940695,Medium,No,44.62162805036212,97.50255724062586
Bread,723,15.729223052906764,Medium,No,25.41179015091622,592.9131831987172
Potatoes,480,47.38174250225701,Medium,No,31.078332270001617,334.34048207534727
Cheese,647,32.16849298534654,High,Yes,37.23918739952299,831.2523412211734
Pasta,384,9.736932311619137,Low,Yes,20.718519909628135,491.76632834416097
Sugar,799,30.770726713551024,Low,No,40.96571449893287,443.4612351257049
Potatoes,181,27.52614002517344,Low,Yes,24.661264787623892,277.072236934355
Bread,613,43.50150023340035,High,Yes,43.107870114519535,830.3665637767596
Flour,996,28.88128353935846,High,No,16.463025271672947,1015.1256780410309
Pasta,914,16.485459545492755,High,Yes,5.512012534977453,1273.7211452257732
Eggs,808,35.403982873919986,Low,No,33.47097781875688,441.4260970898432
Apples,622,29.415895364101107,Medium,Yes,25.335010287190656,797.5476075003676
Milk,845,15.48700827200926,High,Yes,7.692040265790212,1218.4492263211641
Sugar,485,30.813253607430852,High,Yes,26.942555888288403,799.2950527803807
Milk,806,41.969101005035874,Medium,No,12.585643043968169,702.2473978410899
Sugar,570,6.2856912975804695,High,Yes,33.33871232064784,799.4577161884783
Butter,218,33.388296739030025,Medium,No,25.027050994021607,189.43032988650276
Milk,495,20.73133381029764,Low,No,12.700613835722836,372.67871930627894
Milk,631,18.170215059174087,Medium,Yes,23.537252624543736,743.2035141471644
Rice,360,22.666448766250006,Medium,No,15.471896367986094,379.84954823271266
Milk,904,20.391019891159175,Low,No,34.38935512128116,526.9145482308179
Bananas,355,42.45075980187987,High,Yes,18.281451832057865,709.7844273943124
Rice,833,17.365901484555526,Low,No,41.99078075230864,412.4993757582931
Potatoes,325,37.99188603979634,High,Yes,5.637344247118053,740.2425479475024
Salt,152,9.232691910286492,High,Yes,23.153808944403266,570.6180718896748
Pasta,966,47.8128367617987,Medium,No,32.7686205014587,758.1843061745102
Yogurt,599,33.00424867618483,Low,Yes,6.017372800212334,689.686754093144
Bread,605,36.802335967005206,Medium,Yes,14.71288561358246,777.0100180057896
Eggs,953,18.411769944250295,Low,No,19.733898178825697,621.4179080667793
Flour,463,23.54434559186516,Low,No,5.983004956205491,330.5655564273468
Potatoes,379,15.070027382193931,Medium,No,29.601081718280174,286.71094859100356
Apples,692,46.96412386110008,High,No,33.38907750880173,669.5079931985642
Sugar,813,26.964700119561996,High,Yes,15.238501331586479,1101.088012287677
Potatoes,257,33.37016520460955,Low,Yes,29.45672272977703,282.7613601482462
Eggs,731,38.04224137388219,High,Yes,49.960710012087375,870.7441498359959
Bananas,158,21.699774099479253,Medium,Yes,44.91136794862938,301.55904714642514
Salt,826,37.40457445426136,Medium,Yes,7.639737422022043,1040.6166643656911
Tomatoes,227,35.41966203903531,Medium,No,10.754710898734636,250.0069644645684
Cheese,835,36.754670024327595,Low,Yes,27.248149460719723,779.7467531958058
Sugar,820,27.01534550920758,Low,Yes,16.034050168912174,866.4307381717975
Potatoes,981,22.23218220312277,High,Yes,8.643615672957392,1297.6281202604785
Potatoes,214,14.993698469404542,Medium,Yes,16.45495217355735,516.3559197044603
Sugar,308,42.10818587604018,Medium,No,7.753014395321115,317.96201490731266
Sugar,625,32.37575209392554,Low,No,28.846059895204203,317.971155266566
Yogurt,620,24.995848824387274,Low,No,27.0612546651786,343.41457841036527
Salt,651,47.479815801977516,Low,Yes,5.284676910026758,719.0485109924653
Milk,336,7.152746562816747,Medium,Yes,26.713237803976817,563.7821732121859
Milk,380,43.25773753422714,Medium,Yes,28.39123162674459,518.5244546237228
Cheese,458,49.89121668256876,High,No,32.256668345521945,477.51221262517834
Sugar,300,44.91239498972903,Medium,Yes,48.654487598292704,406.51612192406833
Bread,857,41.46964635270314,High,No,49.221159217340016,725.2256882389086
Tomatoes,377,21.843769703284607,High,Yes,28.711818980186997,696.7945111382853
Yogurt,334,15.409138201803207,Medium,No,43.03340139244021,201.48335258090523
Bananas,593,38.06827342248205,High,No,8.832459649563916,677.3769899956136
Cheese,103,18.705891482985578,High,Yes,28.901958009353393,444.22467078448136
Bananas,765,12.92178569697368,Low,Yes,35.55050266507828,630.1401812771135
Flour,541,40.39366491966161,Medium,No,30.412796880629674,416.7396367581089
Yogurt,128,19.0644643506525,High,No,15.382444750438326,343.5211865677726
Potatoes,208,46.14987782693023,High,No,7.819609383707492,427.1946087061135
Potatoes,709,42.82846901686064,High,No,22.400117805883532,768.0940162390965
Pasta,826,43.14381482791648,Medium,No,34.14391240040415,662.1351971556375
Yogurt,904,39.720637672512176,Low,Yes,49.627088314500284,709.5436611258875
Eggs,174,44.63966406986315,Low,No,15.64400531227758,36.72190987047407
Sugar,937,41.25861014801541,Medium,Yes,46.30054593701227,941.7469060862048
Bread,245,32.113011360862785,Medium,Yes,8.07176297863688,518.5542235260715
Flour,227,18.312022336183844,Medium,Yes,46.89451732657902,302.6154235875155
Milk,952,44.96941369463671,Medium,Yes,42.456504554151344,916.666386804852
Bread,141,42.827163024793634,Low,Yes,5.942540872933158,298.0014148429109
Butter,455,26.27956949947453,High,No,18.418341833989906,560.2183084549439
Rice,140,6.758540870087984,High,Yes,7.293049415534009,596.6548917529924
Rice,133,33.734467733086106,Medium,No,49.797764218830174,10
Apples,116,7.276858415446178,Medium,Yes,24.252980206269932,350.82330854921275
Flour,776,46.68259828317832,High,No,34.797808382478685,760.3157737366937
Yogurt,252,48.273406548138816,Low,Yes,15.538575867007406,313.9334522877024
Potatoes,477,13.52705656548219,Medium,No,47.01813074003983,285.56163353549675
Yogurt,687,35.43752201247095,Medium,No,17.337833984276223,585.144640325058
Milk,698,9.152105205324325,Low,No,16.709657328603434,477.20235843443476
Tomatoes,728,37.828261785790495,Low,Yes,19.15700431736088,745.5019820051015
Bread,973,20.627944976870356,Low,No,25.812012409281788,647.0122926568242
Flour,441,35.64725502787004,Medium,Yes,5.833972680336997,701.9487731338436
Sugar,126,21.779442914098002,Low,Yes,31.9026875057638,201.13449214709084
Pasta,924,11.550537942495609,Medium,No,6.424960871333216,876.5906697545706
Apples,386,23.274949122615105,Medium,Yes,29.26411194828169,558.9179595984142
Milk,745,10.070308698565551,Low,Yes,25.60482059819504,724.5684974789369
Bananas,830,30.95974737396256,High,Yes,15.91461761613846,1138.346104621195
Eggs,267,6.84281894672659,Low,Yes,19.8395607726872,311.66298488772327
Pasta,709,28.729385581993686,High,No,36.75469150601013,658.5376933352588
Butter,367,44.88658911929934,Low,Yes,5.4318883942128355,505.28428140554615
Bananas,848,42.70429715537132,Low,No,19.249121211159185,552.0540208532873
Pasta,920,44.72517648319236,Medium,Yes,35.61337643741903,926.9261228821628
Potatoes,554,46.49219609571983,Medium,No,11.852323943114753,521.9393285205643
Apples,784,9.70375495440624,Medium,No,30.21735443837465,633.1906995513865
Salt,500,10.793624129407089,Medium,Yes,12.60198178172207,745.6050596638127
Yogurt,575,30.065306284090788,Medium,Yes,11.964284458564983,761.3792207135207
Eggs,801,45.22877007909931,Medium,Yes,39.75260430756906,776.8884926059796
Milk,733,48.84572554358138,Medium,Yes,16.993640898551195,901.1405362060286
Yogurt,657,7.081786280299998,High,Yes,21.909610352863734,940.2385898708765
Bread,675,21.009833789029706,High,No,37.85081295312364,615.8952576516987
Butter,229,14.580241459699705,Medium,No,13.078382024433935,233.46542338561974
Eggs,921,39.018463201906165,High,No,28.928165959978593,907.1808428392202
Potatoes,462,33.80872408416644,Low,Yes,46.30188486940984,377.54701797346155
Potatoes,804,10.394961416773043,High,Yes,29.92220687203199,1048.6671868829899
Pasta,918,26.75849303142372,Medium,Yes,7.198059498054325,1105.7169914908407
Tomatoes,792,35.84482350670811,High,No,31.536377360469977,756.7245855318298
Eggs,391,40.055242726581696,Low,Yes,9.056902978147903,527.868517625941
Butter,470,5.902371940280384,High,No,17.69560431949774,548.6666977529844
Cheese,893,45.07113082927504,Medium,No,43.235379740458015,593.1193257104524
Apples,128,30.6176622327736,Low,Yes,5.498110763087807,275.377531098193
Potatoes,248,41.53591017319571,Low,No,8.465598889907973,147.9541053909723
Eggs,878,41.35721135064276,High,No,21.351385790616693,890.1569962575559
Rice,395,13.543369712193611,Low,No,49.97281459547072,45.186781065144515
Yogurt,110,9.95774541141349,Low,Yes,18.133875773232944,235.37859796446529
Potatoes,611,37.4579271038222,Low,No,12.077357843121405,447.72636525633885
Butter,775,12.03921134697286,Medium,Yes,29.723995978171203,844.5273285570647
Milk,212,43.24718711321257,Low,Yes,28.36647597066815,265.0070103276515
Potatoes,286,37.67852677379473,High,No,25.23288147929769,363.22485308601813
Yogurt,906,42.882141396436815,High,Yes,47.599418841932696,1048.2410648403234
Bread,843,18.455570582420574,Low,No,17.60672169277334,595.9913917731031
Milk,326,19.246912718475606,High,Yes,18.19959031678848,668.2109492766823
Sugar,409,35.204970035584296,Low,Yes,11.311563712418787,495.2156655306756
Potatoes,197,6.415067977652639,High,Yes,36.37796080622789,460.1324582481467
Potatoes,154,37.69235358518402,Low,Yes,19.461626198624224,284.0593596446118
Cheese,722,42.61023818845705,Low,Yes,41.123313187054364,662.0975834981427
Eggs,763,23.682361397184682,Low,Yes,48.729104481781405,539.5000632924841
Eggs,857,39.41954735398109,Medium,Yes,6.965835889576639,988.2480861470149
Yogurt,505,12.857491264201787,High,No,49.690485052615614,454.13843161191664
Bread,168,19.50171772187681,Low,No,16.4346901860688,41.921925900034005
Eggs,411,48.84372333997148,Medium,No,23.90496607645374,322.52795279359196
Tomatoes,388,49.38476781020568,Medium,Yes,39.99845095217115,433.58676081650754
Rice,861,28.06722738597146,Low,No,34.9399013962696,509.77028422492026
Flour,647,47.04214061587446,Low,Yes,40.0296614375693,570.5560380626256
Apples,850,28.522880512558455,Low,Yes,25.984940707348642,871.2234196696045
Pasta,247,18.12146576725208,Low,Yes,46.223018535778856,246.64281210158433
Tomatoes,566,17.010467964444732,Low,Yes,40.547336243229964,452.59660504339075
Butter,838,46.827756741566695,High,Yes,18.915258894515425,1102.0530848217866
Sugar,343,12.760087503823659,Low,Yes,47.681609960694196,297.37423808807864
Salt,590,31.08346061908182,Low,Yes,48.247438704185946,444.5732327438304
Rice,948,29.998628062822384,High,Yes,23.67741000905349,1198.413995969608
Potatoes,606,38.28297580938477,Medium,No,34.33822195944158,465.06873599620775
Bread,464,27.465930838614863,High,Yes,41.66458408462566,736.2649056296393
Rice,581,17.252854731866037,Medium,No,41.778532259215126,421.34819393601697
Apples,300,12.622842483421035,Medium,No,5.635559511084082,364.0650907061019
Sugar,253,32.93684615776513,High,Yes,33.30561348709436,550.265557075379
Apples,549,37.35458405839549,Low,No,48.816468385277275,137.64800820962117
Yogurt,600,30.628457540691468,Medium,Yes,15.410621650827702,794.2031471201344
Eggs,172,38.225807470453766,Low,No,40.80239866296223,10
Bread,812,11.368454110248205,High,Yes,29.04114294846421,1039.4941410723604
Butter,395,44.711158772441095,Medium,No,14.966159501251019,402.46733782910536
Bread,116,31.20779787838264,Low,Yes,7.296708833779821,331.7802773060854
Cheese,740,10.707976710166871,Medium,No,39.196476995765344,503.6026281784907
Bananas,316,25.786634189258077,Medium,Yes,19.241165728617215,537.3879360848292
Bread,160,43.01562820396602,High,Yes,21.90137126292971,533.9891744744714
Bananas,715,45.390298705392205,Low,No,26.835397396205497,424.5751229263565
Flour,141,16.909227724944266,Low,No,27.823770633708868,10
Sugar,124,37.00696211197039,Medium,No,14.278350963668498,115.47962457438892
Potatoes,138,9.499336136769951,Low,No,35.17888955848119,10
Salt,902,6.509564213547101,Medium,Yes,36.16429909801431,961.1071785323145
Potatoes,230,30.217952921897425,High,No,11.403541602465957,414.13203765032875
Yogurt,597,36.26724106976566,High,No,28.980929296066158,634.7069451765174
Sugar,328,40.81040290294259,Low,Yes,32.416670670228186,335.83069652799736
Yogurt,207,20.30973073049006,High,Yes,13.381319453013157,676.8272245820127
Apples,271,5.293643469299915,High,Yes,45.250795693819164,582.4758262612197
Tomatoes,534,26.57836567001092,Low,No,26.727163752887975,257.4611117855899
Apples,577,5.713409541810514,Medium,No,10.176276094970772,584.3712749478675
Flour,201,9.139302980185997,High,No,20.047827992953763,371.2347949991498
Yogurt,965,19.701006013928676,Low,No,26.463220172359424,704.9734404837426
Rice,623,24.672742230207973,Low,Yes,5.456486888631677,684.8461438713141
Cheese,374,17.576124855334186,Low,No,6.435944406386333,254.73014960944667
Rice,712,31.183936992711853,High,No,7.498426788977807,785.5476885592791
Sugar,143,7.490740514814283,High,Yes,29.2160851654745,485.3861169521603
Flour,916,11.506086960781312,Medium,Yes,20.123968830688455,1037.9940330155202
Eggs,116,36.28662803399451,Medium,Yes,45.18968216251998,254.8745777865762
Potatoes,429,11.396338411906298,Medium,No,30.165524254800246,352.91774233729103
Tomatoes,668,33.78988407066901,Medium,No,39.195334796941,487.1209958034325
Potatoes,922,7.4608079339014495,Medium,Yes,35.920992953978256,947.1954686784256
Pasta,596,23.332202560361317,Medium,No,28.414432725697647,465.7855630303863
Potatoes,914,12.983426155453206,Low,No,38.51241978943061,503.02222600096303
Cheese,111,9.933632714083389,Medium,Yes,29.511756629047802,315.2397713691814
Flour,417,30.51647525755524,High,Yes,22.34553373357027,754.9100404066327
Sugar,691,46.77510974025298,Medium,Yes,24.611217462844177,812.2672470709151
Sugar,315,7.465417156559697,High,No,42.73256027947466,355.92812677200453
Rice,438,23.96994116981154,Medium,No,30.34731011555961,354.94429863106143
Eggs,875,36.83909469854497,Low,No,21.978326667304202,618.4011222811785
Milk,760,25.820952425952214,Low,Yes,13.088441821381164,750.466671905191
Sugar,180,41.29231757473603,High,No,27.29110289907674,279.92076439792623
Flour,826,13.084039213885927,Medium,No,16.358184928961364,695.9079190623171
Pasta,584,48.181739226248325,Low,Yes,48.00109451577666,491.4222698888547
Bread,473,22.332318249764324,Low,No,27.094193809298968,216.68865518273034
Flour,809,20.37063348249238,Medium,No,5.40267232501657,794.65214520701
Tomatoes,299,44.35726075264247,High,Yes,9.17947352725134,764.7075859992038
Bread,636,30.374016435129494,High,Yes,17.794602126974414,967.0430900513867
Rice,565,28.23999538562697,High,Yes,9.147327876423995,950.9351277568175
Rice,188,37.714006378779395,Low,Yes,45.22830014729307,156.56085043868237
Flour,367,31.092540722649066,Medium,Yes,43.445820506023885,451.31144602356335
Pasta,754,12.313204014070191,Low,No,48.68876789945405,340.4780155808528
Eggs,670,35.33889302892183,Low,Yes,36.79095264547144,579.9532885467527
Pasta,588,11.006099567695781,Low,Yes,34.04590457954072,599.3987790328215
Milk,976,41.26359674003279,Low,Yes,46.55734870530995,746.1258016544485
Cheese,637,49.538146897052194,Medium,No,47.58769151628459,403.0307456833306
Rice,146,21.982443123864932,Low,No,44.48695292976211,10
Sugar,387,25.014015419090565,Low,Yes,43.76627797189202,319.7303271907239
Apples,877,7.089514496726554,High,No,35.22664649496776,834.4044814140453
Eggs,115,5.617993463716023,Low,No,5.072267625784016,18.691610758718703
Salt,810,46.46387006943475,Medium,No,24.328267264834373,692.8780230305662
Eggs,500,10.788082719763644,Low,Yes,33.60482470307064,510.5162964679977
Salt,893,25.060043640176165,Medium,No,29.62073212000721,700.8135405986665
Eggs,185,41.69095807350026,Medium,No,41.95069834508926,41.00595327865153
Salt,349,45.01934419677438,Medium,Yes,41.85060244313584,471.2242601135409
Bananas,490,28.372895837756044,High,Yes,31.940690425772253,733.6665159631989
Apples,881,30.42646362391774,High,No,5.989732396657866,929.4993842274639
Apples,434,35.13577876084726,Low,Yes,21.6198478550623,469.92458661220445
Sugar,728,48.26221115646719,Low,Yes,15.296746340456327,777.3264097291253
Tomatoes,618,32.12014824250273,Low,Yes,20.245464893986288,646.3300570868768
Eggs,236,30.176386675535582,Medium,Yes,32.77816945322279,390.4111042964397
Butter,982,5.6540360869695805,Medium,No,7.99078562072274,842.3561156074363
Rice,787,8.642736591006024,Medium,Yes,6.000892207203719,996.5197830774329
Tomatoes,939,30.97272319807983,Low,Yes,24.659281219113698,869.9598858824395
Milk,597,47.13081745132414,Low,No,40.71082245114402,248.29707657095378
Salt,926,44.001110677972775,Low,Yes,6.381435856934834,991.0840157832898
Potatoes,826,49.21605153464921,Low,No,43.20718632918786,416.1982358984828
Yogurt,576,28.75253169025733,High,Yes,22.274583473750358,816.5872055608464
Eggs,693,40.456892229699505,High,No,10.32059430254533,770.354395627132
Bread,322,42.81801491702032,High,Yes,30.537397795914597,647.1433409183397
Bananas,471,34.16142457988878,Low,Yes,47.85622526409842,382.0450806521227
Bread,501,20.243745689652826,High,No,29.413080456746677,538.3123762843892
Pasta,542,26.14902955960075,High,No,35.898564010368716,530.7661195861714
Bread,589,43.60626825096055,Low,No,41.7389579100959,180.71338978009325
Rice,714,18.434656669197377,High,No,40.97030550113389,659.7042668463778
Tomatoes,372,46.568440906999186,Low,No,8.290342783118286,222.70538234854013
Sugar,625,15.34128536401993,Low,Yes,38.34479359539162,558.0828858023358
Butter,258,38.72823868205513,Low,No,47.725230464279356,10
Pasta,251,33.375165545558225,Medium,Yes,36.52935052912598,438.69771574293026
Eggs,719,38.731974850434305,Low,No,42.639930216971045,313.9674084505117
Bread,287,24.680640759466765,High,No,26.849736545500388,344.19153225729326
Apples,912,46.968847814929305,High,Yes,19.358119686779215,1142.1059757249072
Bananas,197,33.46124910851648,Low,Yes,35.43076503908932,191.64775289860592
Butter,230,17.97331120494153,Medium,Yes,27.148999015373683,414.50606207917247
Butter,904,33.73047817934646,Medium,Yes,45.28799853414823,923.2419614656333
Bananas,270,17.9067086243164,Medium,No,48.847188586723675,117.2631789003722
Yogurt,282,18.213457629194338,High,Yes,41.89109303790502,616.2096098747202
Bread,463,22.981933022939057,Medium,No,49.67058278684498,260.4640068635627
Salt,138,43.359368790610354,Medium,No,20.676676927743642,100.18063749399778
Apples,626,27.51340434772964,Low,No,45.30899204395176,236.2531000804433
Yogurt,987,35.55053790035933,Medium,Yes,19.84701329588208,1103.323324981729
Flour,596,22.638548312350835,Medium,Yes,10.31171338876791,779.9066067911692
Sugar,615,16.862244791309664,Medium,Yes,32.96181628901519,735.4960954871856
Bread,448,47.95880723223041,Low,Yes,25.474488544039833,446.34557778910585
Yogurt,496,32.16115612053782,Low,Yes,46.476465504377806,370.44232723789924
Cheese,821,47.02781023622232,Medium,Yes,27.148724941010677,939.1380621412821
Rice,260,14.153585098924177,High,No,46.743466069143636,249.5488960152191
Rice,115,11.610237376081974,High,Yes,8.538524023779615,568.6751304550501
Salt,592,43.51203082057566,Low,No,42.37303260858506,237.61202916020218
Tomatoes,525,35.64127456777632,Medium,No,39.1601420808972,341.1315215263699
Pasta,207,13.39603246641386,High,Yes,37.399022306534405,588.3564492521172
Salt,993,17.1211865298592,Medium,Yes,20.981113478095537,1112.74455814586
Cheese,549,41.029877368639006,Low,Yes,40.26918361989085,449.61837054257137
Bread,410,25.424087899817124,High,Yes,26.748346066014964,717.2861123822637
Apples,838,35.17432279277409,Low,No,37.184157989814565,406.30860040250803
Bananas,269,19.32584099612049,Medium,Yes,29.850221605332667,460.40808100801985
Pasta,645,22.155347874869452,Low,Yes,12.084786704003498,672.0866122543836
Pasta,513,49.582065138039724,Low,No,7.905136557798601,348.72362610678516
Flour,350,16.142768922862334,Low,No,21.478399304153168,105.54839617067606
Eggs,858,27.79053696664313,Low,Yes,46.975497032563176,686.8245562741944
Flour,880,42.99810544357395,High,No,28.83807593696989,889.2707067803685
Tomatoes,240,15.765044614963609,Medium,Yes,41.09864304275919,380.248497315692
Yogurt,373,23.684619050794883,High,Yes,30.917888179197412,658.7277839670993
Potatoes,515,32.67910793164947,Medium,No,48.105737882304695,304.517754875357
Bananas,707,26.653466816379613,Medium,No,21.62550029695704,592.2183030214425
Potatoes,838,25.677601995664286,Medium,Yes,7.567270492008782,1085.4798407648127
Eggs,990,21.312937909495563,Medium,Yes,40.130077248751306,970.7078869248752
Potatoes,138,31.39908474987163,Medium,Yes,36.745542874899115,274.8739441538829
Cheese,913,33.09677140656247,High,No,28.739047200725576,870.8001235199141
Flour,128,34.398029340561315,Medium,No,19.687605943564158,142.6289527470775
Tomatoes,576,8.16656485577132,Low,Yes,13.471931646024766,656.2259383326152
Yogurt,417,33.3965379070422,High,Yes,26.702421987934144,756.0624766137498
Pasta,344,47.895673045155476,High,No,34.97906341807191,435.0226289523566
Potatoes,847,29.344380598763767,Medium,Yes,31.04988932165868,889.8084520421486
Apples,796,37.18701871291599,Low,No,24.68707296672236,474.1746334845848
Bananas,371,30.0529538491648,Low,Yes,29.286249994813776,329.7181787867093
Salt,539,43.46332783663904,Medium,No,9.85797186415693,530.0280897623675
Yogurt,847,46.831239256890605,Medium,Yes,36.31280467369646,846.000926039898
Milk,338,13.289895468336168,Low,Yes,38.04152197081701,350.30037080918555
Salt,476,24.658701645070696,High,Yes,5.515367184369077,876.1447658480439
Salt,365,22.65719454197246,High,No,17.173380013739102,546.5832418131293
Potatoes,458,23.23468054846754,Medium,Yes,9.145258707797286,666.0511595173779
Flour,439,10.648588155254416,High,Yes,49.92044593435236,676.9612413511919
Bananas,488,41.61270766913237,High,Yes,31.70042751898235,788.2067854549057
Bananas,676,6.609480935672086,Low,Yes,25.95821424019531,673.501481485114
Sugar,788,28.77019734772206,High,Yes,25.835045854147577,1003.3217610857748
Potatoes,102,34.784527462011106,Low,Yes,48.41482636529466,88.06812905177776
Pasta,528,14.336124712649474,Medium,No,34.69350371672968,395.57066128392813
Eggs,241,45.7632586444458,Medium,No,12.58968012111904,202.06228375980197
Sugar,475,42.734714316115685,Low,Yes,25.167147259814033,529.5450962349119
Bread,769,26.19876782677664,Low,Yes,39.83885784256547,642.5379843962746
Apples,423,23.501701955306242,Medium,No,24.05075300864569,400.83191485985003
Tomatoes,245,15.645556634499501,Low,No,18.929004164908637,91.50235735514757
Milk,392,37.849695109023365,Medium,Yes,49.60472344611149,476.1213171138929
Potatoes,764,10.928470983438388,Medium,No,47.10367105755031,494.4316558683209
Sugar,531,35.610698922970236,Medium,Yes,47.37021661957814,576.5766160704786
Rice,804,42.91056437532861,Medium,Yes,10.925263835273196,971.4366584
Sugar,684,15.281220916266067,Medium,No,15.541486556412291,602.1439259380267
Rice,498,43.98923313044403,Medium,Yes,24.893013117462843,625.8636334300238
Milk,916,6.499543974777881,High,Yes,42.44581662046512,975.3171229851025
Rice,988,46.07543234239364,High,Yes,38.15723931024304,1101.2033050227806
Rice,443,10.32630025330841,Medium,Yes,43.23503278185931,554.0769593713213
Tomatoes,239,34.05916300721147,High,No,46.43434810208169,200.14179151928093
Apples,286,16.25371110112738,Low,No,40.134507937273405,10
Bread,904,42.64485760263262,Low,No,16.77965045652402,574.9334346651225
Pasta,160,28.053516241195993,Medium,Yes,17.845055707422617,431.01460683160553
Milk,479,11.085853606092561,High,No,20.86194567303943,546.5451472789588
Rice,809,30.69462070966903,Low,No,18.638391507512793,575.2710214236057
Eggs,906,23.35471745886424,Low,No,16.20945273664009,654.1139688009457
Salt,539,34.765151747589556,Low,Yes,38.8618726944084,475.5117825726921
Bananas,418,44.685647814355676,Low,Yes,6.529597290517156,538.5276796375119
Butter,401,23.42251090325383,High,Yes,37.777718214277925,647.3117112974925
Cheese,443,18.044630579023682,Low,Yes,42.06036971817356,362.19505733977815
Eggs,110,5.653179253742396,Low,Yes,7.971981950516803,316.6442970180052
Pasta,161,30.86775670369437,Low,No,7.783119824044828,101.85228323703994
Butter,944,23.10236453441451,Medium,No,17.845871130198546,825.4873332392064
Pasta,325,21.859214855667293,Low,No,14.373806702074933,163.08387936908974
Eggs,252,13.232089457789563,Low,Yes,31.1510153160587,277.4892163652032
Potatoes,810,24.352490533607345,High,No,35.395319457573514,730.8944539911779
Bread,663,49.299887911251574,Low,No,33.53638982469461,361.1157220386377
Apples,871,18.398936915250996,Low,Yes,21.080631661800023,773.3537063721654
Cheese,670,31.98669860336451,Low,Yes,27.427902557613628,566.7400487645385
Cheese,683,39.941909659205,Medium,Yes,33.79958732768535,697.2853273584453
Bananas,759,38.712102042943926,High,Yes,10.374182096286663,1021.6923600162647
Yogurt,960,19.794842937166585,High,No,15.328036150425234,1022.176624824235
Eggs,674,32.48870375825827,Medium,Yes,45.07232692937822,721.198174381088
Eggs,409,44.206910837157075,Medium,Yes,20.404686944710143,567.1152118073792
Bananas,984,5.695134247988507,High,Yes,41.05203718638674,1125.9142597434488
Flour,342,24.608046057948844,Low,No,16.29453885517148,223.79699391061914
Salt,592,15.092303820885737,High,No,6.873815819120983,746.690727621325
Potatoes,465,22.488453067947752,Medium,No,27.518026661303434,436.5969281986331
Milk,429,23.719532358885875,Low,No,45.161691960311884,102.10378999621314
Eggs,206,38.600193415398664,High,No,41.8678047113962,216.50611134414277
Sugar,325,9.221984257794942,Low,Yes,16.382262601602044,391.0444198624789
Milk,924,28.06627564096297,Low,Yes,45.94710984909562,746.1406526080239
Tomatoes,317,30.38876563094354,Medium,Yes,26.587215271233642,533.551472575969
Bananas,852,27.237092159831196,High,No,7.204955170490153,934.9304290657124
Salt,605,37.93429638782241,Medium,Yes,6.256607889548828,823.0039623690542
Flour,358,22.270606515808133,High,No,26.830118030149627,478.8097196508643
Pasta,987,47.52351786380343,High,No,29.584528507121732,933.7823614164798
Eggs,873,26.68115491425236,Low,Yes,8.596081426216566,888.6759205131938
Eggs,616,30.70462593266589,Low,Yes,46.50082941763305,471.9458017421492
Yogurt,872,42.148887050603726,Low,Yes,37.31975728208704,732.2934863183092
Rice,153,17.385624766900513,Medium,Yes,41.05770613190338,322.60107363974
Potatoes,146,8.384091294326112,Low,No,31.28104630473582,10
Bread,826,36.85027902631171,Medium,No,34.85948342695316,581.0678551890537
Bananas,788,26.73553349967704,Low,No,22.453710342220415,490.359143841009
Salt,620,45.342691293154765,Medium,Yes,35.568368822484196,694.0105194786695
Cheese,198,49.22060219250953,High,No,49.018230113192125,229.59725329275796
Butter,119,22.959920775862813,Medium,Yes,34.1472159774936,278.182838628725
Potatoes,989,23.694755731684737,Medium,No,20.373517529292638,834.2874773956798
Salt,852,23.35831709925769,Medium,Yes,17.835760507211052,972.414894715099
Cheese,672,19.604934937891677,High,No,48.350567338117834,579.2064722627832
Milk,990,40.17591939948788,Medium,Yes,13.325103369862926,1151.4675125374692
Eggs,589,39.15480931208275,High,Yes,41.27884752513289,797.6647218380552
Eggs,518,26.539019174773617,Low,No,25.936803140394147,244.0398273591691
Eggs,789,7.009754737050444,Low,Yes,24.969188945876027,779.5115795484629
Pasta,949,18.930168568088305,High,No,38.639200459048205,880.9961339199209
Milk,161,18.15363709496769,Medium,Yes,11.661729352067454,431.3794013345305
Sugar,244,41.498926079011625,Low,No,25.98331667652142,10
Pasta,315,8.940900803727862,Medium,Yes,6.6125159495486745,626.7825615916048
Tomatoes,102,41.255392056921686,Medium,No,35.168306968016125,34.14170156920988
Apples,259,35.11326434896144,High,No,7.626977777914987,437.39099779467654
Tomatoes,838,37.959865660870214,Low,No,8.927995895324914,638.4690429325915
Yogurt,880,24.449593441326055,High,No,43.01718715531414,758.9208466216936
Yogurt,219,35.58766082007912,High,Yes,24.93298341571676,595.3881395864782
Butter,992,32.40630251181121,High,Yes,14.043905984670914,1292.4166498592635
Rice,188,39.604108785288325,High,No,31.66630591799209,262.0924902129499
Milk,428,25.104642551071347,Medium,No,28.367746906303914,283.13598215106805
Butter,679,26.277153120333608,Low,Yes,23.490874703428616,650.5150164208447
Eggs,456,33.96093002329191,Low,No,45.74376800372063,124.77920721701406
Potatoes,709,9.863487214987472,Low,No,38.725609916855575,398.7303850911126
Pasta,366,24.631000176394277,Medium,No,11.821679206488348,355.7412831722841
Tomatoes,716,48.73778803669125,Medium,Yes,30.684859247633895,846.6996131373814
Salt,422,6.689854402702053,High,No,8.99347553171452,550.3230237780642
Yogurt,734,19.220212528987723,High,Yes,16.009428669926294,1052.4670603222944
Sugar,640,19.134941859021684,High,Yes,45.94371560242882,815.5390600470689
Butter,748,33.50588536560977,High,Yes,25.7935966568709,1043.09180082704
Milk,294,9.761016174086295,Low,No,45.14477457279657,10
Butter,837,33.28448138954875,High,No,12.469953451620386,903.3770347912015
Potatoes,431,9.276810829322873,Medium,No,14.240378638023751,411.6327524383785
Potatoes,269,9.272914133824894,Medium,Yes,20.877112538019176,552.0522087335714
Salt,620,37.7682510734817,Medium,No,21.484653901676005,494.83584451820167
Eggs,562,19.586082822475834,High,No,38.537477160378096,559.5791206617047
Tomatoes,139,48.98403264711865,Low,Yes,31.973475288576736,151.69486102042154
Butter,636,6.680882139599972,Low,Yes,29.896224167598355,611.6203034148938
Flour,360,25.029799867309734,High,Yes,32.106897807264225,653.8696648481008
Apples,494,10.091117195331064,High,No,37.94861176355341,488.8544899268446
Bread,325,20.81205350411489,Medium,No,45.17674873740899,114.0871704177782
Potatoes,223,49.92001027740728,Medium,No,23.663298041474906,197.56102658466472
Tomatoes,137,44.99791302823393,Low,Yes,41.13166743155595,98.97553221954783
Yogurt,427,7.1745983984928605,Medium,No,27.27935973887129,318.11551365484036
Bananas,350,30.346512972155754,Medium,Yes,37.493520914729224,430.70063677351277
Bananas,275,34.1520037170996,High,No,44.36707046268954,249.40716507603287
Cheese,701,14.429058077755656,Low,No,6.449667006417519,536.3515289189103
Butter,553,11.529750802840262,High,No,29.59833899015512,602.1786283023966
Pasta,136,45.69715105994855,Low,No,49.522128190721396,10
Salt,415,48.596739866751946,High,No,27.330098653510888,440.24171001372525
Cheese,787,49.63517857938388,Low,Yes,43.893665717076146,641.7575308921091
Potatoes,895,40.53927981805855,Medium,Yes,13.365493358757321,1010.4413873070605
Potatoes,692,34.85759312323657,Low,No,32.19291906108492,403.84849878310666
Cheese,213,20.557861348684906,Low,No,44.16376834555003,10
Salt,139,12.712924054613861,High,Yes,24.418990922844703,513.0530335570612
Rice,400,8.554126971480427,Low,No,26.902492650726966,212.4277393201721
Cheese,323,36.198386084817145,Low,Yes,8.6908057002058,462.06710867580216
Rice,417,40.31255368307112,Low,No,6.8977441377772255,237.3449176621636
Milk,448,42.1904143604741,High,No,26.091873481234245,456.69975997364446
Cheese,214,46.119425148670935,Low,Yes,42.95638992385102,142.9277631906109
Tomatoes,797,44.59683036372681,High,Yes,46.90959224516217,980.2290750881249
Apples,422,49.98835725161417,Medium,No,34.6393851557574,258.9450168143131
Pasta,667,15.982880493526308,High,Yes,42.187936970057784,920.9530811334026
Flour,139,39.348842684549474,Low,Yes,38.06843731962824,119.16383456795228
Bread,965,31.390678056865895,Medium,No,36.56686221051842,688.2543982606546
Potatoes,139,16.75603096041121,Low,No,39.606489445404144,10
Bananas,958,49.185739502912426,High,No,27.738632858491812,930.8796652831579
Cheese,848,45.40541471484135,Medium,No,25.60721465735845,694.3359745647957
Flour,388,10.78320507998524,Medium,Yes,12.161458500883706,664.4844137693383
Flour,361,6.177125404553893,Medium,No,42.97168925186404,196.80433777765288
Yogurt,315,35.97488430497046,Low,No,7.007624604675709,223.9645306885557
Yogurt,246,32.18587829854408,Medium,Yes,17.03498545567981,502.73203372388696
Sugar,435,47.111703085001565,Medium,Yes,28.39622662155781,571.5047536621935
Apples,267,15.530237922216642,Medium,No,48.72191506349223,115.06390265497355
Sugar,191,8.797457655274417,Medium,No,40.36878240331537,128.3767337002643
Rice,452,16.66469001973939,High,Yes,21.59020510918826,807.0721475329234
Pasta,670,5.851743823015855,Low,No,37.12767757305958,282.70167744218384
Butter,670,6.615173803501959,Low,Yes,46.911622460682025,574.8711369335953
Pasta,915,46.16860126643418,Medium,Yes,29.24975531916842,987.1060841748174
Butter,780,20.840746212584524,High,Yes,25.78730879754272,1023.2711425167777
Bananas,880,23.486405045435628,Medium,No,29.884697252344736,696.3357600121323
Pasta,462,5.826724454214698,Low,No,19.018851851929224,274.9745710480265
Tomatoes,656,17.1734801077331,Low,Yes,45.830696480788575,477.6759902628876
Cheese,444,41.212669268364394,Low,No,40.87768156076646,118.15514828916227
Flour,792,32.69709318500236,Medium,Yes,36.74678505589746,822.6282157896043
Sugar,269,38.92012704888869,Medium,No,31.509143625318917,183.43241228336223
Eggs,455,25.124618335720328,High,No,48.626365030348474,392.5304327643682
Eggs,290,18.93781497880985,High,Yes,18.396757826348917,700.4325564555519
Potatoes,766,26.726454199776665,Low,No,17.74108242080823,486.45749383913085
Potatoes,521,19.5381980782588,Low,No,15.896224978843199,354.85209104736117
Flour,799,42.75369935033306,High,No,38.37991948902196,744.3958153816367
Potatoes,106,18.395317201678058,Low,Yes,40.87785379434351,162.02562406149121
Milk,232,34.68936382038877,High,No,31.870137927501137,360.9185994764116
Yogurt,846,11.164200003928752,Medium,Yes,34.33926696521528,951.735119814426
Cheese,656,35.90899221807095,Low,No,20.703234407287674,367.7607929234854
Rice,925,46.09848702200152,Low,No,6.789089411279704,693.3308845004545
Cheese,860,32.38624195879588,High,No,16.413612963856387,868.2052265119179
Butter,130,30.193492101551474,Medium,Yes,31.293645220869166,430.844015535552
Pasta,634,48.25032206097381,Low,Yes,41.58197070729749,543.5871262025695
Butter,525,33.23284498921309,Low,Yes,39.97377402948487,496.004067048783
Eggs,493,16.679769497288717,High,No,13.076931388693156,633.7365434128446
Sugar,771,18.15759607314832,Medium,No,7.315079453430274,642.0825121251803
Apples,462,36.73879891411673,High,No,43.27520179982186,411.3476405953456
Pasta,536,38.09464672514839,Medium,Yes,8.401515471619323,747.17761105874
Yogurt,769,18.657330430505684,Medium,No,22.69900682550799,630.6722423302984
Milk,650,20.54047900668486,High,No,9.240154555321205,774.3160367276544
Tomatoes,181,49.59754289325892,High,Yes,30.382191970187304,533.130250434865
Flour,455,9.587864731112486,Medium,No,21.35013940343823,323.6352774257549
Tomatoes,357,23.20902627980447,High,Yes,14.112212801068065,746.3268359294756
Milk,817,7.810138903887836,Low,No,31.782545069811857,476.20592155742696
Sugar,688,41.94852628992085,Low,No,21.35263054458603,464.0937338431841
Potatoes,623,9.155562752544451,Low,No,12.505471327436066,449.0622001089604
Apples,394,35.330331040822,Low,No,36.50388856539183,109.52306598051578
Pasta,323,7.541754080156693,Low,No,42.65637394470694,48.05767795226741
Cheese,624,35.278476701436105,High,Yes,17.31841569893728,894.357992023034
Eggs,145,42.93666261174665,Medium,No,13.389127061082812,197.42659473366683
Apples,766,22.94696871158258,High,No,8.386333789346603,847.5286790796927
Cheese,212,28.49569220444796,Low,Yes,28.75559562815929,237.35281257412686
Tomatoes,332,23.069378210237712,Low,Yes,42.40821648860012,331.45118364696833
Salt,116,18.52199413846875,High,Yes,16.285545275014446,560.3187012360212
Salt,459,41.14685302822077,High,No,25.728699723369225,498.02014696362255
Bananas,322,17.240115817894534,Medium,Yes,12.236155405150091,569.6673706778179
Sugar,965,37.53245409752512,Low,Yes,23.189037079713245,898.2657777418862
Sugar,799,14.278868566484102,High,Yes,5.695029839996385,1162.230555410995
Milk,547,16.24342082352483,Medium,Yes,45.98280805340537,600.4470008639441
Cheese,955,20.140752315974552,Low,No,35.44573527502559,540.6002558090061
Yogurt,464,31.51203698272047,Low,Yes,19.97661729356473,473.8969744375383
Flour,774,25.449004362179352,Low,Yes,44.653921702521046,610.7564699613174
Eggs,425,38.53151644225192,High,No,13.231833324486992,548.6906822338572
Butter,566,14.610528515128655,Low,No,8.543017933505345,401.54031418167375
Rice,513,5.480252953197535,Low,Yes,47.41797115156516,415.7708869935291
Tomatoes,554,39.9450862303349,Medium,No,18.90576327811522,475.271291662142
Eggs,685,41.97422002460326,High,Yes,47.11880273488041,897.8562442509284
Rice,332,7.676607339877529,Medium,No,33.692581367276304,268.7762920914749
Rice,323,32.49083849712784,High,No,49.101931976696214,332.2914235644022
Bananas,930,22.019305274288506,Low,Yes,38.90431454955892,802.3966943619806
Sugar,511,40.725304483753256,Medium,No,9.746774011773411,491.87555786874384
Tomatoes,671,44.348654938841534,High,No,43.35029001389671,610.1729696495221
Pasta,434,43.29516950587621,High,Yes,11.654533513758572,824.0543528567323
Bread,321,39.97419113078835,Low,Yes,36.14889225984413,330.3077893937317
Milk,136,17.10735029339733,Low,No,27.51833522405139,10
Flour,377,41.53503396057425,Medium,No,36.847625366501774,268.3367690256968
Bread,295,29.006531415783172,Medium,Yes,39.42452897006893,429.38584950508283
Potatoes,963,7.374047667444087,High,No,41.16493451359923,806.6756924688079
Yogurt,583,25.562248245421202,Medium,Yes,42.574105971307176,643.3199966196863
Potatoes,341,47.397106266349695,Low,No,43.12510346973397,10
Eggs,423,44.95367073809987,Medium,No,23.565849193508885,332.0439884618242
Salt,830,9.601892644870222,Medium,Yes,45.01526324864934,829.3470176416697
Tomatoes,291,38.48570085714666,High,Yes,37.3811114095514,531.4385364584194
Bananas,116,41.260678968120565,Low,No,42.753691913824525,10
Bread,623,17.212468470654414,High,No,49.513610878907,544.279753682253
Cheese,500,26.222385683349152,Low,No,10.238663395964789,358.347702132408
Flour,985,36.99445736586573,Low,No,21.676086395843363,647.5093788293242
Cheese,804,24.756866996951654,High,Yes,41.294615931781934,982.5827369721991
Apples,121,10.075861348995963,Medium,No,8.883656212831607,194.48140578792965
Bread,573,36.76471001067747,High,No,29.335147946260708,580.7937831773085
Pasta,219,46.02374103808866,Medium,Yes,43.62790815176588,283.9312698679152
Potatoes,309,34.36181277827709,High,Yes,5.854606844367461,747.3980501691392
Milk,405,39.82103368560652,High,Yes,47.27835043515826,640.0331059034806
Potatoes,369,21.126314104602283,Medium,No,49.01651707570713,161.5427538516097
Rice,803,13.243921030698568,Medium,Yes,19.502641836870716,931.731314461349
Bananas,786,33.92481477282317,Medium,Yes,39.5056036125523,812.194954757998
Salt,384,19.74970426285485,High,No,10.722924619900315,576.7837437225239
Pasta,815,43.703308354540674,Medium,Yes,39.778892173722866,832.1571196697967
Salt,775,10.518262249010295,Medium,Yes,26.668475637530232,890.0411119472363
Apples,862,24.505866487990566,Medium,No,43.71228853376955,608.5259426752508
Bananas,326,22.85274202107736,Low,Yes,14.567289227429038,411.76800810311187
Eggs,480,47.212423409926835,Medium,No,35.269607895900776,300.0115312888074
Sugar,559,11.891066027198175,Medium,Yes,40.37536284871328,630.8254898206961
Tomatoes,106,5.443107125540493,Medium,Yes,14.112151936354746,423.31846588923224
Yogurt,128,15.713834576320291,Low,Yes,41.822927490641966,139.12073629861735
Tomatoes,132,41.91245868958945,Low,No,48.109347542384114,10
Cheese,745,14.419481722115767,Medium,Yes,32.72353699642839,853.5481352553156
Tomatoes,978,15.839512866746722,Medium,Yes,40.31826875557477,1010.1056368043972
Flour,178,10.845446204156486,Medium,Yes,28.966273671184055,331.17761025246296
Sugar,558,37.19462914744432,Medium,Yes,31.914651244803384,715.6094567737796
Eggs,669,8.112838572743772,Low,No,5.600859553655566,511.14363080516466
Apples,637,19.904373604783473,Medium,Yes,28.59292700762122,768.9509420321563
Potatoes,581,17.712442697943402,Low,Yes,30.900368742081806,578.3227553104547
Apples,529,29.982187840556968,High,Yes,35.15213955944239,783.0877275349185
Pasta,837,37.8687319258881,Low,Yes,12.62257739747099,805.4413306246015
Sugar,384,28.979439561353633,High,No,15.861841807329164,556.8233001765676
Potatoes,615,46.89616968387804,Low,No,39.020208426151825,250.40421122358524
Yogurt,198,47.81491874992994,Low,No,12.543746901231454,42.2022847344024
Butter,496,21.265939782433193,Low,Yes,23.72117325735907,510.53213637181284
Rice,588,39.995616932370176,Medium,No,16.2720598545003,507.4617742249174
Bananas,138,38.24606224706854,Low,No,29.533284662978897,10
Cheese,370,45.18340662671723,Medium,No,49.40918965197247,173.41610003761326
Salt,986,25.15746380934665,Low,Yes,43.3417053955232,849.926634144788
Tomatoes,896,28.87129342390065,Low,Yes,17.126345298271552,880.5123047682583
Rice,256,23.70984411117083,High,No,21.587531476029916,359.2735111902772
Tomatoes,174,43.266961368486754,Low,Yes,46.33851121240277,114.25883550001492
Flour,983,15.336604191296047,Medium,Yes,45.42327375596324,939.9696696947935
Pasta,899,15.78690852091001,High,Yes,12.223761730189397,1188.6617069454835
Bread,229,21.76722966096859,High,No,42.31720092895401,245.28805642034195
Eggs,786,15.365427444605803,Low,Yes,18.39235571543533,746.1032471592127
Cheese,183,30.245307638671434,Low,Yes,29.47114216932213,242.63369945713822
Milk,121,11.052054792297604,High,No,5.229427518058916,351.4586999373923
Flour,558,19.40837987318249,Medium,Yes,49.93655859032698,558.4589733404226
Sugar,638,46.10501143140155,Low,Yes,39.249341134180185,555.665044466179
Bread,806,23.415146608630817,High,No,15.877987695442602,879.1371481816703
Salt,948,38.670517242207914,Medium,No,35.77077023625772,702.8417772636008
Pasta,481,10.105798626795831,Low,Yes,18.198831327056595,592.1975349868746
Sugar,847,16.14040286638031,High,Yes,9.025511629370744,1240.8678613908914
Bread,539,41.33055295401658,High,Yes,24.138948036520866,854.7466879412256
Sugar,703,39.33468213303623,Low,No,32.61734880996403,365.58159330783116
Pasta,120,22.37701633672195,Medium,No,9.039985619498523,197.68017036544913
Tomatoes,402,47.94786059150634,Medium,Yes,28.328283433802422,519.2513605778166
Bread,968,45.978935712554545,High,Yes,28.168890460047947,1134.4101716165233
Apples,183,48.30353371005079,Medium,Yes,33.289035827616644,305.3223798548644
Butter,873,24.256161058450342,High,Yes,16.009053733870868,1137.3727013263767
Tomatoes,758,13.886311265855737,Low,No,5.928866746063985,532.8369031310154
Bread,552,33.19963875911034,Medium,Yes,19.618587802652222,745.6289435646543
Potatoes,486,35.81479212256393,Low,No,22.936153663656356,233.737079852727
Sugar,606,10.6448803002734,High,No,33.6083474606192,619.7344612922649
Pasta,356,40.391736543315766,Low,No,46.85773380238631,52.752655938113506
Apples,669,5.812709889198223,Medium,Yes,14.152348525258303,896.6721747743651
Cheese,991,26.722777436455253,Low,No,35.930013294575296,589.185808569565
Pasta,626,19.89573167727027,Medium,No,9.383040921797143,603.2560545205729
Tomatoes,261,38.31363769545878,Medium,Yes,13.577978999966769,532.0283311693419
Butter,262,19.074232733981717,Medium,Yes,27.91105302063162,498.67035997551653
Flour,931,42.20632007514648,Medium,No,36.876991062189774,712.8186270239963
Potatoes,892,31.772906995136474,Medium,Yes,43.63558411734224,918.6359755793217
Yogurt,891,40.725201279293245,High,No,38.47565443908642,750.1195834165029
Yogurt,623,49.52032870278307,Low,Yes,5.690875408723325,675.2573283028363
Pasta,885,35.56212555846005,High,No,35.77690966637107,842.2888939156325
Bread,370,49.32276423627398,Low,No,42.1095966665138,78.21168965622874
Cheese,591,6.297634711476741,Low,Yes,28.64900648251121,572.6547838600297
Bread,307,20.21629948177138,Low,Yes,48.451941093488415,229.01064829087193
Eggs,638,9.853396905303912,High,Yes,5.194059009972491,1053.1635428363534
Salt,683,16.80372191229978,Medium,No,41.83960777809368,419.412788010208
Rice,159,42.74995546065985,Medium,No,20.06688793636375,179.2563181472334
Potatoes,529,6.454546939674064,High,Yes,34.27024017820223,801.3421736203765
Flour,756,28.408232107957716,Medium,No,36.206685248832486,544.8972721740909
Milk,704,30.520791838956786,Low,Yes,18.781205736976787,719.1068024527322
Tomatoes,408,30.251801600238025,Medium,No,49.794102491607845,200.72211427328827
Bread,619,26.388368322046507,Medium,No,9.646251263166794,584.6451215649189
Butter,690,40.57713341463899,Medium,Yes,12.0663088325894,869.9925151030227
Yogurt,126,11.009439027749803,Low,Yes,45.14862673629779,141.88804452414004
Potatoes,785,18.97596569978543,Medium,No,10.363094440019232,721.4719995855091
Pasta,661,32.707672405032774,Medium,No,22.157881913568588,494.38316469624243
Potatoes,298,36.09281148205801,Medium,No,37.991399535329066,138.63378250722894
Potatoes,486,23.186679429967533,High,No,40.61713373760822,441.59600550100737
Eggs,448,44.391706849725495,High,Yes,47.96011295657566,660.0999217956165
Milk,792,23.697202851316145,Medium,Yes,40.530822560339004,835.8028584183296
Butter,635,23.124926045674993,High,Yes,43.003957285389085,881.5284660928431
Salt,927,6.629326766932323,High,No,47.72192025624848,769.2428230062645
Butter,477,29.801360128763022,Low,No,29.915946152335138,256.3971782705773
Potatoes,998,36.89063773303573,High,No,20.454505704434496,919.5457926620063
Flour,657,10.149717358258165,High,No,39.27259150999264,624.6949224956414
Butter,626,18.744474473954188,Medium,Yes,12.35937138897005,836.9870078195135
Eggs,252,40.156562920228346,Low,Yes,8.070425150182547,398.417300486056
Milk,833,21.466374593610894,Low,Yes,40.33988893052461,694.6795025178602
Rice,305,15.872110791801795,Low,No,47.780211112828326,10
Flour,554,35.24902986043005,High,Yes,24.91011252348689,813.9683353332916
Eggs,372,13.854144995224503,Medium,Yes,12.25100540516533,655.3727450804538
Yogurt,993,45.304381381242955,Low,Yes,27.365943923908816,892.4118026934377
Cheese,335,9.751927821176343,Low,Yes,22.699303337903512,410.4945218043504
Cheese,951,36.794741102727215,High,No,21.761327289132307,925.2254991563526
Rice,839,27.479691557886884,Low,No,33.2636377989747,481.30257648371816
Rice,620,44.14683030786471,Medium,Yes,12.863107161963775,825.3529758612069
Yogurt,777,10.678779096180648,Low,Yes,22.121669691382113,803.3514774937213
Butter,930,35.50527133232396,Medium,Yes,44.09045775980287,863.9861428168468
Sugar,825,30.742458763162166,Medium,Yes,37.83492939277047,812.1320184107498
Milk,600,26.60405640080209,Medium,Yes,7.501481005495512,837.176726143789
Sugar,216,27.113326854470078,High,No,28.125670818311928,308.64897989057584
Milk,485,37.48896328093389,High,Yes,9.108289305809523,877.4372449806604
Bananas,443,47.198374472066995,Medium,Yes,48.08733930268534,489.65043681255963
Potatoes,683,9.106324660357163,Medium,Yes,16.008828839735237,880.4629745067559
Yogurt,494,5.87761914247341,Low,No,46.96794615710361,148.83655673664694
Eggs,163,41.256715661654155,Low,No,42.53037838211816,10
Bananas,816,9.86762243978417,Low,No,29.811399561378476,475.11357214045654
Yogurt,820,49.40135582361907,High,No,20.133705777933585,825.8172435516876
Rice,171,32.87067120314768,Low,No,43.60760063107927,10
Cheese,888,34.28898778643633,Medium,Yes,11.875266542144361,1032.7735561935306
Tomatoes,373,13.950126632210782,Medium,Yes,13.098835125456363,627.7534007280478
Milk,419,15.81405396335035,High,No,15.112520481506422,540.9962626146582
Potatoes,437,34.67076363946626,High,No,31.89636040307842,479.05948017862863
Eggs,465,45.93770770703886,Low,No,19.14463510486314,204.87961319629557
Pasta,594,49.2075749532905,High,Yes,49.51316477655097,724.4348584837027
Pasta,706,13.911392598399214,Medium,No,13.780086588192397,604.6629041707303
Sugar,265,11.035383021940557,Medium,No,41.252454389936936,176.61573867776775
Bread,643,7.538061099235572,High,No,9.3126298328058,833.2527403637722
Salt,110,44.073365817259756,Medium,Yes,20.905095303478376,335.01325317481
Bananas,400,18.262168108541093,High,No,15.969312509272422,523.9650862903443
Flour,828,5.081541524116325,Medium,Yes,48.9576176883614,794.2682635176704
Apples,900,15.071813872539298,Low,Yes,6.157876089985528,938.311469838041
Sugar,201,20.31984860447383,High,Yes,37.475128656525186,495.01217293253256
Bananas,524,49.59437762735084,High,Yes,16.147495643040408,872.1487292735383
Eggs,491,28.559371723568674,High,Yes,41.50618981639786,740.9401635578739
Eggs,878,14.212127641779558,Medium,No,19.005097981333275,713.5536981357212
Rice,313,20.066825512105297,Low,Yes,13.427791025516745,431.3730615821127
Potatoes,790,19.86384594005953,High,Yes,36.18679331404682,937.3124297631647
Pasta,187,5.8876585908428964,Medium,Yes,16.59094410685731,456.0054312370784
Milk,652,11.083237437714352,High,No,26.8496091490287,672.0999227715763
Pasta,500,36.2838406866445,Medium,Yes,10.919004004132024,720.3889481205649
Potatoes,687,10.411294395683058,Low,Yes,37.60691049694277,596.9979866257082
Tomatoes,988,15.383042447275345,Medium,Yes,23.307629227424272,1051.3225190222493
Rice,145,20.783178428193896,Medium,No,11.326089174676744,191.00449956067277
Yogurt,771,39.098072502603216,High,Yes,38.37177710559419,962.536208974033
Butter,562,31.20804341905729,Medium,Yes,9.65129864142813,793.7272013049632
Butter,691,36.004999324485574,High,Yes,30.866919012903477,933.918885614229
Yogurt,409,30.51555464390775,Medium,Yes,32.33683263605231,533.0501367883903
Potatoes,185,35.76165913498411,Low,Yes,46.865772516861384,178.20040729584454
Eggs,191,5.12789691487876,Medium,Yes,11.794122434535614,537.0260918796286
Butter,759,46.89041649671432,High,Yes,34.40058618786213,923.0994313609747
Butter,772,9.991410389366294,Medium,No,22.134586162786995,656.8594386698795
Tomatoes,813,23.281209318960716,Medium,No,23.03664561618392,659.5319092838654
Tomatoes,341,39.69672666101847,Low,No,27.58213318747137,142.80891231898391
Apples,964,24.585382310424077,High,Yes,15.520307542205236,1230.9279450975066
Rice,101,47.607914825038215,Low,No,25.75324575286061,10
Flour,324,26.041502682444502,Medium,Yes,35.90807757803758,481.48789547033317
Tomatoes,900,44.37227325212021,Low,No,25.57008677968067,561.0372607196288
Flour,844,41.48726510130219,Medium,No,6.912879229899017,820.2164036217938
Bananas,688,49.14438362594074,Medium,Yes,16.602181139518603,858.1090943389331
Eggs,215,46.69465013379389,Low,Yes,20.815709573889933,322.5223519128983
Yogurt,765,45.41557256207954,Low,Yes,20.962451160033517,727.8632900398687
Cheese,202,37.92219532337607,Medium,Yes,8.645310163369482,495.72668167388645
Flour,293,21.514916627069933,Low,Yes,25.23067482277684,371.837913359501
Rice,265,9.77564383542061,Low,No,36.13770585448552,47.75911685764967
Rice,970,35.98902735189755,Medium,Yes,7.1902408121880494,1084.5942262931321
Potatoes,189,49.039433660208424,High,No,38.79158775679538,236.5513222804035
Salt,785,37.6971996799341,Low,No,47.97973413335563,383.4678678602476
Apples,221,46.7928216174801,Low,Yes,5.420217036722173,372.3934852577482
Yogurt,242,41.19371208299825,High,No,13.716154216946508,415.79019984426816
Rice,205,12.340160380250545,Low,No,29.456950205538153,10
Tomatoes,986,16.214169676607927,Medium,Yes,14.812226894753097,1039.2292523692613
Apples,527,20.383952079305764,Low,Yes,39.40817142550406,425.0404236336618
Cheese,404,12.571719995210186,Medium,No,19.04604417317494,400.9334521623048
Milk,971,31.174309970285304,High,No,18.213137704306313,962.815748980656
Eggs,416,48.895273586072804,High,No,5.041574410254885,588.8352210129622
Potatoes,734,39.26564750462714,High,Yes,17.15567846847241,1031.6790798155882
Pasta,108,24.052403708035783,Low,Yes,14.795173485808649,225.63898175207967
Cheese,873,5.20270164411299,High,Yes,20.445843521411412,1129.5570774161947
Flour,172,19.097420501218043,Low,No,11.644549386093509,79.69702712406846
Tomatoes,458,28.704167946149685,Low,Yes,31.759189989012267,456.18185015277913
Milk,322,19.59128932333868,Low,Yes,15.743369457155424,484.739792166963
Apples,515,9.996571536073679,High,No,42.428788913667915,480.52550430029527
Sugar,652,24.924423058785255,High,No,17.80510760319254,770.2314252044215
Flour,469,16.39637676345723,Low,No,14.489131975684714,268.7437052528318
Apples,815,45.91545694076756,High,Yes,7.553811287274564,1155.931220905604
Bananas,363,9.578953782545709,Low,Yes,38.29580105097847,349.4676964397899
Tomatoes,939,7.2118682926119675,High,Yes,27.869367876690013,1154.4712599349884
Bread,789,5.2391376119687925,Medium,Yes,10.120234882121727,977.8095032275257
Eggs,959,19.7631358018546,High,Yes,14.960065217788022,1213.8396562529558
Apples,417,34.71740771903998,High,Yes,49.94235824269292,643.6466415909308
Sugar,183,37.86861887968067,High,Yes,41.271292705261075,445.83077581618693
Butter,417,25.39677575217754,Low,No,20.744126859541517,226.7067554356505
Tomatoes,210,35.794789270487,Low,Yes,29.414967377690477,275.70351848362554
Cheese,350,21.196131629691354,Medium,Yes,23.720772150526695,592.3241662341524
Salt,482,35.05127989939776,Medium,No,6.637530443038541,514.0397919020478
Cheese,106,6.8268193386068035,Medium,No,40.04046541458079,48.357146649724406
Potatoes,558,22.583884305515188,Low,No,37.26437509504523,229.65422347751647
Tomatoes,183,40.58823549349306,Medium,No,23.396104152314496,135.55210692248855
Apples,307,41.13527137065506,Medium,Yes,43.065371159628235,375.5481419626409
Flour,999,37.22669504940626,High,Yes,29.06325927001465,1148.242389042421
Flour,489,14.190737925643898,Medium,No,7.9343797735311545,494.39061102519196
Yogurt,413,16.124230351878495,High,No,16.673283061109657,517.1489684475168
Potatoes,121,49.82399272690305,Low,Yes,25.779777623863072,228.9658845519211
Tomatoes,509,9.652010324088195,Low,No,9.65521574198587,336.72906838121366
Rice,994,13.129821450608421,High,No,30.698653678830727,937.9694960016928
Pasta,614,10.851181504255967,Medium,Yes,10.425567275753066,825.7072598159016
Yogurt,226,19.7444733657627,Low,No,14.022868346791185,58.69769846163821
Salt,908,14.45791258552655,High,Yes,45.229264760220275,1075.707944853545
Rice,799,27.395958179649746,Low,No,49.99155746185553,396.4086961402473
Bananas,973,26.420931809605396,Low,Yes,29.761400482100907,890.6981943523842
Apples,113,45.56775287530864,Medium,No,32.88418745592942,71.0435860901672
Tomatoes,111,6.563297635015166,Low,Yes,40.88440161168936,108.31179207419203
Rice,186,19.394580950049352,High,Yes,36.32627732918402,485.26985392195195
Bread,623,31.84960513986906,Medium,No,13.210994509462235,579.9798541185478
Milk,636,32.21607928297837,High,No,23.525218604229995,721.353454316887
Tomatoes,400,26.605680305639414,High,No,29.08024335087802,472.8753100280861
Flour,342,41.704949336658515,High,No,21.18703964660186,476.1663274041906
Bananas,221,7.8224977136506455,Medium,No,12.924777639100771,242.48869297873338
Pasta,246,41.696949451106114,Low,Yes,38.12510048276178,268.2615501597375
Eggs,666,27.263940819606663,High,Yes,13.948088228571102,986.843536683298
Apples,849,11.019231278465098,Low,Yes,16.721866791581185,847.2858285402476
Flour,455,44.8565861093215,Low,Yes,17.89338268077946,491.1199606800775
Salt,784,34.215295079343356,High,No,12.280065371418539,875.3667108135425
Pasta,832,12.359555907086268,Low,Yes,43.22982303478997,720.3539665510611
Milk,730,6.514237552956198,Medium,Yes,32.477734348911326,774.0507770746701
Tomatoes,408,11.349934174969217,Medium,Yes,42.56366584964624,547.6656386909497
Butter,794,32.39590820811771,Low,No,27.217819107909914,554.2052261391674
Flour,387,13.06833058670218,Low,No,28.380336805433092,150.5041701885448
Yogurt,406,15.159338369376265,Medium,Yes,32.726508356046395,549.7837418851832
Rice,911,6.131287659034138,Low,No,21.691379476881593,654.4603526132796
Rice,693,37.53188025073716,Low,Yes,27.34628426739966,650.9056621968045
Cheese,822,41.466397989174666,Low,No,29.61118080804568,488.6916676641914
Yogurt,761,40.85816795474554,Low,No,47.9094096279763,405.7329298993682
Flour,648,10.74056681139279,High,No,44.73086593210387,548.7464720915435
Pasta,451,45.64855073249417,Low,Yes,10.816063136353527,510.2265150479734
Bread,411,35.2525473263336,Medium,No,6.857711005663271,439.41986111519265
Eggs,972,45.388788006958904,High,Yes,35.615027829118056,1078.2441290346592
Flour,158,25.12222270387986,High,No,7.213939999019482,366.5789131508708
Milk,742,24.6629687487664,Medium,Yes,7.715797922869614,931.2245571090119
Tomatoes,813,40.30414334082029,Low,Yes,12.166852857986427,848.2668786463273
Bread,854,9.198403496453459,High,Yes,20.82681908900303,1145.2522938418158
Eggs,134,28.43933164856986,High,Yes,24.5748250333044,469.60939154431355
Butter,544,42.637290603405155,Low,Yes,28.372011562149655,501.2275966370127
Sugar,192,42.35866533813071,Low,Yes,49.652968683747815,113.45413538938752
Potatoes,306,48.02597853540661,Medium,No,22.3354739620439,252.61236461956702
Rice,452,36.42226670887459,High,Yes,15.923889343389224,780.8430042403363
Flour,431,14.349678324787776,Low,No,30.886358386312807,196.7428071651921
Potatoes,916,5.912614170256137,Low,Yes,14.68179286731522,885.6091164991836
Butter,961,26.573710938219588,Medium,Yes,47.32445443063481,936.5495304578279
Sugar,824,28.116673953015,High,No,16.666443592050612,861.7238177482886
Rice,258,15.811816302451916,Low,Yes,49.54703610439722,171.56665715647623
Sugar,123,10.611385120562144,Medium,No,23.840068567138047,165.5422836863936
Tomatoes,503,31.379367478572902,High,Yes,41.570870331368816,771.3877636323608
Butter,904,39.39150533108636,High,No,34.17261462705965,841.351533655452
Sugar,615,49.69193466155723,High,No,47.007237850013105,524.9416570338353
Yogurt,831,39.12361777447333,High,Yes,33.14421288089082,997.8283423070658
Potatoes,463,40.71345864150114,Medium,No,31.15480907488328,376.402626401006
Eggs,481,32.74073952029589,Low,No,34.37836000558306,221.21701626263075
Potatoes,631,49.3665196536508,High,Yes,40.390948946504516,803.7421170902612
Bread,251,33.798037330155665,High,Yes,45.44787344858636,486.0572320815658
Rice,661,43.71139788798669,Low,Yes,17.006670504342118,685.6185624595674
Pasta,788,47.560309080843005,High,No,14.039919134604965,801.1569373660187
Bananas,707,46.84363252252524,High,No,6.545736304969085,790.6789095014102
Rice,716,22.163690470251044,Low,No,21.65356413696201,422.23336413088543
Milk,519,8.53979262414164,Low,Yes,43.07832602771227,415.2884532603373
Salt,349,12.734316614266106,High,Yes,8.143584288659897,760.5129854236365
Eggs,216,7.665048742847336,Low,No,29.23340344085083,49.980583059488495
Apples,965,9.7428620673113,Medium,Yes,36.2654886303979,933.1647314041438
Milk,611,13.309306065216393,Medium,Yes,42.65838649044763,681.8579429145228
Bread,839,20.34924424643308,High,Yes,31.25436448889734,1062.4919754166026
Flour,677,29.459284095878413,High,Yes,13.384400458682874,1038.9986685811941
Bread,434,37.02569267097887,Low,Yes,48.404131619820085,344.37796517932514
Apples,517,14.491730124793037,Low,No,9.259317968091706,348.69236535716095
Yogurt,873,35.26350819071627,High,No,39.60498253086312,758.2840414871305
Eggs,394,36.69165835260888,High,Yes,8.895165072948888,832.0906956762346
Sugar,854,30.138005158978526,Medium,Yes,11.453859845650184,1025.7701407199186
Eggs,470,45.66280414094198,Low,No,45.41970171627252,111.27601958367998
Potatoes,285,9.994766626481479,High,No,38.88835963707919,355.82817022636306
Salt,345,12.970465592108877,High,No,21.447872205439253,448.8990597205659
Yogurt,736,24.289917097526818,Low,No,33.74259604952918,407.91380523877086
Bananas,367,10.70207308554075,Low,No,25.576124976981244,142.2338273159845
Milk,742,30.483326467583936,High,Yes,7.994199240334116,1104.4025976965443
Tomatoes,336,22.9280209974241,High,No,37.450742735241306,340.256535319385
Eggs,629,17.806810754116327,High,No,39.3465075681269,588.606396140323
Potatoes,651,12.649541585793678,Low,No,44.70536237684074,271.31180382536604
Bread,120,20.090220725669464,High,No,29.328680597507603,247.22284549948773
Cheese,836,32.35817078745539,High,Yes,35.29120779506552,1037.8195131781758
Bananas,966,30.910334490023523,High,Yes,24.712268826869057,1150.6586608078926
Bananas,893,12.363080009460521,Medium,No,19.35091665985219,773.6568183607512
Potatoes,619,10.621391483328503,Medium,No,23.526499783464917,477.9551038302802
Salt,199,6.200454317399264,Low,Yes,46.02885604990195,241.71468773495945
Tomatoes,851,5.559151720726952,High,No,12.387707826988489,900.7376929262912
Bread,577,44.59146960738583,High,No,16.182491792924548,689.8696261807527
Bread,698,7.0289985202425465,Low,Yes,32.27858561199795,649.527564456864
Milk,397,37.904949944296085,Low,Yes,10.23265947025338,504.7380927071602
Cheese,625,44.239329331023065,Low,No,45.13390302435922,217.22860243730463
Rice,433,9.41260318531059,High,No,7.125636733846816,631.3687405105597
Potatoes,101,24.633564072485793,Medium,Yes,38.98905319692078,274.9973659365852
Salt,474,48.30363424284245,Low,Yes,21.817762121718495,510.06356293051806
Rice,392,42.53623972356133,High,Yes,7.302450812515751,803.098196390287
Bananas,936,27.036681433603476,Low,No,42.931755217343174,524.5241750839812
Tomatoes,652,39.31570007561988,High,No,33.82071056062048,606.2234493321347
Bread,417,42.50199309942487,Low,No,5.398641911666231,280.7690615870347
Yogurt,601,20.661213343492367,High,Yes,17.038978177307595,922.6778261921354
Yogurt,927,45.14688125914824,Low,No,20.842052347626087,593.6491616996121
Bananas,480,26.171299385472054,Medium,Yes,19.516016700467205,677.3700389957753
Milk,722,28.751331360147347,Low,No,27.42539130633389,436.9989864628124
Rice,113,49.986843701982394,Low,Yes,28.706133104458058,179.3990729186139
Tomatoes,603,42.948633476847256,Medium,No,22.85393080069212,493.58820541302185
Milk,330,21.279650259784102,Low,Yes,19.929665245003562,416.0451202959978
Eggs,183,5.465551841271497,Medium,Yes,27.698419773052493,412.4400515735551
Bananas,229,33.177833320725256,High,Yes,6.512693208289699,686.9734334330383
Pasta,842,36.67610417576485,Medium,Yes,34.03407920142266,890.0760825040732
Cheese,937,34.28612105645209,Medium,No,32.269213260664,756.600962861492
Bread,244,48.55380580234459,High,Yes,17.564890987631728,596.9464353185896
Apples,990,43.83369622994649,Medium,No,13.078195115028672,845.1342912153466
Potatoes,956,25.197426193129182,Medium,No,8.284323768257066,870.9249063208364
Bread,127,7.8285869362571425,High,Yes,31.430468808775018,443.05128541351644
Sugar,165,26.42264462758986,Low,Yes,30.600512266334093,257.2636508543167
Bread,262,36.01598089829104,Low,No,28.999314054974896,54.239975547714465
Milk,328,32.346941370215205,Medium,No,49.352822068421794,178.16947190549567
Bread,360,29.216168046989818,Low,No,28.9194849959684,162.38734735330962
Potatoes,548,26.09685311068586,Low,No,37.48058284863609,250.32224706879623
Salt,523,18.219284286232384,Medium,No,10.081322232511937,441.9059355310027
Yogurt,559,17.480604277608315,High,No,18.453685513350354,650.6220969463504
Salt,775,27.510416551661084,Low,No,17.395097671758727,525.6259107712337
Sugar,400,12.227141589334206,Medium,Yes,30.918897763610378,526.6859377201389
Rice,402,20.33084406086607,High,No,19.886595276068327,458.31139788664086
Eggs,386,19.57906736195448,Low,No,33.847989209152246,143.62059935730215
Tomatoes,494,31.42097607128904,High,Yes,36.05403826407663,711.7436105274344
Flour,109,8.000703516336106,Medium,No,6.516042672983172,262.46195114591967
Butter,806,42.33509061192928,High,No,33.78909705977503,762.5810878495549
Salt,729,30.307027117298095,High,Yes,10.25543130254786,1107.314681453759
Yogurt,369,35.18720063491709,Medium,No,25.93108858350053,298.8858587460722
Potatoes,691,36.63922566917448,Low,No,37.69594568460185,368.546823581692
Cheese,704,18.11678615791414,Low,Yes,36.65052481753157,622.4869007702766
Milk,877,26.166720532318994,High,Yes,18.492014524885747,1176.2237550206821
Sugar,943,48.03106801413502,High,No,17.256463270736802,882.9521925931883
Bananas,961,39.50173570985667,High,Yes,24.810192853502997,1201.6426031942394
Rice,460,48.63005938504334,High,Yes,13.490018735800426,846.2978014565027
Milk,356,38.58144553158297,Low,No,48.86145557188159,16.57744963230992
Pasta,232,12.902006286883283,Medium,Yes,20.521268209129005,464.26773927096957
Apples,375,7.904114773010431,Medium,Yes,46.53469733054797,454.40138844546186
Milk,875,30.994764652384863,Medium,No,45.87192333319828,613.626010059276
Milk,782,21.10159758661743,High,No,21.418204440304148,844.3793599448495
Apples,612,17.395605956217658,High,Yes,16.43380845228076,932.707478527162
Sugar,412,41.32449483914379,Medium,Yes,39.68760355368184,459.4467220772548
Tomatoes,675,21.51469701868763,Low,No,15.32200314036442,527.170065316186
Bananas,985,19.26504363804368,Medium,No,28.456087548311434,806.2342773748317
Potatoes,383,43.249441692605465,Low,Yes,9.981021848895047,473.1338214879625
Pasta,220,43.08293014189071,High,No,22.36694695472433,378.2892017253444
Cheese,206,21.036498698977546,Medium,No,8.516971564480254,289.7077098825631
Apples,786,42.46244154436848,Medium,Yes,17.754781670872585,933.56334208355
Rice,303,43.28503206496972,High,Yes,34.93821821857458,581.7548421148073
Rice,264,24.07687407633498,Low,No,49.60882204475812,10
Bananas,404,7.99129085941272,Medium,No,16.46634184279602,419.55941006709486
Bananas,596,5.071309000985305,Medium,Yes,26.29945807472026,691.1648731571808
Apples,731,28.548160830004775,Low,No,25.162075160111886,451.45039324360164
Bread,655,20.48339720166601,Medium,Yes,13.286913539340267,856.2690047857897
Pasta,923,49.87093523712647,Medium,No,32.45310662888785,709.1812990798637
Butter,255,39.75849498322779,High,No,37.61172260698873,297.4476479689278
Bananas,466,39.25739553576856,Low,No,11.624876754640324,330.6291107195312
Milk,818,47.985924572930465,Medium,Yes,39.07060576613606,828.7145008905397
Bread,719,44.94759790519944,Medium,Yes,36.5072736107971,770.1062695147457
Milk,350,19.31843657553749,High,No,13.880429637243049,510.4085930683697
Cheese,981,12.469424972174437,Medium,No,34.202643130305646,752.2099860432401
Bread,433,38.5651519279467,High,Yes,22.715225571358513,721.9612584766994
Bananas,741,22.022325215729285,Medium,Yes,35.65119886224934,809.9567443915568
Flour,610,26.292769323393042,High,No,27.32435835061344,644.99551490638
Pasta,392,33.36789790736721,Low,Yes,7.166195385532294,500.13012167619144
Bananas,119,45.85427046208583,Low,Yes,40.41351446620068,116.23584494207462
Eggs,381,23.85894891519347,Medium,No,30.001996612358766,197.46443529141004
Cheese,896,40.24926005987126,Medium,No,37.615758028642965,694.8487613068737
Flour,100,17.075290607359584,High,Yes,10.673229869611635,595.1271106240799
Pasta,218,36.408730591562616,High,Yes,37.45726126713953,478.77439295404554
Pasta,134,5.071073948506034,Low,No,23.61497848324168,10
Bread,297,44.21782460707856,Medium,Yes,40.96701698115756,454.11164362192056
Salt,584,6.367081097950813,High,No,31.962464389534407,569.558617183724
Bread,856,37.07391896431629,Low,No,20.97059563714101,575.7638230092208
Cheese,158,7.081618516757775,Low,Yes,14.086262851127575,287.6673745535699
Rice,936,16.981056472730153,High,No,41.71658758876592,844.0307925203604
Butter,260,27.37410816004489,Medium,No,30.208669860943658,194.77373736997123
Flour,790,23.89724084067072,Low,No,49.43606326836191,364.37410835954233
Potatoes,305,13.632625157045476,High,No,21.80699016554443,439.8043927912988
Tomatoes,111,20.021671026915683,Low,No,35.85736497136085,10
Tomatoes,589,37.746786652743516,Medium,Yes,33.02693922994163,633.6649243352559
Flour,375,35.116569166084176,High,No,33.691176917935195,386.1541627646699
Sugar,792,8.231656269376206,Medium,No,38.16409840410457,557.2279210983608
Eggs,341,38.629212150779885,Medium,No,11.259872599232931,299.0624561908193
Yogurt,315,7.387064653866275,Low,Yes,29.73398197992219,360.7185597638871
Sugar,350,29.4316875094903,Medium,No,27.910835167749035,270.5469796881944
Rice,910,16.702823661898577,Low,No,20.41384050907433,628.1976175979737
Potatoes,225,31.44605574019185,High,No,24.626761993365623,356.7657028311772
Pasta,316,16.759777817340584,High,No,28.346543449304775,425.38145894761317
Bananas,405,49.3231086331624,Low,Yes,19.441504173441245,464.338577050676
Potatoes,896,18.93776826773893,Low,Yes,18.19214744083465,836.9821207581308
Bread,284,15.88822860535232,Low,No,38.22226585999305,45.530322154887855
Butter,138,17.53093809119057,Medium,Yes,8.011316422388422,468.23209101869384
Cheese,322,45.341278576668294,High,Yes,19.08333853267019,755.2158114220597
Flour,283,33.629847290120516,High,Yes,34.41700157602077,587.737618671026
Salt,594,37.88078438393494,Medium,No,14.394783574896914,545.7726835055361
Butter,526,46.31047295424577,Low,No,30.7522685878512,241.0386523191921
Milk,277,46.034261818025335,High,No,18.59738637418471,407.0628127409602
Flour,527,38.25256309604274,Medium,No,42.94855730075947,337.17253132568834
Flour,393,13.90209929785953,Low,No,20.749519945811073,190.66264333599534
Yogurt,951,42.951799430375246,High,No,15.328245277890973,968.003483628005
Sugar,250,14.169921538597867,Low,Yes,28.854669969022613,317.2945026492812
Bread,483,38.43044663442944,Medium,Yes,11.104723085250171,699.0759608754146
Milk,737,35.852137994519346,High,Yes,40.88677853322763,942.307236991909
Potatoes,912,39.149998256320096,Low,Yes,35.60127130726971,803.4479542234853
Butter,407,28.970855632121708,Low,Yes,39.67290071127121,336.34220107278367
Butter,435,33.742678201214886,Low,No,22.949518990870605,187.47037417649523
Yogurt,845,47.89940361954149,Medium,No,42.57515362347238,602.6191320760752
Milk,991,9.54898673783967,Low,Yes,27.209665883171898,884.3511036658463
Cheese,474,18.8981273651729,High,No,9.261456571410676,592.0723340422754
Sugar,107,32.511065589427204,High,No,15.081316204633207,345.4448095667224
Salt,440,48.38243585591702,Low,No,36.99737606876987,113.83207479923158
Pasta,228,9.300850144817051,Medium,No,45.33900344638262,55.346694250901216
Salt,875,6.014714968853889,High,No,9.283351658837391,927.0650825687527
Bananas,768,7.5087319311647605,High,Yes,43.88966559937453,948.146751849222
Pasta,451,7.358255890753947,High,Yes,40.9581423130324,704.5367228094875
Bread,457,45.8517135999832,Low,Yes,21.045247699328847,544.0643076083092
Bread,616,37.45660585702211,High,No,36.01745619784954,570.9326276490583
Bananas,594,35.46978647883252,Low,No,13.412810471068996,397.4857466148765
Butter,185,28.51577691178143,Low,No,41.60269849702755,10
Eggs,274,40.18786776374684,Low,No,34.580255983205475,10
Sugar,901,12.004159674271586,Low,Yes,24.747322076017927,862.1730360248439
Butter,292,22.637353540479683,Low,No,43.90327919960164,10
Sugar,410,27.050191284395456,High,Yes,11.26555255854057,860.9097777474215
Salt,218,9.968427395452682,Low,Yes,43.06035345963363,233.95675184932196
Sugar,317,23.878116920188262,Low,Yes,6.074888293502052,440.86625015612645
Rice,526,19.242580066817915,Low,Yes,38.89401819470583,491.6031523280733
Cheese,513,6.6011965607058185,Low,No,30.80138345354155,292.48797143573734
Milk,213,11.153093122815585,Low,No,36.35254729492742,10
Bananas,244,39.38165704253623,Low,Yes,23.55550365789795,289.7353162199987
Eggs,637,5.811705928,High,No,43.89985066514734,627.5773961256967
Eggs,747,47.04139845933625,Low,No,19.091706086291595,480.6449570220728
Bananas,402,8.889108460125684,Low,No,17.372987833933735,243.37549157125298
Flour,843,40.965714239155616,High,Yes,18.578779058652906,1113.1291644453465
Salt,980,45.437744342456185,High,Yes,39.846372927916285,1138.7939284991646
Eggs,687,47.35110131827012,Medium,Yes,27.288127910782055,804.8717590033957
Butter,939,44.03646605731876,High,Yes,29.168839663436597,1136.5240865718176
Butter,444,17.939751774144945,High,Yes,42.42449382839849,621.0568755364155
Butter,913,19.988920910231464,Low,Yes,42.501449854247525,777.0986091890951
Butter,900,24.194556437453418,Medium,Yes,12.278214705579993,1068.3888775531495
Flour,100,11.268351023319537,Low,No,29.73954527997427,10
Flour,246,6.0022604780250735,Medium,Yes,10.670819289521145,505.2968060663137
Tomatoes,386,44.110472642646556,Low,No,44.083781203764104,81.85381552994414
Tomatoes,753,29.935792229470536,High,Yes,42.6652565943892,929.9355729573467
Bananas,152,32.39253239801974,High,No,43.22069861995096,130.05643324358556
Tomatoes,403,46.71448136680079,Medium,No,36.718632517098506,240.7889456067398
Bread,168,34.930408015112704,Low,No,26.009478771910537,10
Eggs,460,36.08840769529161,Low,No,23.212455185504684,254.1938262998968
Tomatoes,701,40.4135891796534,High,Yes,22.785105376112448,959.138101934837
Sugar,319,10.23568024358317,High,Yes,7.97957548739424,755.7605877862865
Apples,803,21.20729689462062,Medium,Yes,47.699162890903,766.9199739273363
Cheese,674,48.56935674665148,High,Yes,25.26240455255608,978.3210090887399
Butter,684,46.5318535145273,Medium,Yes,46.85517046752707,694.8958692308813
Sugar,260,44.783388333958314,Medium,Yes,44.5665892622777,342.7447110371899
Apples,780,25.343982965253762,Medium,Yes,42.28746745064065,765.2016282989254
Eggs,188,43.57368291140626,Medium,Yes,31.47389981738721,333.23703839339174
Flour,787,7.177814687559453,High,Yes,9.570014867778827,1182.507659894896
Potatoes,880,11.683284091570286,Medium,Yes,19.576015229819127,995.0729264792657
Salt,684,23.628546431782436,High,Yes,32.16137941787325,912.5931969893951
Salt,856,26.752643000695688,Medium,No,5.605511378660199,786.9988071704001
Eggs,688,16.85782190843856,High,No,6.918391115082391,788.4728398862641
Bananas,258,21.041450188150435,Medium,No,35.494852199026,165.19469911843748
Pasta,588,12.324924546141595,High,No,44.96912831758308,540.4397482471629
Butter,423,27.011031427215823,Low,No,43.482340819544156,107.93288615293697
Tomatoes,709,40.72294817905376,Medium,Yes,12.566537441483543,846.1279047427619
Butter,480,34.76121771475876,Medium,Yes,46.00550536665535,563.3647937107896
Butter,201,9.850651131449357,Low,No,36.33359902930718,10
Salt,593,26.941172152852225,Low,Yes,37.23466794465577,504.9961737839708
Flour,743,36.39408722508762,Medium,No,18.681854033183672,611.6789057255617
Butter,713,28.845288344927354,High,Yes,37.219854905771825,888.3039305047441
Sugar,118,22.625401844099702,Medium,Yes,36.93975249127515,306.42246658019377
Milk,553,32.98614895777452,High,No,31.759948652590396,593.9566414283607
Bananas,581,48.5887399385124,Low,No,21.07797814665696,313.4260627384446
Flour,693,9.27085593947351,High,No,41.49564969582324,586.9925499896939
Yogurt,496,22.55072273364023,Medium,Yes,47.188307209112104,518.7696646593666
Apples,378,23.297263387074302,Low,No,44.144979126214835,56.577894196567165
Potatoes,950,30.963528971076695,Low,Yes,15.93406373958761,877.904857473586
Bread,464,11.847857084686305,Medium,Yes,25.055322307234523,622.0375092514221
Butter,430,12.948936344171129,Medium,Yes,20.40864585323547,618.936497833315
Salt,740,17.84126236990346,Low,Yes,36.8365797594326,648.4317693543774
Potatoes,443,48.01415194708338,High,No,42.417065195195285,374.6589640629132
Bread,921,38.034886155390616,High,No,14.710825959776091,961.6318283131934
Yogurt,554,34.77619857611764,High,No,47.627399090865126,537.5030698186092
Butter,700,41.7630959327418,Medium,No,35.47981099848057,554.5929132056293
Potatoes,824,10.740941101251183,Low,Yes,14.830154220959178,812.1574339256308
Eggs,754,43.66997688756882,High,No,21.6992575088342,792.9283788467955
Cheese,164,31.767472124937683,Low,No,9.7073086125447,83.28733505186801
Milk,175,20.089805335652095,High,No,31.868104326332386,269.3088208126351
Sugar,810,41.713486508556066,Low,No,12.613618525668084,569.3853333526353
Bananas,242,41.11540404568808,Medium,Yes,36.189047217336864,412.588375796243
Yogurt,927,43.05688617725272,Medium,Yes,38.17610344510947,955.6923138170295
Flour,704,10.198305504814197,Medium,Yes,26.570066824554427,800.900345222769
Pasta,572,48.621256024809924,High,Yes,9.221754701488338,959.6113401796339
Salt,516,48.1831769205379,Medium,No,32.48929354871981,426.2558195006954
Bread,404,21.08613404757837,Medium,Yes,21.749236345571646,630.3762005088787
Bread,835,7.965230819536384,Medium,No,47.73413620463209,621.4405910257672
Butter,596,12.517505126095356,Low,No,28.09425680159187,252.56438272364196
Rice,390,49.677387145011366,Low,No,8.251973098887829,263.772712811898
Rice,201,30.33558244272484,Low,No,33.62220874387307,10
Salt,366,21.04798094717234,Low,Yes,40.07091661369243,362.7339673746587
Bread,966,17.969121223251747,Low,Yes,12.22262642325211,918.9335225447616
Sugar,721,16.56462808899264,Low,No,25.207581395497385,427.2955462248653
Eggs,941,34.886874427451694,Low,Yes,38.44386289570196,820.1533502971839
Yogurt,876,23.87245241838587,Medium,Yes,5.922212692499638,1027.462653604574
Rice,102,48.44348147158752,Medium,No,6.303640824381967,183.12948286583784
Rice,184,35.77293637904127,High,No,35.461043009728755,251.50015927466913
Pasta,893,40.642006597203256,Medium,Yes,37.63069242462935,900.0476145722713
Eggs,427,18.173369686242197,Low,No,43.064124679387476,134.37365102284826
Potatoes,915,8.563388409888162,Low,Yes,22.981991710668233,829.3433236203338
Eggs,549,26.952027682184646,High,No,22.53994992704775,589.6207330747653
Pasta,553,19.156169594580227,Medium,No,29.85655877283459,429.36165747512825
Milk,728,14.093742425356565,Medium,No,39.079712976571905,493.9190929493347
Butter,320,47.868895886038764,High,No,33.84464886221986,399.76996181587253
Sugar,253,24.97946964539136,Low,Yes,19.729548672973372,317.2995076895362
Flour,764,12.861886642195355,Low,Yes,20.59462653961301,775.3858119820642
Flour,111,13.93927937065126,Low,Yes,39.33522210051977,108.88915060365608
Milk,232,17.63193841090673,Low,Yes,29.059099779272152,302.6144480824684
Butter,403,49.969232068537075,High,No,9.408927901091424,502.1052842268675
Milk,392,17.06051752338188,Medium,No,11.884772936853041,437.9043385853791
Butter,399,19.796081206030415,Low,Yes,43.30356691722421,376.8381149640628
Cheese,839,34.66976575928007,Medium,Yes,49.94615442643214,787.5568397445228
Cheese,882,18.228261938463422,Medium,Yes,20.105730758356472,971.1879962766719
Potatoes,142,14.711191297686202,Low,Yes,22.40157477005714,257.9706058758748
Milk,442,12.13867339923194,Low,Yes,11.95196111553138,491.98767106861465
Eggs,425,19.070719926250646,Low,No,15.607088782718971,253.47175872710739
Eggs,913,9.766206033294807,Medium,Yes,24.108343059914958,980.7475286362426
Butter,597,5.83909638866523,High,Yes,17.79753399848431,928.0634783549066
Rice,463,41.208876380060474,Low,No,36.56411845657317,147.6595063948939
Pasta,990,11.205272408655945,Medium,No,29.203224867687567,766.4301804704207
Eggs,526,39.9189582416859,Medium,Yes,42.00337077319597,641.967491741915
Sugar,120,40.889411554399686,Low,Yes,37.60362129735587,160.95349223613
Apples,506,29.20637868481594,High,Yes,10.764527538221623,841.9782835013197
Butter,718,18.935688124082816,Low,No,10.552503450952344,485.89523654017455
Flour,435,11.52647301874498,Low,Yes,45.30418873283556,391.43929070649705
Tomatoes,914,38.15622980244496,High,Yes,41.87800577514661,1081.7924615371796
Flour,216,32.062414369180374,Low,No,26.0562795423219,10
Apples,223,34.495405542210385,Low,No,10.866386064828767,127.77851236549009
Potatoes,498,5.390109043030897,High,No,45.43593308086124,476.47615355816913
Sugar,892,46.738265706852104,Medium,No,15.381525081916854,705.0731427850216
Milk,903,7.983058435094761,Medium,Yes,6.5990648583344615,1073.3172149389811
Cheese,814,21.506264831300257,Medium,No,46.5907786244331,553.4080749716693
Apples,150,23.12202423432651,Medium,No,41.402102932535506,52.88322738117964
Potatoes,882,5.0609986024076985,Medium,No,36.206676154330175,632.4186363075447
Pasta,423,27.36901892078587,Low,Yes,6.531366080841579,519.168195009858
Pasta,888,38.87640475299545,High,No,28.77940302767191,828.3764703256904
Apples,240,42.04708939016475,Medium,Yes,34.4136269787697,382.83804891127664
Potatoes,569,44.572864698764796,High,No,39.170625835191416,521.4905150570761
Flour,886,26.947349074191628,Medium,Yes,26.198324815933564,960.3557140558017
Eggs,901,33.37862857383427,Low,Yes,47.90071850367006,723.8961916480451
Yogurt,433,8.578387098342445,Medium,Yes,16.015147743792852,715.2618394673019
Bread,992,26.961720092678746,Medium,No,8.138071281282006,915.5554461536476
Cheese,472,11.966708969228087,High,Yes,19.97448102538924,861.2501420737323
Sugar,663,21.633940293013467,High,No,34.78121916380207,631.2542634837724
Flour,593,19.81873907890697,Low,No,38.17207419243224,243.51256499109743
Yogurt,638,24.059325975867868,High,Yes,38.232360370166404,881.251293427654
Butter,768,30.723647808835967,High,No,9.980322243023027,848.6502366839242
Flour,850,45.62944911783482,High,Yes,44.82902545827215,1004.9496821536078
Apples,255,22.75180841063774,Low,No,17.63751663152989,77.96750589948041
Potatoes,390,49.15090380701978,Low,Yes,14.445999844845193,484.6518618352934
Yogurt,747,39.15626216230413,Low,No,32.65058646219203,409.5114520155911
Tomatoes,243,28.016647105477247,High,Yes,14.533208349522507,643.8986051656008
Bananas,205,33.98118967003748,High,No,27.861732178476082,296.69807130310056
Sugar,519,9.600087700937502,Low,No,23.31633634454182,308.53127694425854
Potatoes,769,43.00346890911447,High,Yes,15.441541818283286,1089.714795944358
Cheese,757,31.206085477878464,High,No,18.142683462575512,788.2911152165574
Rice,101,49.37303660943208,Medium,No,24.233325411238834,95.27614949178968
Sugar,688,33.63929346887821,Low,Yes,20.577215584183918,690.9187671746367
Butter,743,42.53502124698463,Low,Yes,22.17091029672153,734.4280436938488
Bananas,189,40.98932342578579,High,Yes,38.09455797066073,519.840004232298
Butter,444,20.545751816072098,High,Yes,12.577096071155054,886.3782853543702
Eggs,449,16.682478135494524,Medium,Yes,33.2428364299591,570.6894671867669
Yogurt,558,24.37221125441795,Low,No,35.51709990415257,300.4286918418337
Bread,362,26.02586049839767,Low,Yes,41.09391707795352,324.62971561287384
Yogurt,450,15.803811587148974,High,No,43.12972288893465,403.6054435994012
Butter,207,45.256904300793735,Low,No,12.139949456020165,62.757265988084164
Bread,685,29.41465380352907,High,No,11.2217342503101,791.1628054531714
Bread,138,49.02999764691063,Medium,No,32.66469559159741,94.27434457632184
Tomatoes,258,41.45080001208185,High,No,39.0612447762334,259.88034041095716
Eggs,682,30.00671871763757,Medium,Yes,17.25468936078571,821.4066661387058
Eggs,411,47.61681251649616,High,Yes,28.663124250790084,695.6824727820342
Eggs,340,27.719366679288818,Medium,Yes,39.750774377529694,433.4854041157653
Potatoes,544,44.91979306334017,Medium,Yes,39.53763987082044,558.6493544068031
Butter,397,21.116515153811246,Low,Yes,34.421907475118545,318.3527936586024
Bread,135,22.038907253184234,High,Yes,8.545446317001424,592.7991013234496
Sugar,183,23.815880733691902,Low,No,7.278973712407579,105.65956975990716
Sugar,551,29.598154067446075,Low,Yes,22.480038952223627,583.2682964079183
Salt,985,29.90706215894708,High,Yes,6.200934191564853,1251.1717757434687
Sugar,874,27.33795147546879,Low,Yes,45.686494933463855,666.7383760731655
Pasta,921,18.770043811242537,Low,Yes,5.906509913962589,932.0445704314353
Rice,484,46.724290915587396,Low,Yes,6.3325787963891695,582.2752341469176
Pasta,271,31.48637438071644,High,No,12.439732026715713,469.12160068796715
Tomatoes,475,23.34826472862177,Low,No,33.21568092135021,223.77912510464466
Bread,784,34.30296323346282,Low,No,29.369936326386025,452.1639916169266
Pasta,461,39.55850410144123,Low,Yes,34.6769211449908,436.4408013628584
Sugar,658,48.23276397027094,High,Yes,45.209981349860065,800.927534091659
Bread,990,27.479712302041218,Medium,Yes,25.472554286526446,1053.127745085842
Rice,240,10.044432965784146,Medium,No,6.9744189146224285,300.2329901529895
Salt,986,24.83446106464436,Medium,No,39.3573481345156,771.7250974899396
Potatoes,217,26.553675265406213,Medium,Yes,41.53840082481966,367.4378107579623
Salt,376,45.36473351835532,Low,Yes,7.244976194895462,468.76920088626395
Milk,825,22.76603458083289,High,No,15.928218213686325,846.1592468667715
Milk,319,47.89959191992123,Low,No,39.67685596992803,22.873178203555263
Rice,125,26.830935847145064,High,No,21.926985734584033,230.01562327021497
Milk,620,48.8201225440518,Low,Yes,26.269312930898852,583.3427627290761
Tomatoes,882,5.3689244508932985,Medium,No,42.0429084115197,638.3912194275041
Flour,109,45.4466918662856,Medium,Yes,9.257879228411412,432.18306429379135
Sugar,477,46.90042033745078,High,Yes,35.477794600938694,749.1245773910466
Potatoes,732,48.2459421094346,Low,Yes,14.674297403794963,741.0730342079491
Flour,736,5.588444037857668,Medium,No,7.819314398443242,648.0094253896682
Pasta,781,12.726537644763905,High,No,34.81240305159776,707.7433199851971
Tomatoes,683,34.419402639195624,Low,No,10.463551383790504,458.7193940534671
Cheese,251,6.146271128079821,High,No,38.615326646113246,324.21897466444057
Apples,819,7.862404827942533,Low,Yes,14.121742606484776,849.2158036858445
Pasta,148,14.948549316204886,Low,Yes,7.183040916103343,317.52737256853777
Flour,253,28.05978959347479,Low,Yes,9.468385924661852,461.8200878729595
Milk,958,29.56561516700634,High,Yes,42.85716119356581,1134.1784140006387
Butter,392,6.5417505257076956,High,No,21.69356973531234,539.0588579961417
Sugar,679,12.666526285168901,Low,Yes,18.601998861533804,714.8764871875256
Butter,149,27.48675530005949,Medium,No,27.103946887063696,133.6931405299032
Flour,763,31.727327942453236,Low,Yes,33.481965598253794,688.6937891208366
Butter,630,11.678076341879692,High,No,6.6696010390893665,710.6620827827394
Sugar,711,22.947863537613678,Low,Yes,45.41848310527392,548.6951220009822
Milk,159,45.69806464326285,High,Yes,48.131661416917865,407.0285569913213
Salt,266,49.950467917077745,Low,No,23.778806726969115,72.76690726894279
Tomatoes,301,49.42465046740136,Low,Yes,23.56830061319555,344.5124760150438
Cheese,956,44.67535296290926,Medium,No,44.53519645690122,677.9546446703692
Pasta,245,22.75970395774756,Medium,Yes,24.31903091618514,399.92597694792124
Butter,775,35.89584314336528,High,No,43.52854706651585,699.5792721803181
Sugar,538,23.74665025028894,Low,No,6.275162502022463,389.0149890391031
Sugar,341,34.18371620708913,High,No,27.034277394558423,414.9132561609142
Sugar,680,18.924461193626748,Low,No,47.85930701475627,323.0605953652131
Rice,786,32.27910141246494,Low,Yes,16.37620964288027,749.4133995782795
Bread,660,28.569132344878245,Low,No,16.976966920359416,421.7237536469241
Milk,582,6.101611961593997,Medium,No,33.35553449206823,454.3040739008165
Apples,207,40.581630668575116,High,No,46.67858974944352,186.32589666020561
Flour,325,5.535402451032002,Low,No,13.943400858033941,127.41497514184951
Tomatoes,772,18.19201740139858,Low,Yes,46.47429616328512,591.5413071725133
Rice,730,5.266582945430106,High,No,34.83516848516963,705.24924848412
Cheese,760,21.929063598283918,High,Yes,49.687129141747434,891.1292301822347
Apples,761,7.842223767386269,Low,Yes,38.14064809036839,663.6276661894638
Salt,531,46.10799350740586,Medium,No,35.05102433227876,356.71257626119944
Rice,904,23.705568282329086,Medium,No,41.67064273819848,613.6260871912492
Bread,754,25.677309868898455,Low,No,12.881314368063162,530.0650209714729
Milk,518,20.74326062408847,Medium,No,47.569352586500735,311.18591692086045
Milk,554,33.23777693907948,High,Yes,12.451797894922816,933.4571685386961
Potatoes,259,40.29836524781917,Medium,Yes,6.15516664534044,533.8444406615546
Milk,622,34.166603437204,High,No,36.4035578538984,537.8733492865464
Salt,749,38.66932032778074,High,No,13.306794175797513,735.1975696036186
Potatoes,689,45.76881485791672,High,Yes,39.14389308343481,870.5520507194351
Eggs,176,43.85959392521429,High,Yes,40.77675400920698,468.8237078548919
Butter,608,35.33263037391631,Medium,No,15.651465829492693,533.5069800067236
Sugar,540,14.658708330699287,High,No,8.90241487588451,663.2040578855904
Bananas,353,33.6966282968868,Low,No,27.53694348254599,80.12549604408383
Eggs,869,27.77373930832299,High,No,45.059832975573094,699.3330993267566
Butter,419,37.2748653954689,Low,No,43.12809954632206,111.94031300049329
Tomatoes,902,42.48192417768117,High,No,10.268710542512096,942.1874483049144
Milk,362,38.422467373388784,High,Yes,48.41524690333379,567.4069823538349
Tomatoes,696,43.09525264825784,Medium,Yes,16.877713792431564,804.6112760661997
Milk,757,7.873986800346073,High,Yes,20.722602966036824,1019.0622937723426
Bread,934,6.4229017206858785,High,Yes,11.70726093824591,1236.8053749337198
Yogurt,653,16.63252554648173,Medium,No,22.001133449419072,562.6165485836154
Rice,473,45.52997378488828,Medium,No,33.6038497843856,332.68856022337303
Eggs,736,42.06466629427882,Low,Yes,27.773521705302578,720.2775411112195
Milk,266,35.72272840078902,Medium,No,42.23927682782533,116.47743478478984
Rice,852,36.534140034787214,Low,No,33.85853650655698,532.6464050951156
Cheese,558,37.700171116619565,High,No,16.859501215218692,649.7584112043568
Apples,379,47.41712152181361,Low,Yes,30.084711422757472,382.31188539392986
Apples,799,42.44860185384009,Medium,Yes,7.888600664969434,1006.5083772426149
Apples,401,33.05256741621714,High,Yes,31.13557523350075,679.8720196998622
Sugar,630,34.95719458657132,Low,Yes,22.534872329321082,613.97093728486
Cheese,679,14.618311792750488,Low,Yes,9.427932142512244,702.0449364098079
Flour,317,34.57934713203226,Low,Yes,18.835877884585173,420.1873126562202
Apples,201,24.110555558830633,High,Yes,45.413914667044324,481.7403121224169
Pasta,653,11.883284177258467,Low,No,31.37170763435851,392.53362029671666
Milk,387,41.288126866095844,Low,Yes,45.6469182024373,316.8672476491669
Bread,266,27.961119491141552,Medium,No,23.486179413855538,264.479809640891
Cheese,720,48.98412687602397,Low,No,49.05088697255396,283.83482797082473
Salt,135,17.675570951353624,High,Yes,21.200857407418567,572.7751171963449
Apples,843,26.63015505372845,Medium,No,39.05620768154792,603.8694362417871
Eggs,840,25.159795460099065,High,No,18.74313875660256,865.780366577445
Potatoes,452,10.435078509466042,Medium,Yes,9.769574680248141,729.3852527438368
Potatoes,775,24.175187547385075,Medium,No,42.48754685310292,615.3099092492287
Apples,998,17.93990553894162,Low,Yes,39.31616870915718,867.4507898960748
Rice,172,12.214421211512047,High,No,41.92830652182366,249.28164083370282
Eggs,747,17.697001281626267,Low,No,18.486253925852537,479.9588910938758
Tomatoes,452,15.49632610698764,Medium,No,36.664773152043665,325.2379109150755
Potatoes,990,38.03330889526451,Low,No,14.896528148685423,695.6246867888946
Milk,169,6.384883021662205,Medium,Yes,5.509019131766808,546.6924468669436
Butter,524,32.78582365609496,Medium,Yes,43.99199490360506,578.4690877977896
Potatoes,807,39.22976039106229,High,Yes,28.558646917519685,1073.0481407873513
Bananas,880,26.632555541103795,High,No,49.264400186693976,705.3123200943965
Sugar,660,46.92042410035633,High,No,22.326606270668606,734.8700763479741
Milk,927,36.85463128564409,High,No,48.059285314526164,757.0342323890015
Bananas,741,38.656564309013774,Low,No,32.677576856265176,435.7003582867914
Tomatoes,616,13.862006934839162,High,Yes,28.04922823265885,869.69294149521
Salt,527,39.97830091275831,High,No,18.626432143088632,627.0291065480977
Butter,638,42.44426312374017,High,Yes,42.13743535727334,799.6130768362443
Apples,259,21.25698747826953,Medium,No,42.295763586700545,166.1871165700607
Bread,248,14.601338061483705,Medium,No,23.761828949158012,247.64755020158196
Pasta,875,22.327280564162752,High,Yes,37.72819138747902,1032.1747800525586
Salt,329,38.28235860500617,Medium,Yes,25.12570711002224,535.772820417071
Sugar,811,23.793755264091622,Medium,Yes,38.28466825100043,873.9027605626259
Apples,661,38.14933438511546,Low,Yes,49.73855705233812,483.3329759370418
Bananas,166,10.110404343989195,Medium,No,16.812334119385024,162.66304190332627
Butter,911,41.2705269719818,Low,Yes,33.5323605730879,758.3637917195034
Tomatoes,480,16.394336673906082,Medium,Yes,22.09450842979535,628.9402085028023
Bananas,157,16.201804447156718,High,No,29.676720364182646,236.8327105751008
Rice,358,31.567143434173733,Medium,No,44.336627613349805,226.67693649076372
Pasta,441,8.155312058614534,Medium,No,20.640914125009466,412.25326798356525
Cheese,937,6.183397700810085,Low,No,8.257473596355638,654.3408675520685
Butter,229,16.746289938205216,High,Yes,40.95217333593316,504.76097878904403
Sugar,826,29.21303978306702,Low,Yes,29.97611848414556,711.5777900260402
Cheese,271,45.842737380135226,High,No,25.22304262139301,393.60932409823283
Eggs,869,43.08958293382881,High,Yes,13.24998711031674,1143.9159008959193
Eggs,713,27.070090696443895,Low,Yes,9.178372926706302,714.6402673336299
Pasta,308,6.667339716207175,Medium,No,17.543100183104915,310.45578125948924
Rice,902,29.08637305831891,High,Yes,37.35069185063984,1088.4981174615823
Sugar,453,36.7158019966383,Medium,Yes,23.529691788807362,597.782687060491
Flour,570,20.262403963626518,Low,No,30.66024143235296,284.62011335597936
Butter,897,9.997848647674463,Low,Yes,8.692049914834136,892.0689615627847
Cheese,215,17.535557894254673,Low,Yes,10.545936958823898,397.8239580223166
Tomatoes,363,39.721498901051625,Low,No,5.508762390211523,230.05469449225865
Bananas,761,20.805972452749778,High,Yes,35.29780027470793,950.2528664822134
Potatoes,911,41.539167080856956,Low,No,16.900453511978903,621.9883840842027
Apples,541,19.37846533133641,Medium,No,48.51169636249229,324.3258056228631
Potatoes,647,12.359976728621817,Medium,No,18.880511464723796,587.6722561280502
Yogurt,552,24.61317617811237,High,No,21.362811748970504,658.960769943958
Yogurt,944,25.352353053011253,Low,No,26.12704241514693,648.5973089284347
Bread,576,5.724869834720164,High,No,19.361333695648682,649.6736757866223
Apples,386,10.267028271784676,High,Yes,41.784944984472304,653.8951699361759
Milk,402,13.321670844776785,High,No,44.42930644990922,437.4476296367789
Flour,410,10.111429282040369,Low,Yes,5.4966235643739285,591.2711317883603
Butter,307,20.368673393961373,Medium,No,34.459773285262216,186.83961223590217
Sugar,717,48.40802850276581,Medium,No,35.87397259545419,537.7934792706466
Bread,545,27.915014224718508,High,No,48.264119446913654,493.41806283622725
Sugar,769,33.24002107417909,High,Yes,21.667963877059403,1068.0317964109543
Potatoes,732,21.03739153353627,Medium,Yes,13.787598575646145,943.4518383901348
Flour,154,19.556949273941573,Medium,No,28.426148129398275,90.06150443721168
Yogurt,111,6.041604736175376,Low,Yes,25.14000580602755,189.35881945073734
Potatoes,756,27.515014505421007,High,No,40.62791595218259,715.1311756756044
Flour,499,26.762405303824984,Low,No,45.67889485559932,161.8652457155906
Yogurt,747,12.102382678150537,Medium,Yes,8.901861243639347,880.2222662160536
Eggs,614,39.39458000930166,Medium,No,43.096076539200894,356.03385403497083
Bananas,755,27.170344863995133,Medium,No,45.90368951996712,530.7735742071362
Eggs,641,20.254728657270796,Medium,Yes,46.586114521896086,694.9153907390338
Salt,336,11.610900906031713,Low,No,39.393943648304216,25.540200177055148
Butter,378,29.84723721369556,Medium,No,38.39371524068351,278.48283205356995
Bananas,447,38.87676617399644,High,Yes,5.670354875109032,853.8954226047072
Apples,726,17.689970870823725,Medium,Yes,46.40862301204228,709.2376756107359
Rice,203,14.845745820952516,High,No,20.817734621394948,334.0795772810933
Butter,729,28.48707338290596,Medium,No,6.850485347782653,648.0217397881697
Apples,616,11.990448612950761,Low,Yes,23.584068954793306,600.4071014181261
Pasta,971,34.99760239674282,High,Yes,37.97836849717472,1063.3424171890963
Milk,347,32.240463257490376,Low,No,24.88798407312933,134.82485953566473
Milk,463,8.918692231614287,Medium,Yes,39.11049902624746,588.0017193907956
Pasta,420,6.643417072161824,Low,Yes,27.92342421100561,402.63842138513024
Butter,732,32.91298936648632,Medium,Yes,18.47422166571284,877.2830051068811
Butter,385,18.243219829493334,Low,No,14.13105548690897,204.08355180541594
Bread,248,8.890058892802934,Low,No,23.94964829091615,94.27075415994494
Rice,183,39.17429172304189,High,No,6.611155327127083,324.3248647638765
Potatoes,505,19.131980135793988,Medium,No,24.014475724928328,445.71829674893127
Cheese,555,25.681979733720063,Low,No,8.087904354408096,336.1867904375089
Bread,842,15.656581735419616,Medium,Yes,44.46521184833594,837.1474395039087
Rice,899,33.229268526108406,High,Yes,30.896646433138063,1076.8345900767742
Sugar,260,18.566978690946176,Low,Yes,34.071933331861686,267.5357561909526
Rice,883,48.560943255243274,Medium,No,17.998879569962465,696.2434078192431
Eggs,559,36.63263968776079,Low,No,15.161948442479554,402.8780671591353
Salt,649,11.15250243680596,Low,Yes,36.85573621280329,540.7481753892705
Potatoes,599,23.751267785306005,Low,Yes,35.220446735982094,504.9925242481648
Eggs,837,22.343949487844537,Low,Yes,10.520530535928426,909.6699901290011
Milk,608,29.04111998241724,High,Yes,15.738862239575187,952.8661778931854
Eggs,753,42.8868803515664,High,No,47.59591039115946,605.3493121646015
Bread,903,31.253990683235077,Medium,No,18.687984148919654,759.469453636669
Potatoes,580,7.770050491999967,Medium,Yes,6.162417964372176,822.2310008535652
Apples,762,34.49370635612848,Low,No,7.870192287173681,502.37266025882843
Potatoes,213,5.371938407563627,Low,No,39.897265862747005,10
Pasta,848,40.098220724317684,Low,No,39.07200580544773,462.19943925434353
Milk,677,34.99862325850589,High,No,22.182227124523912,751.1820899232541
Butter,460,18.895354625866368,Low,Yes,11.894034939999779,543.4172526902871
Tomatoes,440,18.15988120652821,Medium,Yes,27.414734761321117,602.4370293617102
Yogurt,869,40.92228484458375,Low,No,19.93498948492094,550.6089100242974
Eggs,860,40.250151136607926,High,Yes,21.828575655372923,1141.6087695910783
Eggs,548,20.853605946954197,Low,No,16.744340933958345,371.32114490175974
Bread,942,18.452647763590114,High,Yes,7.828606071925628,1278.9106889480224
Butter,934,30.19211549972555,High,Yes,40.602167457899014,1082.4482709127294
Bananas,279,5.376454699286488,High,Yes,32.81993711734337,558.4548802065297
Flour,801,8.720016709394404,High,Yes,42.55858056963146,1006.2471857624366
Bread,506,10.677631556693154,Medium,Yes,27.644088982261664,662.9606317484786
Butter,765,13.343531802222838,High,Yes,49.324398759729654,899.4484946556499
Eggs,295,28.04081570039611,Medium,Yes,48.31362092320723,393.8652593905446
Bananas,565,49.65088616875049,Medium,No,17.2302569193444,497.7489634337432
Rice,410,34.36760307863091,Low,Yes,22.4139615590566,416.67045085854454
Tomatoes,361,7.758445750215062,Low,No,38.87192358368418,80.93722336189025
Milk,518,28.65107183280088,High,Yes,39.94715578899991,693.2159013661302
Eggs,505,27.3490345575277,Low,Yes,45.98146113081006,412.9989761051545
Pasta,242,11.487551711812227,High,Yes,34.36852251210141,605.917444602621
Butter,441,46.41225659610835,Low,No,26.380443961094315,143.82319777241997
Bananas,415,24.834436145391603,High,No,21.994319734459367,513.4700253493517
Tomatoes,200,49.75516132743829,Low,No,23.863034812866005,35.861601285786534
Eggs,343,23.903253286347393,Low,No,43.268231797580405,70.5979238806583
Eggs,589,32.35809662076242,Medium,No,49.10039796233276,337.1332690533288
Sugar,111,9.714314140314803,Low,Yes,7.335913321398424,264.1963544329004
Tomatoes,338,25.440252071309114,Low,No,31.11100983681983,84.51326582657032
Bread,660,15.744465230178799,High,No,28.40242874274538,713.8417545699673
Flour,141,42.60041593570558,Medium,No,21.926402368162265,80.58111083161702
Apples,777,40.276381319039295,High,Yes,43.32093993617784,898.3780998080368
Cheese,693,42.088099983141134,Low,Yes,30.90843576027144,615.0506866712988
Butter,528,37.562424699107815,High,Yes,19.090222800508755,828.8975371105382
Bread,902,42.4707450629023,Medium,No,24.98468172516951,724.1910367802802
Milk,257,14.037293757871439,High,Yes,21.05616008227497,685.7363308925519
Flour,315,25.341969946091076,Low,No,24.353852347225025,81.44519988658203
Eggs,769,36.13310959756856,High,Yes,8.206960565477958,1101.707657078893
Bananas,561,33.68266240708107,Low,Yes,10.036211729761476,631.5300810656378
Flour,233,37.23595172933391,Medium,Yes,33.066125748662444,392.41380793498195
Bananas,166,15.091627241805426,Medium,Yes,35.78307698283973,298.986052182462
Eggs,947,9.429561907024539,High,Yes,33.6479186870134,1115.510859946114
Salt,106,46.25629601336494,Medium,No,39.33839288287426,10
Salt,625,30.20773530053113,High,No,47.459030966498325,566.6060961863702
Butter,172,11.922166602833492,Low,Yes,43.72782381016948,175.58717657869096
Bread,498,40.70464618493127,High,No,23.832931071705953,512.3261490630807
Potatoes,504,46.17184714831772,Low,Yes,14.789441161457392,544.5527798780508
Apples,774,12.630358335699908,Medium,Yes,19.03334952205631,902.710416976356
Apples,677,41.78356048710997,Low,Yes,31.448366957538145,672.1072434802717
Bananas,958,46.99512775936078,Low,Yes,43.52937505059051,784.0249562764159
Flour,229,47.22627201332078,Low,Yes,36.57758555783962,194.3757836332255
Bread,565,46.13704077440755,Low,Yes,29.435589714608042,508.4495933617065
Butter,305,29.588945556204624,Low,Yes,32.08452618020155,307.42653434502824
Butter,887,21.029509276424115,High,No,28.771754617773695,866.0974995346658
Salt,867,5.327276346230418,Low,No,48.723238009833345,461.8678001625852
Flour,365,7.741050209218718,Low,Yes,41.72411535150022,335.52337741863283
Rice,636,24.29775568838258,Low,No,40.15747469305169,289.5707913214623
Tomatoes,892,22.969676587617965,Low,Yes,28.27980440886794,806.6361299361412
Yogurt,352,13.312125930644743,Low,No,19.93142559062936,171.4177322891073
Rice,921,22.796601261424556,Low,No,5.878134245199224,642.5237312247151
Sugar,388,12.859252945491566,Medium,Yes,6.954351096187395,667.3598693970068
Salt,263,43.19560637491283,High,Yes,6.360706632310018,689.6810419771623
Milk,194,18.418769504401947,Low,No,49.12145450499764,10
Flour,881,31.93539575712395,High,Yes,10.151705231055072,1260.6102533072574
Eggs,932,27.627937789958906,Medium,No,11.395348383911362,834.1483973650774
Yogurt,209,7.33469349172965,Medium,Yes,26.7867494356145,429.9920038244116
Eggs,435,47.40051737710248,Low,No,26.663052510192152,179.85063904261432
Tomatoes,921,28.72516902127175,High,No,46.39881952782811,812.3499916096841
Tomatoes,337,19.62759395263169,Low,No,8.308972925281537,183.37233062106606
Milk,480,12.115695633488071,Medium,Yes,48.07576243205144,528.1822112647144
Bananas,535,20.23369856270761,Medium,No,14.7375607253454,465.630220611697
Potatoes,998,5.923022136052528,High,Yes,48.65692141871749,1123.8007674485268
Milk,582,21.360116990673397,Low,Yes,29.35958444611771,533.3197848984951
Eggs,124,28.91686672870272,High,Yes,34.34057356689635,496.07853315017775
Tomatoes,752,44.23398106329251,High,Yes,19.207794769729126,1030.4657739915947
Cheese,216,35.93184879640089,Medium,Yes,32.53207779948178,415.4083895092023
Salt,581,10.021204090995862,High,No,36.9873400954729,586.8484640082638
Apples,491,11.648584599708249,Medium,Yes,5.46665752815375,791.4197650792428
Eggs,636,24.26555155182686,Low,Yes,6.540279133176679,685.9105306773474
Sugar,178,13.806848823745453,High,No,49.39146553722347,215.70794345040912
Bread,679,6.253239991224008,High,No,25.590069720176693,656.2453718066266
Apples,272,41.22566960531316,Low,Yes,47.11178864464496,212.7220248375292
Sugar,111,5.878515681409736,High,Yes,37.84539275675009,430.2561204064543
Bread,899,42.38103223391063,Low,Yes,21.78357385853234,796.9553730705319
Flour,227,11.484678336483471,Medium,No,11.787890209633842,240.11254603378887
Sugar,707,48.86052848632023,Medium,Yes,49.01682798725953,676.8659240321623
Bread,191,32.174326032178556,High,Yes,31.302331569427423,524.3046286736576
Apples,752,38.074233723345294,Medium,No,13.656048051582495,648.5371533249391
Sugar,642,9.97176325856292,Medium,No,35.67438411326361,482.64297701059024
Yogurt,945,43.7946833053166,Low,No,9.142182942365203,663.4869941678586
Apples,631,42.76365542921923,Medium,Yes,44.06167758830718,648.8040533138145
Potatoes,757,34.384672919377294,Medium,Yes,9.056180626490253,934.4547784566344
Tomatoes,927,27.60236890679243,Medium,Yes,15.628746123102603,1055.1179716010133
Butter,546,37.46701279092526,Low,No,9.114386244231891,397.9599808385048
Tomatoes,489,5.266769690159517,High,No,9.67042475822596,665.8243815757519
Bananas,771,31.659833992930675,Low,Yes,28.572536914663218,715.2319181842836
Yogurt,960,43.133276071815644,High,No,35.91454111517265,879.7682468863969
Flour,142,21.060494922863967,High,No,40.48168025056791,210.01735876109274
Apples,353,9.873021041731256,Medium,No,36.277488032094205,236.636784042757
Rice,229,23.93947623844428,Medium,No,21.35704154162319,241.46254425119835
Bananas,159,37.71970020763281,Low,Yes,30.077950417117393,180.5159650360837
Butter,762,9.828554466680263,Low,Yes,46.74488334927038,559.5169419711926
Yogurt,566,14.27218520958005,Low,No,22.440947708932505,302.2144872479168
Yogurt,386,11.639833107291498,Medium,No,16.358196606265565,413.28272486815507
Butter,616,40.86264900088512,High,No,28.369371000241415,621.65882634342
Eggs,566,7.830168010361907,Low,No,18.380084532894408,365.20836351586
Pasta,877,35.89639259514948,High,No,16.781767338284414,891.5244665138971
Butter,444,21.49056143389361,Medium,Yes,40.046148556396844,561.0739363658598
Pasta,741,39.010605929838604,Medium,No,45.08761358288911,499.97800910082645
Eggs,481,48.397253845281696,Medium,Yes,27.604250723702826,620.5223591818774
Flour,878,10.154538481391704,Medium,Yes,40.090229688531124,915.284932368162
Cheese,789,19.147326848035632,High,No,13.419024178875855,840.5608775230382
Flour,352,41.455644247348566,High,Yes,29.643935586613154,673.8148334241715
Salt,155,16.97712737230294,Low,No,33.62899742175497,10
Bread,562,14.68042686707184,High,No,27.07988755175474,603.6375612113036
Sugar,556,42.14200900410373,High,No,10.25960973566883,647.8730218399058
Flour,182,49.41870638026866,High,Yes,38.03451043185848,474.23942516898506
Butter,198,30.059626556658458,Low,Yes,42.75851797352747,163.34032034661803
Salt,248,17.51219367500027,High,Yes,33.58518147416565,605.6156011545045
Bananas,428,22.935468272002428,High,No,12.61224507275723,517.3488905844497
Eggs,255,12.655864732262405,High,Yes,8.354859793184435,732.5755654112804
Sugar,289,39.284927550083864,Medium,Yes,18.57217586785155,466.3689264650309
Apples,593,39.806330802024554,High,Yes,6.664555033268876,987.2905285609422
Milk,982,44.38044465721225,Low,No,42.764855470382024,524.4535932931109
Flour,362,6.197115361845374,Low,Yes,36.63771980315941,370.3025112283305
Butter,179,30.289160373187066,Low,No,30.36598974502832,10
Pasta,499,14.641494545443297,Low,Yes,45.03346265676793,373.741338766775
Yogurt,863,20.339735697156073,Medium,Yes,9.9542074896532,1071.2176508984703
Sugar,708,40.32300268789284,Low,Yes,37.150688744421494,633.7844442296155
Yogurt,359,13.641514356267328,Medium,No,11.598449311992876,387.4822599718677
Tomatoes,871,33.725378776149036,Medium,No,7.741644204590818,772.0179972573354
Salt,714,34.45547860506191,Medium,Yes,10.980702831711447,923.4012849424859
Eggs,651,47.93422617060353,Low,Yes,47.792304081887806,469.373817857312
Tomatoes,884,39.882241783802165,Low,No,24.819502309611757,496.33198388482026
Milk,200,41.16358162191621,Medium,No,7.204806330027588,206.52440146313796
Sugar,458,28.922033705805205,Medium,Yes,31.263559171467517,567.9615461999673
Rice,479,13.40513632230668,Low,Yes,13.987132975965402,533.9166604363037
Potatoes,919,24.150351457325822,High,No,5.3076384616895105,983.5413248975069
Flour,320,29.727030808031916,High,Yes,39.12736074998043,583.7866838074928
Potatoes,919,35.52886632711706,High,No,11.968838551393887,938.0962256107412
Potatoes,519,32.346910032436725,Low,Yes,47.41189125619443,348.4776455378242
Eggs,223,22.72900230127596,Low,Yes,31.675994095395772,264.4192294007026
Pasta,521,16.939089814812863,Medium,Yes,8.91481201432881,755.8161524174096
Sugar,330,12.570387944165738,Low,Yes,14.802099290247325,412.81400204025897
Salt,789,36.22304238225199,Low,No,32.488008676692985,492.5890741665899
Eggs,162,34.042940344061826,Low,Yes,20.215072762181464,254.2382050804008
Rice,584,35.9317609591013,Medium,Yes,28.946437297209183,706.2578850080887
Tomatoes,727,21.76373537612577,Medium,Yes,40.97804209683665,789.7034263812478
Rice,802,16.808352015683525,High,Yes,40.66706787068989,935.164659371884
Salt,673,39.18745979064164,High,Yes,36.40940617923782,886.0809375984531
Yogurt,867,39.81413277749003,Low,Yes,44.872443775849376,723.1071503525069
Flour,582,25.502736828507828,Low,No,13.971231121005331,380.25260889975203
Pasta,618,32.53568381452959,Medium,Yes,12.975866984795637,774.1525455681893
Potatoes,254,21.808384890428353,High,No,40.97072823140437,272.9679030494058
Apples,191,36.587624005391305,High,No,19.440020580251705,342.9756844683552
Bread,625,42.60747184915421,High,No,28.048208590060156,575.2488844206482
Flour,554,35.97049748010423,Low,No,38.47784669237955,192.24568794501286
Yogurt,840,28.066218208121143,Low,Yes,22.81695616824565,853.0882169327645
Bread,697,25.639608177156664,Low,Yes,10.857303508739601,755.0313851982711
Cheese,744,33.90438429390849,Medium,Yes,35.575574080428126,844.8740542723936
Bananas,609,35.59149012205986,High,No,41.772172408158085,586.5329239434162
Cheese,282,30.142824958604255,Medium,Yes,5.575877761139113,594.4687080102261
Cheese,485,33.12240237983278,High,No,30.314845228898513,510.59219549728596
Apples,673,9.34649071225395,Low,No,26.123229157890364,414.54702508596574
Eggs,830,47.8294482264047,Medium,Yes,16.681820293728087,1000.175100144028
Cheese,504,40.58478786794153,Medium,No,12.246285520396768,496.44234615906834
Butter,345,21.82675413680527,Low,No,13.46167900809996,202.78253703650094
Apples,841,30.326567492913348,High,No,37.623793290112,764.347337726994
Salt,690,7.129603856138961,High,No,29.12878103646289,717.7410005137419
Yogurt,760,6.855251629957717,High,Yes,49.15194716007256,892.8513601659412
Rice,749,16.28592508003832,High,No,15.945385921346904,826.2843401656799
Rice,570,36.03657390640805,Low,No,48.0606879554486,176.73960853967148
Butter,925,43.34664865100053,Low,No,28.17993017022681,566.8093981988029
Eggs,987,30.16336459909318,Low,Yes,11.571186994204893,935.8312187429339
Potatoes,522,28.94597328120586,Low,Yes,11.668056921468192,581.5938374292263
Apples,164,23.10392902061597,Medium,No,32.3855595720571,87.20840787481914
Potatoes,112,12.271908018110953,Medium,Yes,42.41402359843516,322.15138973204193
Pasta,312,10.325934559696439,Medium,Yes,38.64701863640815,424.36706682127743
Butter,341,39.230589254943474,Low,Yes,34.503230418601994,342.213612147755
Yogurt,592,46.7376598083459,High,Yes,12.744862811970748,908.1003864553659
Eggs,312,25.62274473738229,Medium,No,9.875300259692253,338.8190074331311
Apples,792,34.67505464220372,Medium,No,5.011161066881489,749.9041294031224
Bread,437,46.150594289642356,Low,Yes,9.580723755527128,473.0879738598321
Cheese,272,9.055113482036504,High,Yes,39.48649733675228,523.7089119255543
Eggs,771,39.671665390356345,High,Yes,45.286178719506694,891.8930779701489
Pasta,263,32.75675979690088,High,Yes,15.815770648493833,625.8456606376243
Salt,564,31.93867304734376,Low,Yes,40.77024082025387,483.9020154334243
Milk,596,18.164319281670643,High,Yes,13.948194452359147,955.254274360015
Pasta,799,35.77520096499546,Medium,Yes,16.217225751119067,908.3341121008809
Eggs,494,40.76589896693494,Medium,No,15.08711424764912,453.10743238626367
Tomatoes,802,10.078617422466372,Medium,No,7.3278459072127085,737.1991033395618
Flour,407,29.008464394144273,Low,Yes,13.732757064507414,489.4477014733242
Potatoes,867,9.556933144433435,High,Yes,21.80945050732892,1110.9215822029612
Pasta,282,44.265830868394005,Low,No,23.246137192473057,101.86610057730212
Potatoes,728,27.843652519535627,High,No,18.92598862519231,822.8961083224009
Salt,893,41.35845601673408,Low,Yes,28.162637853974008,826.1376091903203
Flour,609,21.56385369497964,Medium,No,22.009920462492055,558.1701963004235
Flour,807,10.628520206734644,Low,No,48.66640907783384,354.8689510142747
Tomatoes,645,6.867468697357016,Low,Yes,41.33077044490692,535.6411403585926
Rice,663,17.667932934756898,Low,No,46.893980567431484,304.0532056794046
Sugar,723,15.990516516383535,Medium,Yes,30.08421257957164,865.2325040904534
Pasta,863,30.21583883089828,Low,No,35.52528329245884,517.178876929454
Cheese,693,5.978247712866831,Low,Yes,12.500436879553746,708.121969184582
Potatoes,843,28.4256744934628,Medium,No,38.875359075670964,602.7706473303475
Salt,326,22.62972839054014,High,No,15.6187000024373,481.39376889018763
Eggs,844,30.970502146149897,Low,Yes,11.56248174803793,846.9625545378129
Apples,832,36.60878876676641,Medium,No,6.883670693262264,738.9140784187545
Bread,535,33.53413752859275,Low,No,26.25036123208844,271.27349177492846
Yogurt,521,49.308996621801484,Medium,Yes,17.905516683320762,702.1848377097081
Bread,653,11.221940474459197,High,No,49.402722768628486,537.2277767553005
Flour,120,24.338165401840033,High,No,16.242543590711584,332.1534715216241
Eggs,653,24.117383148949003,Low,Yes,43.99444761433943,527.1806256770573
Milk,496,23.76739416663143,Medium,Yes,19.239744610909746,686.5402930728118
Rice,724,34.870927641920076,High,Yes,38.71070835405856,949.262575520467
Sugar,204,27.04226272460251,High,Yes,34.692858953136735,522.4646138888364
Pasta,291,28.28446519158334,Medium,Yes,30.2802599597757,496.6672324585775
Milk,116,24.45601964660441,Low,Yes,23.757122455434562,180.9103520720232
Salt,219,49.626475745835315,High,Yes,35.199725578006685,537.3768116755375
Butter,492,46.7402606968569,High,Yes,23.327525759758636,828.771911524197
Pasta,524,18.847588521396695,High,No,29.664510544729392,536.5576130612834
Bread,228,10.021726614500023,Low,No,31.541078157618603,14.332658133664815
Potatoes,229,42.78941258173713,High,Yes,17.03098490167058,621.9201016618612
Sugar,671,49.872661314157604,Medium,No,20.288141478742542,566.7121384636996
Rice,659,18.16740023178405,Low,Yes,5.812252860101141,753.2990841037953
Yogurt,128,21.10032166287948,High,No,43.34715470276529,147.7778796960645
Eggs,196,47.37349316683413,Medium,No,39.01924149352856,86.2154001999006
Butter,109,37.00082831013904,Medium,Yes,13.258870398631508,450.1447790590103
Eggs,341,18.303724930083625,Low,No,21.29218025038514,188.80354003177663
Eggs,925,31.147092107776178,Medium,No,23.94812673540628,778.5011356263956
Tomatoes,331,47.49033107139152,Low,No,20.047041140003962,135.03624082624546
Rice,888,41.531589812560036,Low,Yes,40.920926297274036,798.8944983491635
Salt,383,38.38247211778968,Low,No,37.64393177519683,129.8835307203088
Tomatoes,814,38.16483402771601,Medium,No,39.522142856353796,585.629434742256
Potatoes,858,13.010914593152165,Low,Yes,45.6858522920459,708.0776027109156
Potatoes,901,42.11065576525714,Low,No,31.78180651551707,527.0701498976149
Pasta,875,17.42533845995562,Medium,No,32.65404480626245,689.8182574734592
Apples,825,46.866499605568826,Low,No,37.48703538412548,466.9238242883956
Tomatoes,299,21.408799595620234,High,No,35.65546675928047,371.29650894220055
Cheese,178,43.59471786690154,Medium,Yes,44.14158582795328,294.4741951610694
Pasta,954,16.980507253301063,Medium,Yes,39.65891926300451,912.2041699294967
Flour,955,28.15371214620082,Medium,Yes,10.420637741546383,1105.0736056045625
Salt,272,9.809838297007726,High,No,46.7761376951504,300.0181975536624
Flour,566,34.70535063482783,Low,Yes,35.73946806355411,477.3933841541596
Cheese,680,42.62356738250772,Medium,No,10.721566662185918,616.3554056579554
Milk,515,37.330127658608724,Medium,No,39.73881810721697,384.8848203918226
Pasta,548,28.54663308223958,Medium,Yes,21.128563838264206,682.3796125254579
Butter,186,7.030214537065677,High,Yes,41.26900604164264,480.42783202960004
Milk,200,47.00484532268863,High,Yes,47.99326743455976,491.1454146040073
Pasta,107,36.74702968603856,High,No,16.48589162490184,289.52848765588465
Salt,944,38.563890726439986,Low,No,43.583497073820915,502.22021442046827
Milk,299,40.76062589798632,Low,No,39.81026165647724,19.557430975308478
Bread,604,38.64845416674248,High,No,35.203320509021026,612.6366843398722
Milk,186,24.850227384425015,Low,Yes,22.32142450524111,268.66259772606924
Potatoes,142,38.01298231795761,High,Yes,9.943794295000696,612.80200081419
Pasta,484,33.1262054514648,Low,No,26.775357256396713,243.80981575255646
Pasta,720,43.430735015095394,Low,No,9.754998339987074,515.0219931029761
Salt,534,41.11069169018167,High,Yes,27.506625209524632,838.9577734375299
Sugar,507,6.861847211026695,Medium,Yes,41.91319718490064,583.7582479807847
Potatoes,582,22.049919064967238,Medium,No,49.893716048043345,326.771137641131
Cheese,763,6.562226848275255,Low,Yes,13.910392017189903,801.798794653326
Bread,116,9.593371614474407,Low,No,14.35361190561601,12.263131281379687
Cheese,744,32.063482490162514,Low,No,41.48974993635811,358.2761722957268
Butter,247,44.3219819523014,Low,No,26.107638453374445,60.69237543621854
Flour,376,10.392114141917025,Low,No,46.211206821434686,102.86832125767897
Potatoes,331,25.29901793600742,Low,Yes,39.604830691154646,299.4889860856595
Flour,925,45.98955071628997,High,Yes,38.13924941285865,1076.562463734305
Tomatoes,465,41.64354426522145,Medium,No,9.587916889459557,417.78562684630015
Sugar,327,28.385055340966847,Medium,No,6.614400432834053,357.6546319129902
Potatoes,750,39.7207147697974,High,No,19.254326884693764,790.5067215971578
Rice,535,28.521219832004164,High,No,14.778426238202911,639.2339359323513
Bread,498,12.114155177728195,Medium,No,37.05389986678309,346.20874809159744
Apples,310,10.61312509497556,Medium,Yes,25.28301758747227,538.0535996191578
Bananas,490,13.47657044301814,Low,No,28.541586858301354,244.2940108443329
Cheese,598,20.791494273455577,Medium,Yes,41.618366729235454,737.5765127685445
Rice,639,46.87381704533084,Low,No,26.532710679456923,361.33111602573314
Pasta,662,40.98552861441206,Low,No,29.52168443624296,279.1037279308659
Sugar,590,24.47607025518429,Medium,No,42.90441198836099,361.87895666854854
Apples,541,27.18845194044083,Low,No,24.410111418838078,313.1187953136803
Milk,360,16.952425594988668,Low,Yes,8.740701856111954,466.520983923712
Potatoes,872,36.69588304124586,High,Yes,28.476734431684214,1069.4314782860695
Salt,449,41.12445521579171,Medium,Yes,31.071275790478136,546.1044981211315
Bread,451,15.750711305040944,High,No,28.030856194084684,498.4683892575463
Butter,619,6.881973070390941,Low,Yes,16.612228274815283,664.5157047669568
Salt,419,33.07500244233367,Low,No,15.06605307134576,254.90730485374198
Yogurt,237,30.313045361089248,High,No,21.63903673693287,335.65142408985787
Butter,649,23.095901976299437,High,Yes,12.480293232665591,1019.4127662480169
Bananas,722,33.97522737979446,High,No,34.97106556732257,650.0159857793423
Pasta,467,29.77759840933146,Low,No,32.660370557583995,208.54803127715178
Potatoes,319,16.276170946738674,Medium,Yes,33.45780270554526,489.88430423800537
Potatoes,436,22.897803903022506,Low,Yes,15.115887191297356,483.74091654096736
Bread,322,24.265110638625877,High,No,16.093805639174782,433.3989507022945
Bananas,747,44.611159751400365,Medium,Yes,40.43256166034376,784.6003250407275
Tomatoes,867,48.240686935803176,High,Yes,36.055029765133185,1022.4080321483519
Apples,459,45.18506130784237,Low,Yes,44.38309321253936,366.97702292408525
Tomatoes,428,37.363011082339085,Medium,No,23.15775729995579,378.54978249649525
Apples,562,31.324673012261982,Medium,No,29.62975244439887,450.1630161088039
Butter,660,36.016773595967976,Low,Yes,38.24499676686861,541.2882939148359
Salt,903,47.25991493297101,High,No,48.836973606465044,752.9777987922846
Yogurt,481,16.24994308507243,High,No,49.53343157805631,400.9664145103971
Yogurt,935,29.08042284530322,High,Yes,49.96289356152262,1059.7434892684253
Salt,689,36.032360855018354,Low,Yes,45.07369173791629,603.9108668113604
Sugar,716,35.56611505959236,High,Yes,33.78428686116851,910.7426487085596
Eggs,268,16.352553180957642,Medium,No,5.313692785525374,328.7202463629034
Yogurt,316,31.402918732538833,High,No,36.47946934749903,382.2250242361688
Yogurt,477,40.81609140890704,High,No,15.736978226162353,583.2333934145838
Cheese,218,26.378554102260974,Medium,No,7.572521628960969,290.19327342547746
Rice,289,40.69841345144307,Medium,Yes,36.37329930253112,430.53248670695115
Salt,866,21.194716898954965,High,Yes,39.0204917229287,1005.3960716992656
Butter,469,47.24420572236915,Medium,Yes,34.67449040754873,581.7731956164079
Bananas,877,29.026779822459545,Low,Yes,21.432640271731533,863.7419179071042
Potatoes,248,31.817657785667645,Medium,Yes,27.99518558356055,451.94400528359085
Milk,775,6.411270596206478,Low,No,47.072643214808636,430.14137714152935
Sugar,751,12.66211117078674,Medium,Yes,37.8324934689624,752.1613612991518
Sugar,958,33.48202462119701,Low,No,27.710790507470115,622.4764586412572
Pasta,587,23.89416673020221,Low,No,31.70521183779825,279.6866178904124
Salt,869,27.86737057061786,High,Yes,46.74576192558604,971.2685702529877
Yogurt,473,7.83371339301652,Medium,No,22.720213502135486,450.91463404996614
Salt,880,42.53608572846729,Medium,No,9.582967196874062,777.1669718207147
Cheese,792,40.30275210332977,Medium,Yes,19.66218087663821,904.591361725145
Milk,259,13.340928907483228,Low,No,23.68400966313289,92.4167637841605
Cheese,450,33.54482107658207,High,Yes,17.28337414372197,742.23516515171
Pasta,387,41.824184524442224,Medium,Yes,28.803758236252264,585.3150947530277
Apples,387,33.838436138701994,High,No,18.718604381573478,556.2206694462056
Yogurt,991,18.96791428831302,High,No,9.643081342207218,1062.5540394954744
Rice,325,34.52500177151752,Low,Yes,13.463083112272281,437.78177577002174
Bread,622,14.47077864574455,Medium,No,46.31702375404126,402.2822290926775
Milk,621,19.32147487757394,High,Yes,33.331803309538714,838.2238764500539
Eggs,882,15.80313438982304,Medium,Yes,19.143892074337266,1037.8008869053851
Butter,372,30.061629607559293,Medium,Yes,21.511306062519797,602.5029035816875
Bananas,501,9.870199104449688,Medium,Yes,27.20224271340613,673.3571745282661
Eggs,282,46.99896711567524,High,Yes,35.29085151032173,585.655125574004
Bread,764,20.008055914829008,Low,Yes,31.19809504296965,704.2232692436964
Yogurt,587,14.85365571976106,Low,No,46.97141560533237,211.53799251977782
Apples,926,27.344741612082405,High,Yes,33.15869719575393,1186.3692080531437
Butter,945,17.464901830462225,Medium,No,45.98563908222237,658.7706474579875
Rice,223,29.070683887218994,Medium,No,5.244357162405441,274.8417464400101
Butter,725,20.682911740193845,Low,No,45.075176236487586,377.9008523088196
Cheese,889,10.943006484606837,High,Yes,37.465636458472,1067.5241412926061
Tomatoes,513,16.96528589122679,High,Yes,12.748705435043869,887.6039944215821
Pasta,824,24.729793023268634,Low,No,16.8367108660273,605.0886303206232
Salt,271,6.363195191583153,High,Yes,29.42644996237467,636.8446099588463
Butter,387,39.67891371566429,High,No,10.62221699077443,558.5320145915246
Apples,534,32.98210540656871,Low,Yes,40.34157211004206,416.4697719207239
Rice,785,32.06118232752594,Low,Yes,40.6028239800092,670.9714942944623
Yogurt,212,29.57224693472447,High,Yes,18.542704489478673,581.932116017398
Rice,987,31.564092754628085,High,No,8.141765223775819,1019.4593073014591
Cheese,221,47.05933787182492,Low,No,49.49813566551085,10
Tomatoes,643,5.385614486483331,Low,No,16.28279956599462,429.2069008645177
Bread,321,7.150986934598717,Medium,Yes,8.040139309280528,632.6503591671611
Sugar,730,13.617203446886105,High,Yes,19.84842317226001,1051.070271970505
Flour,138,12.528562099691754,High,No,48.60514679784319,186.47900013941683
Flour,596,13.15375067611322,Low,No,40.68174257383977,226.48838349853975
Flour,879,35.237474863189256,Low,No,26.614988591456452,623.3860674722296
Butter,332,25.67674854725744,Medium,Yes,18.73986897765561,558.3249147748172
Butter,629,49.63004952506119,Medium,No,24.04877443463609,544.5291036743054
Pasta,248,15.209866166132517,Low,Yes,5.781452370378897,336.45841963156124
Tomatoes,496,18.98735454623726,High,Yes,37.326671664860115,742.7131004096697
Sugar,760,49.290832256074204,Medium,No,9.483992219832944,642.1141598426698
Potatoes,737,42.42911633610112,Low,Yes,28.356690959343823,650.7610259364599
Bread,401,26.140964930533972,Low,Yes,30.463027378815635,406.9310531881694
Salt,459,29.95685984956954,Low,Yes,5.076039843603225,566.7988877015733
Salt,337,42.943006429377824,High,Yes,49.094538168984414,592.0763161543215
Potatoes,746,26.644111072084762,Low,No,18.596256695999898,543.5664208931587
Flour,762,14.271067561193794,Low,Yes,8.475091294645212,781.083983364216
Yogurt,335,42.28000423494735,High,No,43.44748512167706,314.98961731310527
Milk,835,29.199762107403952,Low,Yes,11.837867182310536,813.2781358877828
Cheese,302,11.886916872371959,Low,No,6.122981130101984,239.7186412958278
Butter,355,27.751362403297893,Medium,Yes,27.261080581680375,538.5902240316616
Rice,697,23.594152126858646,Low,No,10.846264360890803,492.5415372309871
Tomatoes,761,44.45791393467911,High,Yes,49.20903798592463,899.8998454248575
Pasta,334,10.672494411231654,Medium,No,5.468494397563212,375.1861540750887
Milk,444,44.38444120016115,Low,No,7.3038804884884385,270.7942761823814
Milk,633,28.04949575646281,High,No,42.4977784879536,581.4180022957245
Salt,959,23.196399349151644,Low,Yes,15.788826321711166,918.6474177657453
Bananas,896,12.288523298132315,Medium,Yes,46.02185390227749,890.957191157787
Salt,880,36.53680831874057,High,No,19.00116740637319,841.766401753157
Bread,565,46.70630190995182,Medium,Yes,8.140219311218258,793.5365099703315
Butter,869,21.89198092546939,High,No,5.476630956869103,936.1934745788186
Eggs,640,15.871325030187505,High,No,17.715527467572915,720.0258482694484
Milk,312,29.969011264962067,Low,Yes,26.317875897315467,380.1788031620641
Flour,562,40.82836767952416,High,Yes,5.045724991673145,937.2697586684161
Pasta,535,5.169546254773987,High,Yes,31.14982411447524,855.5677217733421
Bananas,382,33.41198463779432,Low,Yes,20.01477014036293,386.59727942900014
Potatoes,661,31.84322003143839,High,Yes,22.556908821308514,996.4087107933798
Sugar,706,19.3168483611872,High,Yes,16.7634926689148,1058.47893404527
Salt,562,25.314035162223664,High,No,28.807034244847827,566.3101221173351
Bread,506,16.113345087281942,High,No,15.355517988566472,593.618975150075
Pasta,187,40.544858207832924,Low,No,11.066993877041174,29.14392291820117
Yogurt,143,33.55407200147485,Low,Yes,45.07911869216202,149.86873430207172
Butter,560,28.972022991754336,Medium,No,22.57497423637486,460.7267929417826
Pasta,377,22.663678928802224,High,Yes,8.461865759944631,785.8457347341115
Yogurt,782,18.112297370932946,Low,Yes,15.364523955484914,756.0367826549511
Bananas,520,42.023141871954415,High,Yes,18.947432669036758,904.6104825519018
Yogurt,800,25.313345169510605,Low,No,39.63408392068433,399.99007992232686
Pasta,452,27.565133892875274,Medium,No,6.0014972538207125,468.534930946216
Butter,795,28.437292874333373,High,Yes,26.521226981515145,1045.6543099470284
Tomatoes,614,25.17651209442094,Medium,No,23.346161841052304,499.92079926225887
Yogurt,802,16.52397918072907,Medium,Yes,48.5780180735716,772.4211985730249
Sugar,729,10.41531981093734,Medium,Yes,13.103375553347517,901.3976189965899
Apples,118,9.434177022548331,Low,No,33.25418357736735,10
Bread,122,39.08581355033099,High,Yes,14.09885982917283,547.1510794286141
Apples,512,15.058752003568012,Low,Yes,29.678992437732845,552.4420324285376
Sugar,129,7.505276672928901,Low,Yes,29.977845463120513,176.24697377382512
Bread,906,40.88828330131487,High,Yes,8.39060284363035,1235.0260467113012
Sugar,207,11.93277437872916,High,No,25.54030823887543,279.2401102612215
Yogurt,466,33.131574128000935,High,No,25.75202485819834,504.1663375999281
Tomatoes,380,20.238947215153843,High,Yes,19.361150336396594,722.5860097280636
Butter,227,10.691611551108926,Low,Yes,17.472134915944448,305.7761136498135
Cheese,328,23.651644066446195,High,Yes,15.09340883522922,733.6113090082989
Milk,210,5.666398750968131,High,No,5.2673482343601385,435.52444364495085
Bread,235,42.84702421306521,High,No,5.081732802003799,372.8029923478613
Salt,461,28.107408260383576,Medium,No,31.540424485576743,406.91023661949987
Sugar,285,11.262200490858282,High,No,18.11587600133094,437.0700055782291
Bread,755,15.664114327504311,High,No,12.55498951024402,833.4283159
Bananas,683,25.1588836462337,Low,Yes,35.813084248053485,644.0587023945252
Bananas,228,13.49912222669969,Medium,No,28.80070562657505,211.31273743551992
Milk,975,17.086962267548863,Low,No,46.173122459656305,531.6457077509891
Bread,360,29.047350390586843,Medium,Yes,42.39576216824014,402.92212217247084
Potatoes,614,42.467405586727345,Low,No,37.70281359949852,298.38379856770774
Potatoes,548,23.082785856046435,Low,Yes,10.696188073325649,594.492281462889
Eggs,999,37.26388730990967,High,Yes,34.973993253144315,1192.8760238370062
Pasta,203,44.45078960572918,High,No,36.22668993219334,235.75624565823796
Sugar,582,14.73354231332729,Medium,No,39.34996654886198,397.92738924332735
Sugar,323,41.3236386680972,Medium,No,16.840972569083416,263.2378849813541
Eggs,931,39.083098924896234,Medium,No,33.813387664868806,668.3226513831229
Sugar,973,21.062178407666075,High,Yes,32.82253062271429,1150.4839962616284
Butter,965,49.52839817753902,Low,Yes,22.338952241517163,879.4732538488568
Bread,590,16.815756714618068,Medium,No,34.85781411659635,425.0265726540837
Sugar,572,16.466146971426298,High,Yes,8.901300259236422,1016.4507739383712
Flour,109,39.7516624093939,High,Yes,33.957725950489476,465.6449300264529
Yogurt,504,24.55957931229879,Low,Yes,32.270701289569985,479.8740035837883
Pasta,995,19.885774765146948,Low,No,14.478098326433951,630.9468484771648
Apples,401,13.039826240259632,High,Yes,41.8196128783941,679.9550693487291
Tomatoes,330,39.43995939205448,Low,Yes,44.34863001182165,362.3729591882879
Butter,830,40.384481276123466,Low,Yes,14.471777626414678,815.8103635642035
Bananas,165,30.49538014535632,High,No,8.418248790674157,350.3456902799856
Bread,211,48.07911259361178,Medium,Yes,32.160895859369724,388.85570404857856
Cheese,112,19.317347169019442,Medium,Yes,26.596288714248402,304.0176208646819
Bread,492,14.882857046570173,High,Yes,24.241740316792598,828.8116862207506
Butter,599,35.486004602050784,Medium,Yes,39.245374851966375,710.23669235726
Salt,697,39.12838883598671,High,Yes,48.63481877790118,824.7337786764697
Yogurt,333,15.120768674832007,High,Yes,26.49486737192885,657.2060553199617
Salt,701,8.447484391750095,Low,Yes,5.276978544864873,777.8004902178905
Tomatoes,413,41.47324189638674,Medium,No,31.832021054227013,285.4666968237394
Bread,665,48.94258881407056,High,No,34.428464245842775,590.0168681274772
Cheese,111,34.010252873252796,Medium,No,42.26082376978969,10
Yogurt,308,17.504010506475236,Medium,No,13.973314149325285,300.17114742089495
Apples,113,49.85026738487564,Medium,No,28.594743508351893,113.49779466583095
Rice,732,45.196998632018484,High,No,25.120917517521445,772.0581546599839
Cheese,517,28.102129082613224,Low,Yes,34.899820752318384,516.9692209545094
Yogurt,536,42.139457817882516,Medium,No,7.877437866642412,542.394831808748
Flour,476,41.71192354683351,High,No,44.78058192647862,442.2146159386224
Milk,119,47.06595363530748,Medium,No,28.002083190722526,55.42436640540254
Rice,686,42.8415729698057,Low,No,44.467045023649554,344.82745722641346
Pasta,854,33.965565618072404,Medium,Yes,20.31067093384121,975.0975456240848
Butter,834,32.418667353042835,High,Yes,34.408499658828234,991.507257597286
Bananas,169,26.03107797492253,Medium,Yes,48.05263171892349,254.50525665228395
Eggs,923,33.19185379868408,Medium,Yes,47.45206358194008,846.6313997290512
Salt,310,40.78474639386722,Medium,No,47.48462396470477,78.62363816104492
Bananas,200,48.6066931836149,Low,Yes,6.932607823261924,362.68927984035685
Rice,797,26.027931118195404,Medium,No,23.135720043853524,621.7711730666582
Bread,231,30.81439413449407,High,Yes,7.735156585149449,658.0386615820831
Tomatoes,722,25.016247277645178,Medium,No,18.92646559737871,621.6247372337169
Flour,480,35.08198794425318,Medium,No,12.856014279222302,446.54214691514426
Flour,231,33.34642268275668,Medium,Yes,32.9061840850353,382.192613
Apples,119,5.802520558713049,Low,Yes,40.133576806942834,187.19872607778206
Tomatoes,635,29.35227015952963,High,Yes,28.100613436853063,857.0211629833993
Salt,326,8.981910306455632,Medium,Yes,40.79628829840471,407.8266189042364
Apples,253,6.1872628102492255,High,Yes,5.576598347280404,735.1586940861295
Potatoes,904,40.60387229381142,High,Yes,41.921436409663805,1024.5068928742564
Potatoes,841,16.639243797168525,Low,Yes,13.026210110996294,829.3918942523787
Apples,568,20.32947847792847,High,No,25.742115563214828,583.1536020105827
Potatoes,921,7.88380644218298,Medium,Yes,24.916352715642578,1018.4223687950047
Eggs,970,13.077511722245779,Low,No,44.29199881241811,554.7702063151804
Rice,504,39.45221682160066,Low,No,48.469061627778544,144.70227671051038
Yogurt,301,27.20888736046794,High,Yes,16.480443494188947,677.3046312091911
Rice,137,44.63008081475668,Low,No,8.033592766694046,24.586107656812295
Pasta,871,22.875895916007583,High,Yes,34.273480210468094,1059.1018358325002
Apples,287,17.09153310894207,High,No,27.627826403894378,411.91129570315246
Potatoes,156,20.64199165063929,Low,Yes,30.45673138598125,259.24012918887115
Pasta,119,37.0747307082607,Medium,Yes,7.082159574649994,474.59249616351457
Bread,372,29.975255255051874,High,Yes,39.888941972807565,648.3397827653152
Butter,218,45.68860433985925,Low,Yes,15.455903678928395,353.7414646205844
Potatoes,682,32.09759462249975,Low,Yes,20.07215514100747,643.7323508870954
Bread,615,27.185819381667642,High,No,15.275917064721824,680.6143967479842
Salt,320,40.35887257490298,High,Yes,47.56750522664233,563.7149927503627
Yogurt,625,47.63902328300503,High,Yes,12.592481744326331,959.6732536254129
Cheese,614,21.013066006023674,High,No,37.95435518081763,601.0468824774905
Bananas,827,16.244429457446493,Medium,Yes,16.058628227234152,1002.5685998658233
Flour,840,32.729782833236264,Medium,No,24.12138285987392,709.7490428169372
Bananas,435,27.449276951924645,Medium,Yes,49.82278447274552,452.43253385832406
Flour,797,49.51335086891525,Medium,No,9.52595349089707,715.5688862940133
Bread,154,25.806280286648,Low,Yes,44.66116539889583,109.36635540635527
Yogurt,599,8.344919811215563,High,Yes,47.57224533209955,763.846772274692
Potatoes,999,48.98160773499362,Low,No,36.420228271817564,541.2819846208168
Tomatoes,987,42.9614125517093,Low,No,5.448298538089556,744.885814304334
Rice,865,13.02125647810835,Medium,No,41.93593628143012,572.2664532798342
Potatoes,635,45.70723639007912,Low,No,44.70223674248514,273.4591952581001
Sugar,261,20.330006936978506,Medium,No,49.142037059957026,143.67823956120876
Bananas,769,21.9700393,High,Yes,42.76920864875431,956.279020673619
Sugar,693,45.787616706297165,Medium,Yes,25.05141352879345,807.805774737957
Yogurt,258,28.85520042658919,High,No,35.98923545122683,358.05966629266413
Eggs,287,11.199331822933384,Medium,No,26.830783038080288,249.66978981921872
Rice,159,21.607527170381182,Low,No,20.885825728522086,10
Sugar,916,37.494385082054634,Low,Yes,33.18919219178245,801.8600400519952
Milk,418,12.838288463060753,Medium,Yes,39.642459783879914,588.5593018668945
Bananas,977,31.560403883286146,High,No,33.615535400518695,864.9629560164939
Eggs,310,36.28733598249876,High,Yes,42.196026544079515,527.4724828963112
Flour,505,20.47341089941607,Medium,No,12.9368738570033,497.52618468552157
Potatoes,763,36.224630991874506,Low,Yes,21.816254822142174,726.4848153544593
Bread,208,44.78933083231934,High,No,19.066361573040346,332.7134704536431
Sugar,175,26.24525349049584,Medium,No,13.735721285050932,170.42338422344227
Cheese,641,22.230919768090352,High,Yes,24.94284473684079,868.4669492921486
Bananas,413,16.302128061122858,Low,Yes,47.65427928,290.284638409946
Flour,216,32.189246593848694,High,No,29.210373126822304,359.10127682878493
Butter,967,44.59334216174222,Medium,No,17.888219451664035,811.5960043664744
Rice,803,19.609757023333735,High,Yes,20.932727823636686,1019.0605479085466
Pasta,118,22.830598604178657,High,No,32.58840702727075,255.56524371111985
Salt,531,23.298148289749275,Low,No,20.873603381588616,345.8279279576015
Apples,784,30.23655537998827,Low,No,29.225602531430106,502.8307283233405
Butter,839,15.278403270534739,Low,No,17.337195205377228,564.1988830533265
Tomatoes,449,41.999501988846696,Low,No,20.56690719050836,227.30139470075778
Yogurt,282,18.302102487689957,Medium,No,36.75775364763619,186.78901642921656
Flour,212,36.74132109035068,High,Yes,31.307825823974937,586.7216055747905
Bread,282,28.09470838007984,High,Yes,9.206908849102078,698.8710709917907
Yogurt,580,31.365392150874058,High,No,48.793213332771785,481.7188399232827
Eggs,245,13.08239324722863,High,No,7.220161533149831,474.22830176135125
Butter,930,38.076043918017675,Medium,Yes,8.732280752674871,1117.5782162931066
Salt,727,13.4879233569184,Low,No,36.562372193351024,390.46045652828894
Salt,212,10.10631369323476,High,Yes,36.86081627438704,550.3559590155055
Tomatoes,862,29.600577494995413,High,Yes,5.852098995204734,1198.9126191986995
Sugar,575,36.91837116129494,Low,No,33.92392547586191,264.3838488569073
Sugar,862,7.251612639564053,Low,No,6.4967006649405405,628.6123444009397
Apples,402,8.122789172324394,High,No,48.23464972505122,341.74955974517326
Milk,924,41.12056232176636,Low,Yes,36.326416722482094,768.564653373591
Yogurt,217,41.40647147782994,High,Yes,13.396014559442815,606.6349158878153
Tomatoes,912,16.038712267658653,High,No,12.114715467218858,969.5115425218593
Tomatoes,260,32.68526912600916,High,No,30.634803622418403,375.009720347407
Eggs,500,24.94310338150968,High,No,33.508342653646956,526.1070155821374
Rice,297,33.47132186315808,High,Yes,42.40569334422824,531.2147721566797
Potatoes,359,43.82956778446513,High,No,45.64945171461027,362.6992699654948
Milk,759,8.593539106201543,Low,Yes,22.664004982619296,748.4896504167941
Pasta,851,40.00929916948044,Medium,No,42.98381790671703,610.721041503028
Bread,146,27.18630970344677,Medium,No,29.407101589253024,90.59030586954063
Butter,498,30.385712469289842,High,Yes,26.176196327090885,836.3274592994554
Apples,809,34.42691120077041,Low,Yes,36.45367907260045,731.5661199819812
Bread,658,46.51804171080983,High,Yes,9.64377326050942,999.4000985022949
Butter,177,7.552397909828204,Low,Yes,16.942392757963063,324.66539265335837
Yogurt,223,6.326435845600145,High,Yes,41.754320843512474,549.5098524217876
Tomatoes,174,13.021780166994807,High,Yes,27.683547725183402,530.31020450793
Butter,970,49.39014767120314,Medium,No,45.861954641694226,669.5579935268831
Tomatoes,236,37.17843653199991,Low,Yes,8.991668024730988,377.6461823264174
Sugar,701,32.658850357452586,Low,No,19.10357649410203,416.01808760338974
Butter,499,7.116757403663655,Medium,No,20.999745176181648,453.89277076389226
Bananas,936,44.55996007518341,Medium,No,24.022414522541933,787.083631817681
Eggs,604,41.57405839837218,Medium,Yes,49.406902320391175,611.0618787123227
Bread,599,34.916001974018826,Medium,Yes,18.979822133069074,777.0383899782133
Bananas,672,20.26088669681162,Low,No,28.34071038344451,427.723428611917
Butter,237,8.17272300057158,Low,No,29.12320957419508,27.7430343846504
Eggs,149,31.101731955541513,Medium,No,39.6859072373315,66.02754776438186
Potatoes,870,37.38625571573769,High,Yes,28.304104733861355,1068.691982422734
Yogurt,718,9.240815771476136,High,No,32.25818302792298,690.5754880025645
Eggs,724,33.51954469093232,High,Yes,38.89976228424102,928.1982140775124
Potatoes,961,17.886473054922135,High,No,9.550940210597538,1019.34314943895
Rice,353,39.39098995489153,Low,Yes,48.35624555862362,287.5753724152671
Flour,729,29.282713277082667,Low,Yes,43.08368792357516,605.4249662323164
Flour,809,10.806655451469652,Low,No,22.494767613039816,543.2771187280408
Sugar,948,28.69337514799562,High,Yes,37.77879150831845,1155.124924046551
Potatoes,976,22.808158851502338,Medium,No,39.3046296983936,754.6700842414482
Eggs,662,13.116018572674335,High,No,43.26109022370456,616.8879905574747
Rice,856,42.86820758279554,Low,No,13.474257131032346,611.1418205035407
Potatoes,525,5.496280182461129,High,No,36.666623868971115,524.9516801587878
Bread,646,19.04577245951477,Medium,No,6.500323873682762,619.9998216676911
Yogurt,401,5.566776717624204,Medium,Yes,10.201060582424663,681.7851366492085
Apples,680,9.320312592776872,High,No,39.92301322094767,642.3542843403491
Eggs,448,18.369329862788646,Low,Yes,41.58513517467918,415.0802194821554
Salt,931,7.442203342521811,Low,No,31.65964034560541,620.7928867040928
Bread,148,31.848373956071352,Low,No,31.175868838275374,10
Eggs,173,8.908830859378225,High,Yes,38.728014276556834,430.0290170140166
Cheese,803,36.57711353297428,Low,No,45.773816993991574,456.2680260372735
Eggs,360,7.36889506822225,High,No,23.950182689043338,444.98980602853464
Butter,455,7.668900266049356,Low,Yes,10.16695033733067,565.1856492732824
Milk,681,18.739665456496986,Medium,Yes,42.754972299227965,743.4800743774209
Pasta,701,45.345718623617486,Medium,No,20.373986568683883,628.5264140100644
Butter,359,33.862696192549244,Low,No,11.020359794476567,269.3478791884463
Butter,737,39.65590813680137,High,No,32.65773800642741,695.5671617664385
Milk,842,11.369844926469773,Low,No,31.01377663452603,548.5368873724227
Sugar,394,42.53564449612606,High,No,26.341079292607493,468.1661786901454
Cheese,740,5.3665811687405816,Medium,No,43.69087599112215,603.1584395663903
Eggs,891,14.587580782985276,High,No,17.250162593151554,952.2687383705509
Butter,412,32.724154451749705,Low,No,5.595586937797106,279.93576543277015
Eggs,711,21.886088386732265,Medium,No,19.556092352399,586.284309528792
Potatoes,937,49.288702627335354,High,Yes,5.4367682180957955,1168.9741158604347
Tomatoes,908,6.36526610682432,High,Yes,29.461604490357768,1146.1496223912031
Pasta,281,49.93691755714445,Medium,No,22.021173178693157,269.9791380676846
Tomatoes,785,33.063252478759225,Low,Yes,41.62742333856887,675.6950703997747
Rice,927,30.141814756824342,Medium,Yes,40.891340862086786,851.4699548900778
Yogurt,463,7.678059915378847,Low,No,24.558732198439866,206.0269793594273
Flour,287,17.29979944996508,Low,Yes,14.741837311362037,411.6656180551109
Potatoes,668,46.609820973121806,High,Yes,24.009343967403368,994.6140817408459
Salt,642,20.941070143515994,Low,Yes,33.859297964463316,582.1663610242443
Rice,695,34.774394021026296,Low,Yes,13.559269170780832,753.5620048333332
Bananas,763,49.97733576884247,Medium,Yes,39.78709770066363,755.4436389091057
Pasta,647,16.83813712250935,Medium,No,19.875209469587322,566.0187250703784
Milk,824,30.92363955565222,Low,No,46.94796477128342,400.7585524370618
Potatoes,507,36.339700671599594,High,Yes,28.034173862357356,832.8869645673406
Pasta,975,12.408226095443682,Medium,Yes,43.120694035837495,941.9973268449991
Flour,717,11.690265366328195,High,Yes,32.71516611334711,1004.4894172660485
Apples,513,25.533856024617798,Medium,No,29.957082970043196,388.61628262887564
Bananas,441,22.361563479168023,Medium,Yes,35.695856006830056,531.0440483417007
Pasta,319,37.139694658579124,Low,No,41.51710056684924,10
Salt,262,8.12789471518638,Medium,Yes,34.00283769843813,416.8490501797804
Yogurt,319,48.74749806833107,Medium,Yes,40.87583092362661,437.5641161853829
Yogurt,369,5.642464175862456,High,No,13.570932400678085,506.2247066574446
Bread,731,32.0592570951268,Medium,No,17.48824431686605,606.7148285985772
Flour,947,30.318466814032476,Medium,No,15.337526971428803,842.447373281872
Flour,499,11.06220788913766,High,Yes,40.92364345165591,642.7141204839977
Tomatoes,281,11.79121922210884,Low,Yes,8.875785148568411,411.629015553034
Salt,717,40.6704869507582,Low,No,40.81384388487776,309.1683926681778
Rice,828,44.94031062857074,Medium,Yes,22.506903491653475,901.3386940771327
Butter,304,17.735763464769633,Medium,No,8.577822290782798,348.75550452137384
Tomatoes,681,24.70837837831558,High,No,24.099181768690805,705.7929226163369
Pasta,655,20.97477684672591,Low,Yes,18.52260352402331,662.0326150224074
Salt,940,8.264615584399335,Low,Yes,31.637848225219233,875.3637174506322
Eggs,912,35.29419107071142,Low,Yes,26.263698489221582,830.2258672261438
Salt,327,42.13368206625606,High,Yes,18.354982598975752,752.9399521802006
Bananas,795,18.71957108260432,High,Yes,43.801967498248196,978.9961303074797
Bread,718,49.55791071338232,High,Yes,23.3069641180506,954.0849324070865
Pasta,695,8.413320077705972,Medium,Yes,26.181049631080043,878.9108509142925
Sugar,949,34.78058212165344,Low,No,43.098283613860595,534.6614512046007
Salt,349,25.170260653674003,Medium,No,9.007547375480957,427.72956857295463
Yogurt,974,25.097085549799516,Medium,Yes,22.54519137999851,1045.942634034125
Milk,540,25.59405272150931,High,No,23.12855089377754,611.7271715925955
Apples,632,16.64067982106428,Low,No,27.312154482050754,373.6823126389663
Potatoes,295,37.20032722995046,Medium,No,9.775426656173238,313.47928987762697
Yogurt,789,37.47094367382621,Low,No,9.619705456229813,602.5236007495445
Apples,618,17.707869954762216,Medium,Yes,23.73871800946621,824.829935230417
Eggs,169,42.58879073863026,High,No,6.486305375602752,312.6712893941761
Apples,738,19.25802246426485,Medium,No,16.474296157683582,672.8440592291951
Apples,498,37.629190579394404,High,Yes,14.052953919720363,832.4855208161655
Flour,771,10.44498953804299,Low,No,27.022381759560865,398.68134281708103
Sugar,859,12.591573926168554,Medium,No,5.502180074819477,818.9038603567442
Bread,302,19.2108040028713,Medium,Yes,35.40800526187867,470.5327766141674
Apples,247,31.724319545053767,High,No,43.50142882088312,284.6345113749141
Apples,571,34.04801684654147,High,Yes,36.8033683207687,816.8899863099915
Yogurt,754,22.83602773853637,Low,Yes,41.81351762,658.9651547227921
Apples,298,8.502761889973131,High,Yes,33.94923817091839,596.3109641600942
Salt,525,21.813559344172592,Low,No,27.831516547511374,277.83566926500436
Pasta,765,35.99453821816182,Medium,No,14.855971878935033,690.667859549101
Sugar,591,35.194795750864216,Low,Yes,17.583185645728882,657.8753575727048
Cheese,987,12.208838594244924,Low,Yes,19.296860167378295,938.3266440485501
Apples,995,5.350278662103522,Low,Yes,6.71079512599177,1003.357018080064
Rice,241,38.88417277832526,Medium,No,46.08899471353551,91.25577320762987
Eggs,412,9.786567487335967,Medium,No,45.51362161850183,211.33081500044023
Pasta,264,8.705711478392848,High,Yes,9.850003228847982,730.6858566882024
Pasta,413,5.121554757537356,Low,No,30.05121044975239,133.86366316851823
Rice,120,24.467059668061726,Medium,No,26.04385823917261,115.27610206122695
Sugar,181,27.646875540536648,Low,Yes,35.753629866889796,204.74563956306633
Sugar,680,33.69488207668658,Low,No,32.13579472422505,319.9444083780147
Rice,230,18.322872832066363,Low,No,10.594481053069885,77.0477752666635
Milk,698,36.9691122374051,Medium,Yes,34.703494023280804,740.7872295755004
Tomatoes,829,12.61993358331237,Low,No,32.399253678021694,484.5755054933773
Eggs,404,42.439552389965634,Low,No,28.90506370882125,201.86928371045337
Flour,470,30.73317480007005,High,No,23.108281995795203,541.7699476311249
Bread,956,31.27504205174218,Low,Yes,47.97144473239239,775.6998633823245
Butter,952,14.439893620059866,High,No,43.22478025900021,876.2543132133121
Cheese,483,8.33489371851747,Low,No,31.328823871396413,257.7834525183371
Milk,544,25.912616138630213,High,No,5.287002137042739,695.5968898593518
Flour,524,32.70253783650615,Medium,No,24.445545897639793,409.4552433271465
Bananas,260,9.277090639775853,Medium,No,36.51528778475445,185.7506525471704
Bread,277,47.7740513537675,Low,Yes,10.278240564627154,375.75461694387593
Salt,728,49.11864621047631,High,No,23.294732745728403,795.8111527417942
Potatoes,807,29.54555129266214,Medium,Yes,13.627635077868716,988.7230039473825
Salt,994,47.75311198730328,Low,No,20.216434421696796,676.5021610203746
Rice,589,13.075035691138389,Low,Yes,6.200114180892039,699.0420642318271
Butter,426,6.14393083307862,High,Yes,10.702957201920471,839.5618432592662
Bread,697,6.773429088067546,High,No,25.46405825626672,715.8431052772239
Sugar,388,31.438061574205058,Low,Yes,45.418546446610115,332.5465348270344
Tomatoes,692,7.773884754657059,High,No,27.076172972038727,707.0454357529622
Butter,763,48.134552307083915,High,Yes,25.388486091854787,1067.4909463603108
Sugar,672,11.386994484172936,Medium,No,40.44062268371701,458.92228733127365
Salt,672,18.71252627238404,High,No,17.052353462118006,758.2458923111152
Apples,453,42.01330108992568,Low,No,9.278093715118523,271.5210860884193
Bananas,127,14.843314539684188,High,No,14.430767915150561,298.2295791484038
Cheese,142,15.933580630455676,Low,Yes,40.60853766271771,99.00782544570876
Salt,780,33.90390301059582,Low,No,35.46715662921282,442.056518491831
Bread,522,17.423873982016804,High,No,9.118993201431612,647.3191196704757
Apples,697,14.785143530346513,High,No,35.019192212755236,707.6131527355402
Yogurt,276,16.437997143754586,High,Yes,46.91981681979688,540.3807791076439
Flour,628,27.079137470332707,Medium,No,7.022973020061025,608.1923059054076
Butter,709,48.474494272916694,Medium,Yes,32.7388143163026,736.9537180625013
Eggs,593,42.45070737025527,High,Yes,22.06240564023104,910.4097772597552
Apples,297,17.807461905207973,Low,No,27.546415655607746,71.09980621177381
Pasta,709,21.351794382414397,High,Yes,28.768046719040946,919.6987083290468
Salt,676,25.903051272683484,Medium,No,39.69707438603093,492.27850681936815
Bananas,941,49.051834115764564,Medium,Yes,30.06556338978225,940.1974873774832
Yogurt,952,12.757571075107206,High,No,31.68885326562994,834.0432071232259
Rice,616,21.08673965713473,Low,No,19.981032969731427,421.2654989668707
Sugar,613,37.82417422922217,Low,No,10.667538400292393,401.328260798247
Tomatoes,121,48.37746804210245,Medium,Yes,35.72295500398245,241.6618492051528
Bread,211,12.005384574390696,Medium,Yes,5.021696321530324,508.81107178486087
Flour,156,15.232097938745559,Medium,Yes,19.792272627066616,396.59103998314384
Cheese,165,15.15626034756936,Low,Yes,14.811977949109698,334.6887987894861
Eggs,941,5.941941327143308,Medium,No,22.484004834025736,737.5199723638206
Eggs,197,32.18520312414273,Medium,No,19.007061217872153,156.30490389608818
Bananas,243,35.18163833656522,Low,Yes,36.68976858885166,272.7724277340311
Potatoes,979,32.1136650556364,Medium,Yes,16.70927227638964,1070.1048222228783
Yogurt,534,8.209534523576645,Medium,Yes,30.233765551435813,678.7649871213731
Pasta,736,8.115355658553426,High,Yes,25.509669352607137,992.466215505652
Flour,778,14.467394952235582,Medium,No,41.04758774009852,620.5454685280494
Rice,185,18.063253206451158,High,No,24.264161953797462,278.9567089501752
Sugar,687,40.39446451595213,Medium,No,43.87442350692034,468.4941202257695
Butter,443,12.17256195870145,Medium,Yes,5.006559542326387,768.3696189267399
Rice,393,6.984149737888946,High,Yes,32.217635984254244,688.5701649015863
Rice,670,22.729437847087482,Medium,Yes,5.441314709037377,874.8154858689937
Bananas,749,23.737647656386414,High,Yes,37.127044550456354,974.7090443440393
Pasta,710,25.29083021850294,Medium,No,15.571508082269375,657.618988787693
Butter,803,42.21065948121358,High,No,22.099156329790823,786.8017780607001
Salt,342,9.410243669192377,High,Yes,22.11968814230767,752.1623352710286
Bread,930,36.67739370898829,Medium,No,43.089008826195126,661.7528917789667
Rice,660,20.207550697038087,Medium,No,9.594174240182943,635.1881923344141
Yogurt,131,18.949106139596147,High,No,35.01036290076182,264.92206814257815
Pasta,490,46.96444067386909,Low,No,49.15655731373917,145.79839986802153
Cheese,376,16.181083598753393,Medium,Yes,6.0072993111924635,662.6654863821158
Rice,631,33.913932590271486,Medium,No,48.46523894428173,375.3690757879278
Milk,253,17.380749081924144,Low,No,5.828212802459283,245.823730967212
Butter,482,27.82147471881733,Low,No,42.85172563065781,133.76014914570396
Bread,167,40.3831801668325,High,No,48.25599888465992,181.67228831269233
Rice,977,44.67751355823172,Medium,Yes,49.68623220223625,926.1297638307317
Rice,983,42.741375813277266,High,No,25.660460343674846,953.4462944335356
Cheese,313,31.198133126508793,Medium,No,44.01308778125948,228.57600248764322
Butter,754,16.196734190219995,Low,Yes,10.505279436332227,794.0023475758968
Eggs,475,34.75550224678396,High,Yes,24.14229523764176,789.05879461249
Eggs,843,36.94572706008236,Medium,Yes,18.858873928236193,1008.2011085570041
Apples,312,5.481139555107564,Medium,Yes,22.782967277318534,528.8680694538527
Butter,178,24.764472991934355,Low,Yes,36.589138351897645,223.35280188511763
Flour,825,42.946791926979394,Low,Yes,8.936609001923987,849.6752541847895
Butter,727,27.031441830937133,Medium,No,49.91737821478834,496.1266354953045
Cheese,703,19.01189489734945,Low,No,33.57802215666139,406.7673900806193
Sugar,881,44.23089969610982,Low,Yes,44.30829139575179,699.0497301911328
Pasta,480,12.014631388841257,High,No,42.33630043574506,410.990803477103
Yogurt,779,14.290035458729017,Medium,No,39.469889481746286,518.4882734255788
Milk,157,35.931756512126,High,No,6.765058900583723,318.597469508144
Cheese,895,20.859617368695872,Low,No,28.241018446259304,561.6291996665179
Pasta,125,37.08575760802005,Medium,No,19.766676929652803,62.0449694460969
Apples,980,12.096662956677136,Low,Yes,10.08226021198281,972.7406578505157
Apples,546,16.352109032038065,Low,No,20.43455928889564,330.4641694516326
Potatoes,165,12.049132026363509,Medium,No,34.01613667886821,131.58154393039476
Bananas,859,47.88096411035794,Low,Yes,15.37818928799649,851.4999616846442
Sugar,353,23.243178238291584,High,No,25.00679431501458,472.8009913520157
Flour,998,20.17489594596017,Medium,No,23.202240963289263,834.7185009376356
Yogurt,143,5.639097027684412,Low,No,7.360833326288502,65.07003865296284
Eggs,196,11.903791073489934,Low,No,33.26371382222604,10
Tomatoes,653,23.951113530912476,Low,No,32.84811060316403,320.634571350796
Tomatoes,326,8.082625665735232,Medium,No,48.48865273611521,171.15801933672506
Bread,873,27.98326982777976,High,Yes,18.410234748416467,1094.831324832732
Pasta,778,25.475694730900152,Low,No,23.852796288890943,522.3792348102845
Milk,535,39.52256631549584,Low,Yes,23.16369300572359,513.7224352146786
Butter,890,34.69112156301425,Low,Yes,46.38847554436004,717.3274211470322
Milk,700,25.06762873942582,Medium,No,23.389219192517213,590.1644397269288
Potatoes,478,15.109731504728215,Low,No,24.92438648926814,285.1048893909266
Milk,277,37.708860470801284,Low,No,16.355504038628602,70.53314882835667
Sugar,526,36.85379465543919,Low,Yes,5.052566589082147,617.3464936397891
Flour,808,11.898327223192434,Medium,Yes,9.970280211891536,1007.094870399346
Yogurt,406,46.16383241414312,High,Yes,36.675011814228895,720.8785301121477
Bananas,878,7.898230220676943,Medium,No,35.712301701903925,668.7245445631087
Yogurt,603,7.476696900172229,High,Yes,19.513875778019198,913.2619014195336
Yogurt,367,13.430768794809214,High,No,26.285280248613905,516.2678770455274
Bananas,685,45.9257359121947,Medium,No,18.38202770211423,607.2038136889751
Tomatoes,107,28.39991558166148,Low,Yes,37.89123748510527,173.15285293899834
Sugar,607,40.45734143028051,High,Yes,42.912470754788224,764.5227536799298
Tomatoes,575,15.252943463442527,Low,No,45.45973816949638,240.70871054438516
Milk,396,27.05998885941834,High,Yes,12.824209463950437,756.6492004231474
Butter,263,21.1230258630747,Low,Yes,36.275753382554896,229.30840006140065
Cheese,584,42.25228731797867,Low,No,48.335210470876525,221.85420588681689
Eggs,696,6.017199771165198,Medium,Yes,34.277526685908384,801.9591886524261
Eggs,171,15.97292284847474,Low,Yes,20.79383646204991,260.3839987217341
Salt,666,11.865840093607044,High,No,33.617586461031415,701.7402645047647
Potatoes,658,43.663506742470624,Low,No,35.97917235444203,313.6017913863723
Milk,337,26.039473236219457,Low,Yes,22.867128493717754,384.1451904961773
Eggs,203,23.18990197519473,Low,Yes,9.679592774653745,351.325921889303
Tomatoes,309,25.226724294548593,High,Yes,32.299694038410045,615.7998843611064
Flour,653,48.73660478160508,High,No,41.096336023252704,630.8678813134524
Milk,927,43.262032745116585,High,Yes,49.890941769022646,989.2631747178068
Milk,567,36.78659473326384,Low,No,15.037623813332392,337.3882878438021
Bananas,553,18.07155316504646,Medium,No,36.51750383817807,365.03447782027246
Potatoes,367,12.432784978330151,High,No,6.261944007473314,612.5793996633279
Potatoes,485,46.4645133061004,Low,No,48.642137588651494,111.82147579351067
Pasta,874,24.03839852584173,High,Yes,5.565400768597123,1186.2982998847006
Rice,947,17.544010976088313,Medium,Yes,21.145773273742016,1034.479897507256
Yogurt,486,26.191437188793596,Low,Yes,8.43812478393045,608.9853405232233
Cheese,976,46.30313402691585,High,Yes,32.9435582723631,1162.843605784214
Rice,358,22.418029102608195,High,Yes,20.27749080236106,706.5481627869614
Bread,382,30.318844876164476,Medium,No,37.98247690987072,238.5406078108334
Tomatoes,725,41.133483549885504,High,No,26.887013000062343,681.33407969198
Yogurt,974,24.220963897177604,Low,Yes,23.873153735838425,901.8854490069872
Apples,139,15.509381086686574,Low,Yes,20.683235710165636,288.4986539844812
Bread,585,49.7536586772365,Medium,Yes,8.87581251565936,781.2907932228298
Milk,319,48.045688585347186,Medium,Yes,14.217118370564666,579.1659547666978
Pasta,228,42.95656261064813,Medium,No,33.75961272448185,124.66026523782772
Eggs,619,35.97682457236651,Low,Yes,27.3538250842443,557.5729908248641
Milk,712,18.268953263136364,Medium,No,8.154025322250181,690.1037908410151
Rice,991,46.103582217381444,High,No,29.477827293793467,992.7885540499866
Potatoes,787,17.400050155455293,High,Yes,7.436419765208729,1150.0205843748574
Apples,718,41.036427260457465,Low,No,28.02771263839947,401.32753757197554
Salt,712,46.321617557358785,High,Yes,48.42326511045001,843.8418868725769
Eggs,359,32.13517281934602,Medium,No,18.83050491786809,384.25545068393603
Flour,465,41.13752980510305,High,No,37.557641238897894,472.8524294980436
Eggs,857,40.6262794640786,Medium,No,38.54984182663888,599.5601705161674
Pasta,886,13.692098800444095,High,No,23.218679003501286,883.9938036810792
Tomatoes,643,35.05660131182381,Low,No,31.698146785095947,344.8351793044548
Rice,748,9.20605716069996,Medium,Yes,26.24207408138919,876.6630120606843
Sugar,623,27.85325644118666,High,No,17.751335886986286,741.0778567672962
Yogurt,913,12.300599666325986,Low,Yes,38.9633942840243,817.709683569587
Tomatoes,986,23.735727445839427,High,Yes,36.62719770417826,1149.7433110505895
Pasta,115,42.484193361429696,Low,No,45.52469890579538,10
Salt,228,49.422552783359194,High,Yes,32.81567808468212,555.4899054679727
Butter,674,19.308192424682797,Medium,No,22.492406353828816,548.8368672492641
Tomatoes,208,28.938006445242948,Medium,Yes,37.13034011462038,395.6795765136121
Bread,986,28.008411096671985,Medium,Yes,32.8566303301389,1004.408488843051
Cheese,632,47.94806794239797,Medium,No,32.74763867602856,482.6148119221705
Bread,769,26.53626795947481,Medium,Yes,43.24269906626995,837.115977799593
Yogurt,368,36.4597792429864,High,Yes,45.97108424361288,612.898883276249
Cheese,261,46.48051548988367,High,Yes,13.11087489897593,676.926462740949
Milk,359,21.8020351791578,High,No,19.132260089776494,465.11605824689315
Bread,201,45.59550072104244,High,Yes,34.26375654353936,514.3412451963176
Butter,605,46.28552998509561,Medium,Yes,30.074955516933013,676.4009394857968
Flour,834,46.87981267852088,Low,No,34.35467762747567,487.9827099260579
Milk,670,17.17007834621419,Medium,Yes,24.485656969723486,740.9558331238253
Yogurt,346,23.01600174214813,High,No,23.55975561722223,476.54541800843555
Tomatoes,739,44.16781587015659,Medium,Yes,10.294425736688044,939.5944701609694
Butter,894,21.162282092618845,Medium,Yes,33.064170804703885,942.2434626955671
Bananas,936,32.01138648200773,Medium,Yes,12.910354365423236,1052.2520281054651
Eggs,636,10.312452826702337,Low,No,35.195971803708744,327.1761168975968
Apples,230,7.532374465005835,Medium,Yes,48.51825094534915,284.4216572385396
Apples,452,23.539729527147767,Medium,No,16.538577236433298,441.8512671521932
Rice,295,31.051243966672285,Low,No,11.396853740732215,158.57537313519
Butter,892,22.671460101152363,Medium,Yes,6.087886037642013,1117.2817750101644
Butter,765,30.99810965723789,Medium,Yes,22.04722338554026,898.0245367974161
Yogurt,481,28.17879692773033,Medium,No,14.657497648560195,454.3661264032209
Tomatoes,744,35.856825317873415,Medium,Yes,27.13367404147712,853.6316612769198
Pasta,326,34.228959397942546,Medium,Yes,28.593771259673773,471.4513464136444
Potatoes,800,24.091056644296103,High,Yes,20.719748496969576,1060.8259131816023
Cheese,575,24.124785818893848,Medium,Yes,38.74578000251642,658.1971750862908
Eggs,576,11.33502530055044,Low,No,45.716300182049714,217.47405843787894
Flour,364,28.09573574434066,Medium,Yes,14.518539400697332,587.2640609656512
Salt,471,31.423060766106353,High,No,42.63339980327569,439.44958099163085
Bananas,585,26.44202288092218,Low,No,10.903455488992016,401.58560857636485
Milk,533,19.656830078914957,Low,No,15.29159830445738,409.67586145041275
Potatoes,745,37.47418449132812,Medium,No,30.26370588052034,566.182637701438
Flour,310,8.359774009035084,High,No,18.79616699400247,429.5163936628687
Apples,671,46.14981663893213,Medium,No,6.876985576498068,624.758294040335
Bananas,476,5.928954779560698,High,No,18.269246376940345,631.5371376804912
Pasta,494,48.305756004722504,High,Yes,45.71915848686062,739.6440811675405
Sugar,549,25.80600204205981,Medium,Yes,12.84004228648195,820.5697298172013
Milk,463,23.570147480159353,High,No,39.36878959292492,463.600243392093
Sugar,975,16.539980785843465,Medium,Yes,37.50269027020166,1003.4643263439942
Bananas,556,5.453201067452743,High,Yes,9.780116722890892,911.6720816109131
Flour,824,17.36556189898099,Low,Yes,19.824933406274,790.7893288264626
Tomatoes,827,9.922996645715028,Medium,Yes,13.521033011241947,955.5807933010201
Cheese,325,34.691937921202765,High,No,6.041758153697202,526.6430029845214
Bread,230,19.35837375443268,Low,Yes,12.786830385615332,361.53904408077443
Bread,687,39.52306977816477,Low,No,14.071007373517805,466.26911804169754
Cheese,575,14.311228430575262,Low,Yes,12.469111128699279,615.1125055875868
Bread,897,45.510568584444925,Low,Yes,9.099374424679416,924.8684633250701
Sugar,376,28.534168179762467,Medium,No,28.683730949958527,220.90340328686594
Apples,255,10.152778841104164,High,No,19.51875687662629,393.7689807312829
Yogurt,859,23.038035604406552,Low,No,45.87122126336538,443.1255382046112
Yogurt,317,14.304223583139274,High,Yes,13.424606060874673,668.6767828003088
Sugar,289,13.985844177568064,High,Yes,32.128818354340076,625.0868380905408
Butter,516,27.7866381943494,High,Yes,45.527917291953905,716.0691707199254
Flour,774,35.235140703636766,Medium,No,7.123534297964731,732.7982650327178
Eggs,791,46.02281924765427,Medium,No,28.232486192253795,678.6210172809425
Potatoes,645,27.597290484364404,Low,No,25.280096563903417,385.539588165809
Bananas,140,48.46274487762486,High,No,46.7950373634834,182.97327987846052
Eggs,406,47.37356834330159,Medium,No,34.86941477934628,318.1947346291587
Tomatoes,437,43.927813849296214,Medium,Yes,20.71226344784197,638.8355887244876
Sugar,413,27.498976923308835,Medium,No,37.018454832866695,255.58196990467604
Rice,174,11.34067746595926,Low,No,31.219430932123284,10
Flour,378,14.805701141692321,Medium,Yes,20.622645411566204,603.115265356445
Cheese,275,34.1451501220389,High,No,40.336190502592466,289.23873775094023
Bread,995,23.978974112788826,Medium,No,35.06763919128639,797.1803490147934
Tomatoes,761,11.60607342892984,Medium,No,5.243733425411136,712.524601329116
Flour,372,26.554727013768968,Low,No,43.93105727049445,64.23813830760514
Pasta,936,5.7843745475920665,High,Yes,22.869134699950866,1146.7918183261547
Butter,719,38.025291690481694,Medium,No,34.045142026429446,525.6466638733569
Cheese,750,8.311158252036089,High,Yes,22.85457444373633,1003.2864986522717
Potatoes,961,33.310112896045354,High,No,44.661291990525505,803.292672206577
Butter,882,40.68546384315197,Medium,Yes,34.287595078505724,912.2348652513865
Butter,958,10.968974350428448,Low,Yes,31.072379409513037,837.3460767522207
Potatoes,388,28.338741079970564,High,No,49.11191375461465,429.54820675079395
Yogurt,823,40.05803814617613,Medium,Yes,17.628823402729296,975.3036884474761
Salt,992,16.728505464065062,High,Yes,7.936443077523101,1328.092729263727
Potatoes,371,12.331246685072859,High,Yes,28.2204694807765,696.2052393364129
Eggs,165,20.15685999353556,High,No,24.080802521717278,304.69012275511926
Yogurt,582,29.96146294624921,Medium,Yes,25.443052208467027,710.5162191148453
Bananas,347,30.88758176846375,High,Yes,32.904717722858045,726.3640475154384
Bread,255,10.889435005595915,High,Yes,32.68047364717276,581.8869997033141
Yogurt,146,25.590598145328723,Low,No,22.651893199918895,10
Rice,553,17.072698799276953,Medium,No,43.829466078314965,342.0961935893273
Pasta,300,42.891089812922786,Medium,Yes,34.31563292692245,457.0367912673407
Pasta,759,19.110880942881384,High,Yes,45.046025559890055,965.0450930113456
Milk,223,42.741703604023684,Low,No,46.09192572961006,10
Tomatoes,100,24.285407567080647,High,Yes,12.529043413738442,532.5223175207864
Eggs,858,37.6963594621904,High,No,35.62528432509771,765.9970982050017
Sugar,954,27.952710284486464,Medium,Yes,19.288033872693923,1090.1715307627335
Tomatoes,739,32.98831808589394,Low,Yes,42.639307454681564,674.5507448916766
Butter,290,22.79104298876224,High,No,37.978321084497736,326.3627978533975
Butter,678,39.56930455133708,Medium,No,13.943645938663387,639.0958202819629
Milk,615,24.133522260814626,High,Yes,47.242884492644926,749.7361732374876
Potatoes,541,25.585774096361984,High,No,35.75655531465905,515.9186013493394
Rice,914,28.295540070393074,Low,Yes,47.68848964569116,698.3218344586003
Potatoes,905,42.43208532736926,Low,Yes,14.086002748703383,894.7203574472345
Eggs,242,34.67205178706592,Low,No,44.136729247938526,10
Flour,290,20.71221739545874,High,Yes,35.06327691870359,603.4702860490926
Potatoes,632,35.16438352916943,Low,Yes,29.852896720219075,625.3268042998287
Pasta,326,33.909195785385975,Medium,No,41.923080493746745,164.63501412421925
Cheese,412,46.8958674145867,High,Yes,33.47887490805694,691.5774849508081
Yogurt,728,42.86373962114075,Low,Yes,35.13200722484471,595.1701274929688
Flour,401,34.13511156880617,High,Yes,16.41517629152409,806.5701342302323
Apples,753,20.36781998078196,High,Yes,41.76741598840811,966.2714214774646
Bread,559,40.080940198757126,Medium,No,34.26362160472915,416.6980662999595
Pasta,500,30.884373187826043,Medium,Yes,42.99751304153606,573.1683312637681
Flour,650,49.33714946454057,Medium,Yes,20.818713449452268,775.9634199835729
Apples,492,16.137775785641182,High,Yes,19.926955508257535,794.0298587248874
Tomatoes,966,8.584512841889913,High,Yes,6.075633406930889,1297.295834782236
Tomatoes,863,8.145131534957645,Medium,No,39.587239705753184,661.077260023588
Tomatoes,944,33.801367475825614,High,No,19.864147419128827,999.5597274980405
Bread,306,47.26671030101857,Medium,No,19.724553936762213,260.73738969325825
Potatoes,309,5.086936143117733,Medium,Yes,35.99080319636463,472.80796449293166
Flour,214,37.65969711309998,Low,Yes,16.379103954775744,353.9067581616097
Tomatoes,836,34.56793321398254,Medium,No,45.905921896961125,606.3224102740277
Rice,745,37.953688649875964,Low,No,29.21296960648475,412.2841789392719
Salt,350,20.9932433043051,Medium,Yes,48.62647562204134,417.9962184398793
Apples,318,41.92234000960348,High,No,8.45009800652544,475.4338203797821
Tomatoes,506,7.0118119138487875,Low,Yes,20.157141544056632,523.4530492667337
Bananas,542,38.99439952799124,High,Yes,22.166165453647814,897.4220553584628
Bananas,702,17.018237360708948,High,Yes,37.86893240362609,915.6276335710025
Milk,453,26.45769986861322,Medium,Yes,14.583301606877619,674.0272781493479
Milk,987,42.01863222007492,Medium,Yes,21.890563402215697,1066.5691117536653
Rice,657,17.211156583601166,High,Yes,45.978914478091625,838.7127082730057
Pasta,649,13.334338023975207,Medium,Yes,10.154789766006305,855.1295609406907
Flour,241,35.65909334065479,Medium,Yes,38.53958002963997,359.42583308746833
Flour,711,29.002770117806204,Medium,No,36.611830023236124,568.1978785678243
Eggs,600,28.1481740935783,High,No,10.872728446734907,694.4541028327001
Eggs,939,16.554628199206093,Low,No,35.9820809315859,535.0969192472428
Butter,801,6.569613761901245,Low,No,30.640270518900937,481.8971709969438
Apples,646,23.46211122492726,High,Yes,17.93850517148382,1030.1018750532064
Sugar,758,9.79517662104956,Medium,No,19.00135377736488,631.8484436722986
Milk,641,45.7695117792141,Medium,No,42.484652390109304,448.7804387217052
Pasta,945,6.856264556227874,Low,Yes,15.395674381979978,918.2035476644796
Apples,606,24.424288438297165,High,No,28.075123824245345,639.5564541034339
Milk,695,7.3510512665372545,High,No,35.65173817864385,701.7312100223594
Milk,980,9.299474355414485,Medium,No,10.845576245158437,823.5317173507108
Butter,380,34.64900001149099,Medium,No,46.955924204734146,175.00564570682627
Salt,523,34.12000674383425,Medium,Yes,16.728544176277346,744.9376595945077
Rice,955,6.4873487695747905,High,No,19.347571535144816,966.9420004619287
Flour,369,5.050916380439158,Low,No,34.975208214916584,124.15473994883037
Rice,253,8.54681347592528,High,No,8.518624121126006,476.87498116777266
Cheese,713,39.334950397037396,High,No,33.242571046337744,657.8316248427141
Cheese,826,31.305941273817822,High,Yes,46.22134820835877,995.6924644561169
Butter,761,6.715321033482122,Low,Yes,16.209074988564115,798.990476279655
Bananas,182,26.96436571427723,Medium,No,21.28584770530712,182.8380948340769
Sugar,721,37.04132106745031,Medium,Yes,15.455028088456599,895.0481510100165
Pasta,998,44.10281275703628,High,Yes,41.84459370108203,1152.0748384457827
Yogurt,525,47.03164207965547,High,Yes,12.542352057700985,865.9572469096427
Eggs,374,19.734825332933,Low,Yes,20.598270594613563,456.1819449143022
Cheese,812,11.112459278596956,Low,No,32.045981964131144,536.1445776114888
Apples,383,15.661666432915137,Medium,Yes,23.204949469969964,601.7632069183524
Salt,272,39.92771714181007,High,No,7.946119152818512,451.233748835242
Potatoes,426,48.71678967690398,Low,No,47.64743004267917,147.75062565932313
Cheese,817,25.987712781217123,Low,No,20.205519879135487,546.5029792860288
Salt,162,18.74089460965054,High,No,25.054304574415003,336.9157778134921
Salt,172,24.31357618820155,High,No,12.539540084151461,350.0995690747199
Potatoes,862,18.71659150903096,High,No,43.94076075706654,792.571975397323
Sugar,735,16.541938544321944,High,No,18.11429545390752,772.7648020320692
Rice,474,31.71878385832308,High,No,5.892036952975802,643.5819504535959
Apples,732,5.708119116809498,High,No,19.23811621645627,768.3531560861254
Cheese,607,16.679851189924467,Low,No,49.28268580398032,287.88132467104754
Flour,886,34.762193503024506,High,Yes,11.607929276674785,1176.7453168994523
Apples,497,6.442821333806226,Medium,Yes,6.404111959483734,729.1200657270093
Cheese,219,8.744081742902075,High,Yes,31.01790156030422,568.592006984095
Cheese,536,18.202826515360314,Medium,No,21.724994591037863,477.1864575453694
Pasta,928,44.50121593740432,Medium,No,40.77388846447032,665.4819203877761
Potatoes,775,39.419877207438326,Medium,No,37.93494937364264,536.2157076722614
Yogurt,564,5.997048323730959,High,No,13.343856264492196,712.601698734373
Flour,385,27.577076750982133,High,No,30.40845373197949,479.94459384306543
Eggs,364,17.360937229433752,Medium,Yes,6.4596203355238195,600.7827092422701
Tomatoes,419,34.18905465779284,High,Yes,24.776520266051467,717.9120627250272
Milk,772,37.469924716705755,Low,No,37.13239498857609,408.4202332997908
Milk,475,43.828815970817715,Low,No,23.673145643949653,223.79209288007016
Cheese,919,26.393730669680643,Low,Yes,10.30793665190724,936.2420889000616
Rice,188,49.7502539845513,Low,Yes,7.769011414520933,391.8641321487549
Bread,753,49.09937482791992,High,Yes,43.41467524015295,899.3495311000898
Salt,302,44.69750260119649,Medium,No,45.1097131977101,191.00434874397118
Potatoes,920,30.869127282113187,High,No,20.43916165480099,874.3196423957191
Yogurt,838,22.91028968767168,Low,No,12.387754608383883,610.6805264897923
Sugar,433,21.397383956290323,High,No,49.03772959058995,372.67131546627326
Sugar,321,5.545613753948517,High,Yes,29.563871162054475,670.5295352323812
Cheese,140,16.212852375906493,Low,Yes,26.449476967212107,168.9418936122754
Salt,807,37.3463705727124,Medium,No,38.37234863269756,546.5033571680642
Butter,167,32.163444495187996,High,Yes,12.599120273961272,618.7820518179035
Rice,875,46.23899851253901,High,No,31.09953755317599,802.4827858079564
Salt,613,7.251002011245104,Low,Yes,45.0573060383415,501.7944406242849
Rice,972,11.987447142979878,Medium,No,6.038081867203637,946.5044223373126
Eggs,736,40.515970520845855,Low,Yes,35.28228680834444,646.2577247729205
Apples,721,21.13284340379002,Low,Yes,29.814078008813247,694.2086836824878
Cheese,697,10.325540017304506,High,Yes,47.786035301350296,840.7288889964616
Bread,731,49.84027272950401,Medium,No,16.641432946499627,586.4365881156803
Eggs,226,40.42626362012133,Low,Yes,43.65012388668678,189.91418912524912
Bread,354,23.393346654115515,High,No,18.90435658474782,432.26746164916347
Butter,794,42.050636462576314,Low,No,24.343860922830853,471.4976890573074
Cheese,115,35.6271741553619,High,Yes,14.597940414402277,558.3293374052496
Bread,576,40.5488641806425,Medium,No,43.86159571034792,367.87976244608666
Apples,161,41.68428699045424,Low,No,13.793434729412445,49.026264422564324
Eggs,980,8.812790748064305,Medium,No,43.65558469690455,729.3252330215075
Salt,531,33.033779945964305,Medium,No,25.502602215674642,394.8983574744615
Cheese,769,5.305349883957241,High,Yes,42.57884722175693,921.3950608063238
Tomatoes,367,6.955531083552678,Low,No,16.901985159943926,140.25478279763837
Sugar,134,45.67910040751284,Low,Yes,10.972856361704295,268.3804687584357
Pasta,878,28.74036746105625,High,No,29.97325692319558,860.2662103820111
Sugar,675,38.11558936408362,High,No,27.924668017507244,726.0571711386165
Tomatoes,593,42.73254456994157,Medium,No,21.047332010158968,503.51152373672954
Flour,661,47.731404540406324,Low,No,34.82696383422865,371.9963444649344
Milk,568,44.12087815652581,Low,No,9.28142729408802,397.44723516457657
Butter,866,26.749015191378227,High,No,32.990048371180826,817.6987331634374
Eggs,760,20.11866383212302,High,No,14.529024207510663,806.9568207488297
Tomatoes,424,11.952195629271717,High,No,10.802955020958372,507.6543257900963
Potatoes,403,23.014466711927597,Low,No,45.93236810564102,117.926610732419
Potatoes,375,21.492211062252355,Low,Yes,25.690809251922555,409.2030989580131
Milk,968,30.1808678880143,Medium,Yes,39.3537592214611,1004.189665692703
Eggs,783,34.94792339407461,High,No,9.01026178018327,835.385735836376
Apples,300,49.024646440027134,Medium,No,7.585919510273751,400.42268553078804
Pasta,544,37.77737837453296,Low,No,27.268349581447918,272.50594526550555
Rice,423,33.96868395993155,Medium,Yes,19.199801819530887,604.6509791100947
Apples,134,20.079159542075416,Medium,Yes,5.220828162926718,464.6206180229591
Salt,581,6.552674442424669,Medium,Yes,13.248259020449012,800.3960603510102
Salt,827,17.965630798461127,High,No,14.844898197070608,876.2956334331357
Yogurt,579,39.5801555206828,Low,No,17.982785953899224,338.0360801963734
Butter,164,14.237237336171077,High,Yes,44.4891009669508,397.532599813182
Tomatoes,107,37.04846871533515,Medium,No,23.92711390093859,73.31036876392429
Sugar,400,31.090092915623714,High,No,35.5744575714689,458.8157357691198
Bananas,442,12.73355913877092,Low,Yes,5.827824169768983,541.7024185675835
Eggs,530,16.773116283132346,Low,No,41.62665550472905,155.97170522186394
Potatoes,523,27.333662156891442,Medium,Yes,15.814802488838776,693.9941640443113
Salt,431,23.826861729853135,Medium,Yes,18.906769800969556,635.6933314950516
Sugar,537,40.03537313960418,High,No,7.036539439416734,651.6229812161619
Milk,687,38.048208914446114,Low,Yes,23.436180768812694,654.9998793374376
Rice,273,30.85585265628577,Low,No,43.36595477330203,10
Rice,658,42.00236201628164,High,Yes,22.043041615413014,975.4759278066583
Apples,626,30.32012933079389,Low,No,45.88723718403766,270.9292347383723
Yogurt,972,48.39751654957671,Medium,No,44.03514214367068,749.7643180027148
Eggs,758,14.775084461798665,Medium,No,7.788242434744669,698.6196066972827
Yogurt,125,37.13593971209687,High,No,18.73723747018157,279.1994675358658
Bread,919,21.64748594245106,High,Yes,45.96877883828573,1080.0374235436043
Eggs,704,17.553478748908724,High,Yes,6.341402411360141,1084.4465001246326
Flour,505,13.11743641854708,Medium,No,39.46137280739418,321.8892173476826
Salt,331,29.862656431769473,High,No,45.789259061807016,337.6150160397888
Salt,632,14.696124473714507,Low,No,39.67211292511221,311.78724005697234
Tomatoes,918,14.015788315178266,High,Yes,38.471644265265844,1031.2200078723097
Salt,649,49.57393572877181,Low,Yes,42.951009902771744,510.1186616243691
Salt,887,41.07863375805923,Medium,No,34.960530246440506,669.9676375905565
Sugar,604,38.67245691144689,Low,Yes,24.039328495233722,637.0555202854295
Bread,768,40.73272816472397,Low,No,7.823999810077483,575.8535901960593
Apples,278,48.60152931734341,Low,Yes,40.458535025650065,228.8852217891181
Potatoes,231,30.797450993894156,Medium,No,45.736413756840115,69.4731485835794
Potatoes,922,14.910974483128726,Low,No,28.02139076989401,613.9695562262575
Flour,554,43.799433833895755,Low,No,28.96297135051055,203.69563444552222
Rice,447,38.42288282543406,High,Yes,23.147914286573045,748.4215474484255
Potatoes,639,23.643874055037788,High,No,43.559717487523656,623.8587156061167
Apples,871,26.310627435859086,High,Yes,5.666148678361104,1214.2184672672563
Salt,505,23.506357931549108,Low,Yes,33.10468473268333,453.96356280397083
Bread,175,46.84739721030518,Low,No,45.8335893991432,10
Sugar,678,20.458922517423236,Medium,No,9.645004648952032,659.1375555362027
Bread,953,48.35679253952776,Low,No,48.162404182909455,499.7439232134792
Potatoes,591,45.96222970642774,Low,Yes,48.54551738158013,450.52998444713006
Cheese,293,33.3734514011678,Medium,Yes,46.840503432026935,394.7301738589472
Bread,261,31.09197978950336,Low,Yes,25.814574318736515,319.11908000097264
Salt,446,21.654017603148688,Medium,Yes,22.23365013645338,637.4419147375223
Tomatoes,460,5.825227505479244,Medium,Yes,36.76764814349168,541.5235349621155
Bananas,868,10.743043380698897,High,Yes,19.341059807484125,1111.5304246724124
Apples,683,38.94040955072969,Low,Yes,8.07548688929253,759.0007738610049
Tomatoes,186,26.219305696467437,High,No,45.563997351291405,224.64490340565644
Potatoes,361,11.742716038458564,Low,No,33.56852269692895,126.54962626948549
Tomatoes,313,16.878238435934193,High,No,14.321952423107053,452.7557387811601
Cheese,764,47.652660493114986,Medium,Yes,5.828385260672798,981.187441313018
Cheese,821,21.52097758896193,Medium,No,37.558218511908855,597.1260742983595
Tomatoes,672,45.84568753486191,Medium,Yes,43.3759965243978,736.8431774430481
Eggs,879,18.708612453210954,Medium,Yes,23.25414090417472,955.1702995703791
Sugar,361,29.444904246522242,Low,Yes,8.64041948839153,465.1168213441772
Tomatoes,829,5.921468751298905,Low,Yes,34.18795569651574,734.7560231774057
Sugar,382,28.484379966810963,High,No,18.361807350570437,524.9677876809694
Bananas,747,33.66239047747836,Low,Yes,11.477602622762461,772.3284495258483
Tomatoes,566,15.543729470173005,Low,No,27.967844984280546,306.3193808039977
Salt,479,31.052172929241067,High,Yes,26.682967620151604,772.5113389232087
Bread,461,34.12254974229435,Medium,No,28.254668408481198,368.5081426856799
Rice,548,35.909873527179045,High,Yes,42.07695456016396,757.9383756127692
Salt,540,39.93814949099464,High,Yes,26.804564711495853,804.4790301795819
Tomatoes,192,19.010265931823742,Medium,No,45.52432608856384,70.2919810677203
Flour,720,30.54996303943452,High,No,42.88147788299746,650.8418921240461
Milk,852,49.171056339406746,High,No,34.30021771774409,856.0074027053939
Flour,966,45.416487679932075,High,Yes,7.558333592238769,1243.969305828231
Cheese,523,47.86994426442649,Low,Yes,43.922497525827595,399.6712679615827
Bananas,241,22.376137933785714,Medium,Yes,45.75074132510334,361.22925222539936
Milk,390,40.41176476534978,Medium,No,21.877121052963176,302.6234198373753
Apples,531,32.89540782921565,High,No,28.676829184547373,532.7766457264406
Rice,848,8.723078737800849,Low,No,17.645930178733725,542.7018490411566
Eggs,951,42.079117512067945,Medium,Yes,5.662235030332637,1088.2120591365297
Tomatoes,923,35.46955743608141,Medium,Yes,26.57529775936089,965.2921001068987
Sugar,788,13.951281178187006,High,No,10.821153801993406,830.8207251907195
Milk,752,8.58823508432576,High,Yes,13.249611960196216,1073.5493105664868
Bananas,800,42.66599587917488,High,Yes,26.63198652300177,964.5276350134433
Potatoes,148,8.550582327104047,Medium,Yes,44.016725344101,308.7940555552939
Bread,401,9.110923941489649,High,No,43.00847022894271,384.4983675290202
Milk,980,24.233372955694186,High,No,48.42807896435153,817.449408375628
Apples,289,11.065902278876468,High,No,26.720627833554705,409.6701600035973
Cheese,235,46.11513188492237,Low,Yes,29.8404009371508,276.8927466533047
Bread,654,26.16277713184565,High,No,41.9952305439504,581.2452774332115
Pasta,503,30.611794129455717,Medium,No,36.48530346798526,368.2213082650906
Flour,991,46.76477402651393,High,Yes,13.226994810605266,1299.7494771818792
Apples,964,28.86184515372569,Medium,Yes,22.917863844048032,1011.8142507691003
Tomatoes,701,20.911601568079334,Low,Yes,46.81216814344204,588.8965998394431
Butter,906,40.87197976171243,Low,Yes,11.575721448175223,863.0922307474343
Flour,440,24.92825888638448,High,No,14.421036831188017,602.6934682712721
Bananas,856,19.331124152103744,Medium,Yes,23.029701886447608,938.6281167782843
Pasta,803,37.54532563724906,High,Yes,47.29433597447466,914.65199129537
Milk,417,41.07225544758694,High,Yes,10.121816372780602,846.9310946481226
Apples,717,40.627227541292214,Medium,Yes,35.282406501187765,798.5216020960879
Cheese,462,48.99534863579184,Medium,Yes,10.945513576042956,670.0019807794906
Apples,921,40.40001269937332,Medium,Yes,28.60254660127041,977.4083228071597
Apples,481,39.64700461769088,Medium,No,29.145358095805967,347.95115019752785
Cheese,332,43.586836418129906,Medium,No,6.9181747940387535,311.4335750665191
Yogurt,876,5.008333788294927,Low,No,47.93530058472078,464.2978837260733
Salt,443,21.30941350344968,Low,No,41.29801836061332,126.56253641100422
Pasta,648,38.19213932154899,Low,Yes,18.62843906868152,627.7867283081728
Sugar,916,31.987355499962483,Medium,Yes,10.87809313143809,1101.5573089811994
Cheese,652,12.990740118422794,Medium,Yes,20.55320208608219,784.9780141453369
Butter,628,18.66798900898454,Medium,No,45.24244458099051,421.1731413369713
Butter,955,20.155667498694804,High,Yes,10.9707618579485,1281.4657040752797
Potatoes,888,30.552265002754222,Low,Yes,20.719269424614918,833.8458599194406
Cheese,918,42.42192333984844,Low,Yes,27.24369910991731,804.9452792570672
Sugar,670,46.96213008999559,High,Yes,6.479794255399537,1039.0524128120985
Salt,282,38.75415857841376,High,No,17.06151706930857,434.58632707172154
Flour,140,42.932767557956446,Low,Yes,31.803525210547306,207.8128110690245
Cheese,650,26.154318130318224,Medium,Yes,19.57840615471335,865.1670937060795
Eggs,496,22.539889383002933,Low,Yes,44.173644815896665,400.94310078029196
Eggs,803,22.671883946489764,Medium,No,47.15444384236469,551.1674589804666
Bread,878,32.72173377529807,Low,Yes,24.86942894523757,773.6147788967643
Rice,593,10.590651750011405,Low,Yes,28.94092139,594.3913771427641
Butter,758,31.077238225561754,High,Yes,33.386372073995446,979.4410197981149
Butter,432,34.930978708267645,High,Yes,34.904073474265545,698.2534613107786
Bread,226,24.750893309280748,Medium,Yes,7.8466074980218075,510.6497004776423
Sugar,657,47.89252295470253,Medium,Yes,7.415574361977178,854.1230541523264
Tomatoes,656,32.36959725708088,Low,Yes,43.951445341148926,545.9479649600962
Butter,100,14.899976250648134,High,No,14.894242105670996,269.09368971263115
Potatoes,267,26.56473158450823,Medium,No,31.284747632471372,184.68030870013007
Tomatoes,719,35.393199671088226,Medium,Yes,33.11023165311238,792.4525832028521
Salt,118,19.563310606121554,Medium,Yes,12.400892483010832,376.425278495515
Potatoes,431,8.583872283006043,Low,No,39.27184820463424,112.60990248012789
Milk,683,31.254603561989825,Medium,No,43.96755282339519,441.1347980214466
Rice,555,47.6541575878856,Medium,No,17.84199565929641,528.0098948916946
Bananas,208,26.82823935034282,High,No,44.502808141554674,205.55008533530213
Salt,367,45.7749086291167,High,Yes,8.646672594405405,775.805434112092
Cheese,544,42.57606147672623,High,Yes,41.02087667932566,727.590673459194
Potatoes,339,11.633575263529252,Low,Yes,33.8050022424662,323.06610539147766
Cheese,400,36.86764648260069,High,Yes,31.239985522339282,652.1359980005723
Salt,701,24.59594862823903,High,Yes,15.355973517122667,1041.8312287404776
Milk,202,16.26108463683216,High,No,21.28288112509932,307.2886643330361
Cheese,349,35.912226005001635,High,No,45.96369729215942,358.63573093104213
Bread,552,38.41973233953896,Medium,No,25.958348889158785,456.63530526608594
Potatoes,619,13.095334343067746,Low,No,31.74710379632579,327.65475843483944
Rice,252,46.15001069252938,Medium,No,47.11331897582098,121.15917663642564
Butter,958,38.801625977814844,Medium,Yes,25.991979814545896,1110.1353262217858
Apples,273,47.001897461388594,Low,No,22.472115727703393,96.86424186458052
Bananas,442,19.268294844366096,Medium,No,45.194094997165436,234.39355893206604
Apples,769,47.270075708434405,High,Yes,45.9899579527525,956.2857021733979
Apples,530,21.58329460272714,Low,Yes,20.958721668589483,563.998088051458
Yogurt,826,7.428639264232628,Medium,Yes,31.63953571475931,962.2217038283089
Flour,788,39.33362249190605,Medium,Yes,48.36774977749571,753.7129332082667
Tomatoes,786,36.65786648397534,High,Yes,7.496181281272833,1161.4484810323652
Sugar,951,31.90599465184996,Medium,No,6.7911088784262725,860.8867551625256
Sugar,949,27.04521849728783,Medium,Yes,28.246122899104133,1084.1486267397602
Bananas,757,6.447437164518412,Medium,Yes,18.10580646319648,903.3992264369014
Butter,423,33.10687631840695,Low,No,31.183244822036762,255.9803968643222
Pasta,772,23.757557685025713,Low,No,37.593290882011765,430.9495483328915
Tomatoes,738,30.209423123342525,Medium,Yes,8.108345188443757,960.1625052395648
Eggs,519,24.319460388543632,Medium,Yes,44.70653641109877,630.5175610683164
Eggs,693,48.47252597443396,High,No,17.459915055663018,719.2315330303051
Flour,584,32.18490055178812,Low,Yes,22.16063669810874,619.3772716143649
Potatoes,758,38.71563487711102,Low,Yes,20.16665383838226,727.4263131434092
Eggs,850,47.13561263619874,Low,Yes,42.792568614013945,697.0029169914587
Eggs,511,31.621969531253285,Medium,Yes,12.679349007294537,732.0841079202183
Salt,183,5.5428133020080335,High,Yes,6.2902948240241265,679.3494413218295
Butter,212,6.543125523974407,High,No,48.73107252736531,238.57860441874624
Eggs,836,36.605229534583785,Medium,No,49.12846138494968,537.5992307074958
Rice,431,17.558831126807757,Medium,Yes,16.596177344608364,656.7853228434014
Potatoes,477,31.072087730657692,High,Yes,5.42086857969149,818.9295386554193
Pasta,854,14.102473149080103,High,No,34.06626959870002,835.5226253754932
Sugar,754,17.161199377777137,Low,No,34.180847724414626,474.5334127994719
Cheese,140,27.708847517663386,Medium,No,47.31605215095741,17.284156946842753
Cheese,869,48.90062585102369,Low,Yes,18.431172983415212,780.4131557532294
Eggs,896,32.73217201441362,High,No,13.527688005341934,955.0839030528977
Milk,204,47.12666470308604,Low,Yes,32.7372056232376,203.03755403426237
Flour,301,48.172093447412635,High,Yes,30.36519795012932,620.3574538674856
Flour,549,14.364949838922835,High,Yes,37.29815571679773,816.0920203184414
Sugar,918,19.0037121111025,Low,Yes,44.830733148070046,767.1379895896583
Tomatoes,942,39.64965265484169,Medium,Yes,30.188533436599528,1015.2581639853827
Pasta,365,44.00438010311048,Low,No,11.75338669072063,215.6222956867278
Eggs,309,28.36520348852875,Low,No,31.91580245127393,78.63923429807701
Sugar,662,49.69517302762471,Medium,No,21.83457053440661,567.6832720474644
Yogurt,217,5.520748943987162,Medium,No,25.37307628740966,191.83246700419897
Potatoes,812,18.481669501334704,Low,Yes,48.17679759001247,628.8381047309263
Salt,476,33.04227891850609,High,No,29.972617440914195,527.9763260808627
Sugar,650,26.11804599218673,Low,No,11.734122149552409,414.4044769247881
Bananas,639,10.247133489296033,High,No,24.942137320603223,678.9390422366899
Pasta,870,21.550418846625362,Medium,No,15.279372617727333,717.4946237161307
Salt,183,6.1451214482767575,Medium,No,11.096712244981852,221.19949906682143
Tomatoes,553,33.923572073387575,High,No,37.05053505507649,524.7853123857797
Bananas,766,45.17341443483598,Low,Yes,33.2856081112505,644.2587699410557
Salt,728,44.819335570255646,Medium,Yes,27.400498993299276,856.0037938717315
Eggs,613,36.4795013194496,High,No,24.04572331058808,682.4713807813039
Bread,704,25.95965879740674,High,Yes,19.499797886939515,1042.1415634499772
Sugar,777,28.041422841117036,Low,Yes,8.960392049832603,807.1420016450087
Butter,486,11.16134707980483,High,Yes,18.467134138858704,827.8754161101667
Yogurt,449,20.345769190364138,High,Yes,42.72775803328036,709.4958693960602
Bananas,395,13.447763397422314,Low,Yes,40.26539275642904,361.80154137244057
Yogurt,357,41.95400915074796,Medium,No,48.754297577355864,174.55703140882162
Yogurt,180,46.16392556020819,Medium,Yes,34.52302004589674,271.9888979719623
Salt,367,29.161546763905267,Medium,Yes,29.91378909057768,552.1457192597035
Butter,518,37.74938182308248,High,No,18.32200174592915,622.63454983269
Bananas,334,10.465914690820737,High,Yes,8.458710913110208,769.510995395749
Sugar,932,32.38405894747572,Low,Yes,32.81082523187817,839.829277600793
Milk,410,36.62559596200307,High,No,26.96729862540974,492.9017685760667
Cheese,912,25.374565828013036,High,Yes,39.15835310289248,1050.2203990261373
Bread,456,15.947288801181438,Medium,No,23.53360677870362,382.5647341777554
Eggs,312,44.48185342436261,High,Yes,49.34981110389665,500.3764619181846
Sugar,673,38.43089239791751,High,Yes,22.892542468854526,998.5890110540232
Milk,148,45.49357768321377,High,No,19.988223571021134,325.02750766072023
Butter,226,41.828119137402055,Low,Yes,44.19438695377612,164.49648549695706
Cheese,322,49.566849331048815,High,No,22.79778903585208,437.39389565006195
Cheese,378,13.647772994650202,Low,Yes,44.19037936043061,332.9819867456324
Yogurt,507,8.903649551178834,Medium,Yes,6.230942853073261,749.4148731940662
Milk,604,20.165125610176634,High,Yes,36.16669899795145,846.0137524640085
Pasta,393,10.80518787604665,Low,Yes,8.233379307459378,543.5820504477153
Bread,895,28.540855080780094,Medium,No,11.670460838822834,821.5748540894025
Potatoes,376,33.48630074334841,High,Yes,36.50337589413161,721.499481039743
Butter,537,31.022987682803166,Low,Yes,18.037550354608612,576.7294289807083
Bananas,206,16.665806092562157,Low,No,14.469503057572975,76.98591364251477
Apples,757,45.897081393595855,Medium,No,41.06867619332049,544.1722862529347
Bread,519,5.952756368092031,High,No,47.58110888781637,468.82920120484175
Pasta,710,20.660600919357183,High,Yes,15.45712918422356,1012.8369204107172
Yogurt,528,37.354661392912746,High,No,19.273818030605838,579.5800820745209
Flour,474,39.51180168571217,Low,No,37.133298770288455,70.94793945655174
Bread,172,23.725334499433696,High,No,41.688179175014426,239.34161978143618
Eggs,733,5.760941596536519,Low,No,49.96230351472817,284.5687996659401
Bread,129,32.81196556056818,Low,Yes,17.301682546411968,223.89000118882552
Pasta,287,7.839260653244707,Medium,Yes,30.04783649390842,484.2144949396863
Tomatoes,463,9.853509926908153,Low,Yes,11.030852365461683,550.6737793719169
Flour,965,34.26128238407855,Medium,No,19.887804729432382,869.9092526361466
Bananas,899,19.061974676428466,Medium,No,7.023585705107128,779.2738849438343
Yogurt,550,20.66135687187138,High,No,14.487734427635774,724.3922823028862
Apples,294,26.906318464245956,Medium,Yes,27.79452395530666,524.1917592628612
Bread,255,49.03602776867183,High,No,12.369160528116934,444.9090750280285
Apples,271,48.44489993324197,Medium,No,45.02224895776742,160.64567053886816
Rice,946,23.73174497120338,Low,Yes,36.96390551433416,822.2529599042089
Sugar,140,16.9474647748227,High,Yes,6.248120114274399,571.1880771247708
Tomatoes,162,18.61664686988521,Low,Yes,44.45157000763462,163.4793769603621
Apples,122,17.095158417272188,High,Yes,48.9794447387961,349.73493534167324
Cheese,459,28.95106132138013,Low,Yes,27.583770639515162,448.95474777126043
Eggs,174,32.30869135104179,Medium,No,19.157480489730997,174.91578894435202
Salt,659,26.99507247033497,High,No,16.85590022300222,702.0910871126923
Flour,771,23.359746301166854,High,No,8.93387723983469,888.8320747611774
Cheese,924,14.5078266906472,High,Yes,27.12242201310639,1139.9212492791694
Tomatoes,217,26.712751612195103,Medium,Yes,7.256300994623122,536.2413661509208
Milk,711,20.349622121110613,Low,Yes,27.672673609738325,669.9794260199423
Yogurt,479,29.37179582592543,Medium,Yes,16.36467983262919,690.4760777140956
Potatoes,778,35.383523698023076,Medium,No,26.43943800101826,595.9050296130916
Pasta,389,33.499047849647475,Medium,No,23.82728568550042,290.0928042916221
Bread,539,25.8120594682517,Low,No,18.730141340193555,320.03020345413984
Sugar,767,30.022359092598244,Medium,No,25.188720778250282,593.6617882540031
Flour,106,17.818525893234188,High,No,26.331525016054357,286.0397831218383
Potatoes,295,6.090811656007536,Medium,No,42.516129270885735,129.08089530381113
Cheese,520,33.12587543756469,Low,No,34.96025045445216,294.7458793402775
Butter,667,16.365585161195913,High,No,24.492046895660838,712.0177267669164
Cheese,932,35.10291695307235,Low,Yes,45.73588719090814,751.4489127159396
Pasta,292,38.61538248186317,Medium,No,39.008334942648865,153.0426465692263
Pasta,658,46.21674857467015,Low,No,8.40726036987304,480.96295483387905
Apples,247,48.11552579658258,High,Yes,11.918562316965064,657.8211751952526
Bread,886,5.473672083936565,Low,Yes,8.675054762489449,921.7021159796229
Flour,768,49.56683942095868,High,No,19.34885119005405,818.1270193504441
Bread,301,35.73582433223724,High,No,24.604097936142804,419.9908822289768
Tomatoes,543,33.95858721683852,Medium,Yes,27.691066524194344,716.1612097990401
Sugar,518,5.684589283790993,Medium,Yes,43.31354894135505,611.1251928611528
Yogurt,526,43.75550353490319,High,Yes,5.808032860240171,891.3440532849692
Eggs,578,11.547115126152185,Low,No,24.272978258530557,272.8678710594521
Eggs,574,42.679856926986844,High,Yes,23.494926815697347,876.7164493367485
Butter,225,5.70031458164222,Medium,No,47.636417149668596,95.73165159450704
Bananas,494,34.06839181246226,Low,Yes,15.84666129308868,606.7103920816425
Milk,916,24.56606901964225,High,No,10.508261535746103,964.50043930352
Flour,980,14.03450280767008,Medium,Yes,11.40170954827892,1131.2089699481978
Flour,905,9.840262629669535,High,No,28.406422576752302,900.363047974374
Pasta,675,24.80574634458469,High,Yes,22.590671157745987,980.046014668603
Cheese,424,10.548761239464113,High,Yes,38.936391276379524,714.5619767528892
Potatoes,491,26.89009752609714,Low,No,19.543206746909426,257.09263825862854
Tomatoes,787,33.13476763937835,Medium,No,10.758278840105966,679.9502319667575
Apples,727,42.23228871233112,Medium,No,22.40941053744653,590.0199780399017
Butter,539,35.539224673229,High,Yes,44.73660277951498,674.5253820750185
Bananas,303,7.933989501776771,High,Yes,23.248694903947822,671.0021430213335
Cheese,585,18.834463964652674,High,Yes,42.51324751138166,776.2290376885192
Salt,932,17.95903735696252,Low,Yes,21.718853863411148,887.6926120132952
Rice,130,46.176459056198794,Medium,Yes,17.662353076240464,384.64794142060106
Butter,487,44.05019199767436,High,No,39.86882284574055,437.767805393421
Salt,724,21.65665632576876,Medium,No,14.415553745211948,685.6196090013278
Bread,976,8.201986514716149,High,Yes,15.432381777641517,1252.0126709806739
Sugar,533,45.234829301213004,Medium,Yes,7.241577713418486,793.4604620250593
Pasta,936,44.968547883388425,High,No,13.45305700768975,964.5558748424797
Yogurt,475,43.46357594138263,Low,Yes,22.04669271244094,511.9546024033155
Rice,443,43.02867369809757,High,No,22.98077144217067,477.15193420055465
Cheese,542,26.61143004887696,High,No,23.928263911920798,638.9960705346464
Tomatoes,678,12.98442435123192,High,No,26.58618258059185,729.3373244327137
Flour,174,26.486962270809247,High,No,30.73597770916179,271.7114212986123
Bread,656,27.25689968012592,High,No,13.524306106795573,752.1900824421572
Potatoes,871,27.04692889601873,Medium,Yes,32.627488238422956,950.2172701666635
Bananas,765,29.244766375180227,Medium,No,20.144956436117987,635.4928285085061
Rice,254,16.594566034601982,Low,Yes,38.030483081260776,207.2578891364596
Apples,529,21.480853151012678,High,No,30.074200258384288,551.4906529010727
Pasta,462,24.53839663835613,Medium,Yes,29.94208820771477,612.1920454068902
Yogurt,547,10.900454428242494,Medium,No,35.846914486679296,401.9420065902813
Milk,333,25.491386055267522,High,Yes,19.98585459291053,743.2520187276767
Butter,662,41.47113276813168,High,Yes,24.315482325266395,908.4899503220231
Cheese,917,42.26267942297943,Low,No,31.230404079479687,531.3179209771084
Milk,361,23.520369735546364,Low,No,23.97000292320765,125.44840546586092
Rice,926,28.346374043795908,Medium,No,24.991586349518897,764.5311140822322
Pasta,224,6.514264946077549,Low,Yes,17.261918275506943,293.8522635572115
Yogurt,344,35.34946504108686,Medium,No,17.93232618154591,340.17632851272634
Yogurt,641,23.207264732608838,Low,No,36.45308331521538,290.94441541833487
Tomatoes,584,25.04649573875056,High,Yes,5.192651391206258,955.520424381958
Pasta,221,44.315272723089414,Low,No,9.288068999375232,161.30877644131613
Butter,224,25.782549555227376,Medium,No,47.69644502770276,114.8038919447429
Salt,648,5.953651080253374,Low,Yes,13.415813683835308,701.9205055734037
Sugar,269,15.237090089107808,Medium,No,23.81544013436933,199.1731097673187
Pasta,223,26.402927643871653,Medium,Yes,43.23583112553509,409.45205424991445
Yogurt,968,24.09783317368411,Low,No,5.0046067636631095,731.4384030217665
Salt,134,43.71665617762163,Low,Yes,46.63306352618824,109.60378357429474
Yogurt,186,29.3961879187775,Medium,Yes,7.4069880753365895,524.4249787372721
Flour,745,36.03360838618045,High,No,12.689107228580482,755.6508034678094
Tomatoes,807,26.119548366956153,Low,Yes,6.309659449958422,831.7908086117816
Flour,885,24.784508032662423,Medium,No,28.37840208055693,701.6734933798726
Bananas,300,25.08290008134581,High,Yes,47.4392439538476,544.1839215414325
Yogurt,468,23.49147063622275,Medium,Yes,42.756647521731644,509.76282181114044
Flour,896,29.236252363439153,Low,No,33.788684581910545,543.028580748156
Tomatoes,176,16.269953078912167,Medium,No,13.346988690811866,216.94229212464109
Cheese,158,45.09748372288194,Medium,No,44.131869433714286,83.21144044076546
Cheese,530,19.988849664224283,Medium,Yes,38.96489260115236,649.1898358322973
Tomatoes,737,11.638572537980608,Low,No,17.008149359636743,490.6622933145659
Yogurt,599,9.34477153689853,High,Yes,41.22901235281355,812.5004678589429
Flour,208,5.604031180405743,High,Yes,44.4718102114332,521.6738364623178
Flour,835,24.028523535508768,High,No,36.420170559335205,782.393614095083
Pasta,377,13.442494484544111,High,Yes,9.517286793673769,756.1583164687722
Rice,167,5.974155616426156,Low,No,49.291107949841006,10
Butter,168,28.40087958302857,Medium,Yes,8.420044503469382,448.4032769036798
Tomatoes,264,35.59903468928427,High,No,34.45132946676051,395.51292162353775
Bread,588,8.858797290999696,High,Yes,9.973636484260831,978.9410665955853
Rice,404,25.741434781384683,Low,Yes,45.743601137936984,312.54803822944467
Rice,773,38.4632905370336,Medium,No,20.748995754007048,574.4123954378848
Yogurt,464,49.36130694537913,Medium,Yes,28.01763600745126,629.7341005675052
Yogurt,953,35.02356550891524,High,Yes,13.044271296380476,1183.157543195064
Yogurt,920,16.017779786428427,High,Yes,29.5952985402412,1140.7334541566265
Flour,478,37.24491379005498,Medium,Yes,47.24779573575452,585.5475455018716
Bananas,442,31.90682420689235,Low,Yes,45.573488178492056,325.64878104719014
Eggs,998,14.530967986169648,Medium,No,7.8753164091006145,923.8995963236024
Bananas,653,43.29998716313996,Medium,No,22.02163279134518,516.2938540159676
Bananas,453,24.23319922524204,High,Yes,17.034411336897485,849.1058298059587
Rice,515,48.288994463035664,Low,No,26.661266470089,256.5238508166813
Flour,208,37.53054533515001,Low,No,42.51781230507814,10
Butter,662,34.005341958432,Low,Yes,38.24833035422438,607.5743265939188
Eggs,861,37.775877686445284,High,No,20.47901864737313,886.2757411544187
Flour,596,26.51436584681997,Low,Yes,22.219962330298863,578.3023342693609
Bread,440,27.735191501075327,Low,No,34.441474640370814,219.5384337002373
Tomatoes,482,43.30433234501348,High,Yes,13.740132597469152,799.1723763195617
Tomatoes,632,35.641784148957626,Medium,Yes,9.62276090650211,847.9362162624393
Bananas,399,45.375949633623875,Low,Yes,15.916480889491503,442.2436800090517
Rice,238,45.087203910842085,Medium,Yes,10.581459410859342,470.3323597635464
Milk,458,48.94205153199121,Low,No,20.839290946129687,203.70708920936437
Pasta,935,36.50965964804004,Medium,No,47.19046028267418,642.3156831673901
Milk,598,27.60357729477839,Medium,Yes,10.41347642113255,823.0226321714051
Yogurt,484,12.484026509408707,High,No,41.82449646240801,503.60345936923824
Flour,703,36.74212518413378,High,Yes,29.05916141471687,993.0142256161589
Eggs,379,18.120997254196883,Low,Yes,33.48063844253587,385.06692357334333
Yogurt,736,17.732640561679908,Low,No,12.653706560813688,503.3693485489674
Sugar,582,15.722949940163064,High,Yes,11.811799016235252,979.85004915888
Eggs,210,44.38049258081526,Low,Yes,12.323465456531476,315.7531818996673
Sugar,965,44.05840010069712,Low,No,35.017829437628656,527.0132168905676
Salt,238,33.393670019152616,High,Yes,38.65047200337781,558.6211503468148
Eggs,534,26.284144161683113,Medium,Yes,46.41102250247835,621.7201709611716
Cheese,608,35.24515070444596,Low,No,22.918655870021098,329.5297958554595
Flour,372,32.32532526342759,High,No,25.788622284506303,511.3189208507248
Flour,198,23.70804117455243,Low,Yes,26.13177571981156,283.37867037874213
Eggs,863,22.083389036853546,Low,No,17.14540562539552,606.6501366935425
Flour,949,22.22574386654076,High,No,19.77046945897985,933.7341978078024
Flour,203,31.51100314202172,High,No,43.10691062345403,261.62860835902586
Pasta,313,34.14512102543716,Low,No,20.467498306366473,85.25860414116548
Pasta,860,25.32837890819489,Low,No,44.10932458655683,444.59547424581723
Rice,763,48.591115259586935,Medium,No,18.73704701673739,620.4243102076528
Apples,861,8.773057310201647,Medium,Yes,20.29474231441926,943.6717772683813
Pasta,886,20.617116167919967,High,Yes,30.212639230051007,1123.3178694252547
Milk,264,23.85836074064484,Low,No,9.640708121445163,161.30143332017875
Milk,952,5.761460455922441,High,No,46.4928020224794,850.3960048154665
Milk,619,21.42307344507013,High,No,41.91799273873337,566.5494993160925
Bread,383,17.316946272777912,Low,Yes,35.17267223784098,401.4305522335987
Tomatoes,616,27.771632160236635,Medium,Yes,49.46562561641571,633.900308527259
Eggs,756,20.138474623247117,High,Yes,5.719971260610592,1101.9665163661502
Bananas,712,37.67819607259076,High,Yes,23.49771423945453,964.1056677995009
Potatoes,263,27.946962293344182,Low,No,43.62543762492534,10
Tomatoes,985,10.839300507331895,Medium,No,24.485777589829613,845.0826008996942
Pasta,758,38.75275958649563,Medium,No,5.2358601564171785,742.371474492709
Butter,163,9.465300323720447,Low,No,12.09893520181793,152.99374077559554
Sugar,190,42.75721256357108,High,No,24.533258557403858,297.9165097914817
Sugar,216,46.91399873387987,Low,Yes,35.05765374287256,204.0509238504435
Salt,965,19.510038058318425,Low,No,12.319442077317014,649.6047139065286
Pasta,366,46.67641849683189,Medium,Yes,25.161937713426642,572.451092498423
Flour,921,40.685367160514225,High,No,5.57548419809949,1010.4746884656154
Rice,784,46.509602495169645,High,No,26.48752350054338,818.0609788286514
Salt,658,34.98215616143814,Medium,Yes,45.31660143076291,654.8266541828091
Tomatoes,239,15.603981773963984,High,Yes,31.854561418561552,595.6161689541656
Salt,345,45.253545660993765,High,No,24.82950340522261,413.56449285303046
Apples,760,13.291928427683468,Low,Yes,12.301670106244597,830.1571710733608
Pasta,857,14.587724795789098,Low,Yes,14.108835358243025,873.8484144556587
Apples,494,17.197834556316366,Low,Yes,8.44294775315356,547.7155230258498
Apples,586,18.691084016896312,High,No,38.408496960227,563.4760620000785
Bread,575,28.151583895896376,High,No,8.47108749086633,645.1253445264279
Milk,616,37.105581219531985,High,No,22.277697293039076,627.9602715569907
Cheese,283,46.679367848030765,High,Yes,38.743011208073966,526.2613354708046
Rice,119,8.97969143009761,Medium,Yes,37.07702147360728,286.0968034389865
Butter,657,47.946621300270614,Medium,No,30.988947496337374,488.80137834803855
Milk,623,46.459533519356604,High,No,30.708848035673064,626.5634859142388
Tomatoes,681,7.429968148146752,Low,Yes,9.064763613135774,749.1975688840776
Sugar,628,21.214451196120322,Low,No,12.871187228952047,426.72104337517436
Yogurt,982,41.59145256347014,Medium,No,29.063500569824487,779.4583337105854
Milk,246,32.52094454657305,Medium,Yes,20.663614771501088,439.72761462898166
Flour,765,40.05922745217967,High,Yes,5.852169549200256,1114.9048999630536
Eggs,403,37.356500245544936,High,No,40.91750297956236,442.16800577496616
Apples,719,27.35465509072236,High,Yes,34.42159701983735,934.4406025495344
Eggs,847,6.8548120678264794,High,Yes,19.66034600010935,1140.7110469325341
Yogurt,919,31.292069092902548,High,No,9.41923387815683,984.5065374135651
Tomatoes,963,7.185499387668319,Low,Yes,31.604034228891567,884.6551320797856
Salt,681,32.16770228908089,Low,Yes,20.68473058549903,683.906662920086
Sugar,794,41.01848881221552,High,No,16.492520165366415,857.5891116280402
Tomatoes,861,31.324628691586337,Low,Yes,37.46611638572715,751.0258451008943
Yogurt,327,49.86598120527637,High,Yes,19.766752747224608,707.5517959220613
Milk,201,25.51399250811949,High,No,11.122182121861076,405.69592240498605
Sugar,686,38.69723586217943,Medium,Yes,26.674418652331706,765.8756083723711
Butter,516,35.02459812838583,Low,No,42.28096047122781,148.75996817888992
Cheese,315,49.61442612011396,Low,No,43.23464528898323,10
Tomatoes,506,37.09485522846973,Medium,Yes,43.220442416015686,616.6995761509772
Sugar,498,12.381382915672523,Low,No,23.941392773066678,267.3527533590108
Yogurt,814,47.99829678877584,Medium,No,40.592039505774565,583.5274386194991
Butter,803,35.04997519005926,Low,Yes,43.2603845584457,599.5538999370641
Butter,860,7.670220386287545,High,No,25.679219458669092,861.5810495335539
Rice,598,34.590573760307564,Medium,No,19.343272501417076,516.9655911652598
Yogurt,853,44.74037330036488,High,Yes,36.588404606476715,946.888221582642
Cheese,564,30.966883789551126,High,No,45.70111725601977,515.9376400842493
Flour,790,20.930883711440504,Low,No,48.74686183060305,328.2708322916076
Eggs,830,41.94093353317772,Medium,Yes,18.060116255471996,930.9684770086891
Yogurt,181,40.21304036926232,High,Yes,48.02769752592728,464.3891525839807
Butter,703,29.488196940408535,High,No,27.4677011018372,715.0409418257417
Cheese,786,11.946279645315515,Medium,No,18.771561693544122,665.5155489805288
Bread,850,16.294391848543164,Low,No,49.47791496005881,408.44097329501824
Sugar,871,38.23177874837476,High,Yes,44.50135888057297,992.6375492139525
Bananas,464,41.273697442771734,Low,No,36.15874651738807,174.5960873263978
Apples,262,17.56693751184454,Medium,Yes,45.272400355473785,338.4352437448329
Cheese,147,21.559328473405397,Low,No,35.66695427172125,10
Salt,610,8.49343483624078,Medium,No,24.81817092989427,475.23551756608185
Bananas,428,37.10578767649249,Low,Yes,47.66223006743023,283.7242298394141
Bananas,939,5.1609895070014105,Low,No,48.346145497224185,536.6233717187905
Tomatoes,215,7.0943684548580634,High,Yes,19.137879378038228,609.6557791605958
Cheese,948,5.195483050284046,Low,Yes,20.947790055349877,903.1770959178817
Milk,436,34.039381250192754,High,No,22.222419834443205,540.3071407129727
Eggs,980,23.782420746524593,Medium,No,41.99656782727586,690.5428420535218
Bread,836,18.38960426044986,Medium,Yes,40.60155428793961,860.7117990006794
Yogurt,963,46.07154546606996,High,Yes,49.240179714025764,1070.6097781444923
Butter,939,13.676125760447299,Low,Yes,25.9346154664562,913.9859063637447
Eggs,246,22.521560467163024,Medium,No,38.154519233041775,129.43485682624586
Milk,674,47.31403104174883,Medium,No,43.55242114304637,433.89246275312877
Yogurt,905,24.21979532766691,Medium,No,14.955369716028951,804.0130523357816
Eggs,422,29.9612158541176,High,No,32.92499423802346,464.25220980458903
Yogurt,542,8.615158995626942,Medium,Yes,29.64684543787395,676.9471205279721
Eggs,936,40.5574874102058,Medium,Yes,38.427215225018,984.1658796450648
Rice,112,24.024144968970717,Medium,Yes,36.294259217795116,245.64351334719174
Pasta,593,41.02318060693175,Medium,No,41.57566748832368,353.35770874117986
Milk,800,16.420893915019647,High,No,19.001533565815876,786.6554270207491
Cheese,386,24.01154377526345,High,No,14.736037625311734,559.1644388158088
Milk,819,40.394702136425465,Low,Yes,41.23394289083413,694.2746341142303
Rice,213,48.82449951696379,Medium,Yes,21.22535439622535,398.73862574438704
Eggs,579,7.683148597427099,High,Yes,17.94081010669603,915.9633734273294
Sugar,121,41.56052798385069,Low,Yes,20.156833648709128,224.40529996435995
Pasta,448,18.531008043219963,Low,No,7.985929597296236,242.92825941580145
Bananas,825,29.78344764009825,Medium,No,39.79149557707704,601.7991121329371
Salt,782,18.054151922783657,Low,No,37.182184634303596,395.335619003091
Rice,934,32.60504626555956,High,Yes,29.8711604222933,1152.7417311624836
Bread,665,20.921127378978902,Low,Yes,37.22382409582442,551.0120784579944
Pasta,909,20.012670093995666,Low,Yes,21.790992503673284,864.8134970502666
Flour,419,6.707224082117099,High,Yes,18.29160842496708,829.2254528178016
Pasta,225,11.61321826567152,Low,No,43.80354452066656,10
Eggs,376,46.26851894894655,Low,No,24.010455663014277,172.82840872196985
Sugar,303,49.92248429929609,Low,Yes,13.816047730311055,395.91845190554426
Rice,293,40.12342591413229,Low,No,38.70697620255536,10
Apples,780,17.906568114806905,Medium,Yes,20.114233442878668,901.302673519219
Pasta,763,23.110031229961663,Medium,Yes,14.533308540487722,919.3982566043934
Potatoes,646,38.27765547077372,High,Yes,6.224642497215141,1007.6032894740399
Rice,795,48.583110059743916,Low,Yes,48.6770791226656,572.317382087211
Salt,385,25.496202682821544,High,Yes,26.02802227764952,728.1448296150578
Bread,156,42.32850868797686,Medium,No,12.279104286257283,156.8127540549666
Cheese,833,48.87810151694226,Low,No,39.10150217978283,492.83670665078444
Apples,402,44.30629269752019,Low,No,44.944300762083344,79.16598540038403
Pasta,262,15.221738604709712,Medium,No,28.758559666948752,237.57421120333498
Apples,118,5.361433874403032,Low,No,6.276175645304397,89.09619904663677
Milk,469,27.14367674247868,Low,No,21.43143326305605,316.8089445616254
Bread,363,28.911237426287006,Medium,Yes,15.939573603429215,601.7029434268819
Bananas,893,14.056266404802633,High,Yes,33.6378861435184,1077.4805985857083
Rice,212,17.810347637606796,High,No,28.348601078826626,307.82826504371604
Yogurt,587,39.43189223818461,Low,Yes,21.008157967970167,639.7263432812509
Bananas,426,26.16562664209102,Medium,Yes,34.182731213219185,517.1964681351795
Tomatoes,641,19.28093376201155,High,Yes,31.299317694428062,870.3192073010584
Milk,746,33.018171231286374,High,No,45.79205560071179,658.4403892027418
Flour,678,34.37418901892564,Low,No,31.85613285260374,361.34831760684364
Pasta,164,39.6228099578361,High,No,27.84703481202343,301.18275469211505
Potatoes,391,12.051918309331361,Medium,Yes,42.065153786932804,456.28747478628776
Yogurt,124,38.36827635471456,High,No,14.108885116728946,307.463056010002
Yogurt,648,31.974277644968833,Medium,No,15.960407802757807,567.0004698881668
Cheese,100,7.5907339386258705,Medium,No,40.26079107985957,10
Pasta,648,39.9850532714035,Low,Yes,24.90576021645523,650.2384759010095
Sugar,240,22.23861265999333,High,No,23.415613794162454,361.0490960103485
Flour,843,19.86714204483369,Low,No,44.91850795150122,435.85165089465886
Pasta,747,25.163381821173544,High,No,32.454906543188066,698.0026726554198
Potatoes,287,20.57787847877581,Low,Yes,41.130911317991824,252.56053668709134
Apples,227,20.222851649445907,Low,No,41.442749177435886,10
Apples,300,41.36349504652815,Low,No,10.401199624029587,193.22524591752077
Sugar,226,10.602736446456152,High,Yes,34.41660784113667,584.4000724737477
Butter,356,48.677003053585636,Low,No,47.86323524177365,71.54716800840649
Potatoes,775,29.971923996845447,Medium,No,26.601219033263472,635.0295441429035
Rice,646,13.23157992895908,High,No,37.94820914850508,610.2666064936016
Rice,293,10.904696731925892,Medium,No,30.502980497503078,212.36385245365105
Butter,802,31.617928946074215,Low,Yes,14.218068840843717,819.4201326349539
Apples,203,33.48497497311176,Low,Yes,13.783714057350899,332.764848863517
Potatoes,634,7.386159696341484,Medium,Yes,24.52249243336876,775.6682135947291
Flour,364,15.93508613579536,Low,No,26.73457582142407,141.69722051870775
Apples,901,40.79578645496603,High,No,27.64095991909121,897.3330198002358
Apples,483,7.233108248458647,Medium,No,47.975034087614866,279.95285512318515
Cheese,359,43.478989875771624,High,No,9.511454486186441,558.3035104362632
Flour,513,34.61731144368501,High,Yes,22.123703043402287,837.9369148811522
Potatoes,457,24.549046671344215,High,No,28.154634580445908,501.5158792646197
Rice,174,20.589478203691215,Low,Yes,48.34007327304059,113.64681717367876
Potatoes,454,5.8662033732002286,Low,No,27.694166765316723,217.16032258883382
Salt,683,42.13467255883294,Medium,No,39.887407405440236,490.9965968099291
Tomatoes,870,11.422483428584215,Medium,Yes,38.717514861899865,885.3907952243887
Eggs,287,18.929389633793964,High,No,30.489982224281242,393.19546065111
Milk,784,30.609814116326174,Low,No,10.88163958936925,544.6781299021397
Rice,389,16.06966700320644,Low,No,14.844141948121713,225.2009192860543
Potatoes,144,27.37132086884906,Low,No,15.806311637967555,10
Eggs,672,41.4204272932416,Medium,Yes,6.739684144481023,899.9756707351049
Butter,182,26.174207065562367,Low,No,22.064810443600585,14.173573442128944
Flour,222,47.70398048538182,High,Yes,32.47311750693056,588.748537442733
Butter,457,43.137527916935376,High,Yes,11.49198344325406,857.7156193433107
Potatoes,627,19.98676559135274,High,No,12.876620440939824,729.7585082114539
Sugar,165,22.9982956062772,Low,No,36.814384778118864,10
Bananas,756,24.049702716013723,High,Yes,12.616402496565366,1091.8464016418297
Flour,474,33.178075381603165,High,Yes,11.090100992853044,887.4082609705763
Bananas,261,17.90580781348429,Medium,No,49.00288489053926,78.96152665084324
Tomatoes,845,48.616211247012885,Medium,No,5.6630876334587565,787.2121219564333
Potatoes,479,32.39078992715754,Low,Yes,19.643367620946325,533.8694227497799
Potatoes,755,22.97307464335101,Low,No,6.572149762578895,513.310481908793
Yogurt,457,34.02544169712053,Low,No,42.712168711756355,180.2251995153488
Salt,287,22.793225473836845,Low,Yes,31.25910714204069,277.0978838217367
Bananas,421,41.80080564407385,Low,No,7.157833380222019,241.14155933887992
Tomatoes,549,30.55284322482746,Medium,Yes,32.69129693122402,575.0065278070535
Tomatoes,573,6.888672653273016,Medium,No,10.539337668497904,566.4746535256778
Rice,112,12.954059034055733,Medium,Yes,27.307967347492514,297.2911709380692
Flour,283,43.924728786329055,High,Yes,35.123581154413046,563.312145244061
Bread,210,30.330492186055547,High,Yes,11.682816477531395,669.5567231435116
Tomatoes,607,47.76545644312573,Medium,Yes,27.367268348568615,730.642517326381
Pasta,389,8.259004078730815,Medium,Yes,25.583491808467024,560.4421210999316
Apples,394,18.286728353868824,Low,No,46.20877146154755,27.292393190593927
Tomatoes,550,13.709451795780767,Medium,No,49.806562755888734,330.88407376032086
Eggs,314,29.92281315029313,Low,Yes,34.45135009842811,339.6401008423045
Butter,731,22.22567739859592,Medium,Yes,43.4686620029192,777.3689446886868
Potatoes,993,12.077309033437695,Low,Yes,34.10968808466201,921.4163301371967
Apples,666,33.92383612817961,Medium,Yes,44.43288149439441,674.0699172640291
Cheese,126,29.13342646087339,Low,Yes,24.4972423354234,174.23606428101957
Apples,729,17.363131308333543,High,No,32.35954360251361,722.019245698598
Eggs,832,26.589711100207,High,Yes,43.03262854190511,993.4846385965722
Yogurt,330,38.55822417685353,Low,No,46.313857409941285,13.005812478349313
Milk,664,14.237225354779634,Low,Yes,6.110722999273248,721.1358320333196
Yogurt,906,18.180758601577807,High,Yes,9.677871152939506,1137.7188919290402
Bread,420,20.574994419235182,Medium,No,46.90274276021571,211.00039112475346
Bananas,332,38.602689674046424,Low,Yes,30.58289463805391,360.0962359615596
Milk,769,43.111516979790814,Medium,Yes,49.558644227023834,754.3699283270231
Bananas,536,21.93748233987249,High,No,40.668486922259916,543.4467442363459
Eggs,880,18.34793878252632,High,No,41.816308268441496,796.0999465375031
Bread,632,45.02510412582547,Low,Yes,22.375512844295322,643.2904009931098
Yogurt,502,49.971421948670546,Medium,No,16.589362452574957,466.60943739311244
Flour,152,35.165913784780955,High,Yes,31.92166282918461,495.0229840715415
Butter,886,49.54912767451314,Medium,No,44.55644443857496,612.0681765818538
Bananas,412,34.69848250108595,High,Yes,37.65643289187413,586.7027213219317
Bananas,380,38.005712240352125,Low,No,26.247881307827527,134.0602148398222
Milk,825,22.489520069458113,Medium,Yes,38.89402142184672,835.8830510739075
Sugar,130,24.483539614957408,Medium,No,36.067893044341766,58.15465312658273
Tomatoes,436,11.486104879522781,Low,No,46.087314120721814,84.7102119173363
Butter,282,42.023750664430544,Low,Yes,16.860075040917653,398.41466987594333
Eggs,122,46.897656389924,Low,Yes,10.369015666565437,245.86079453197524
Cheese,643,33.05471601623504,Low,Yes,26.15230233375187,650.1841095716397
Milk,545,20.46412888004293,High,No,21.2486364887968,590.6901020581159
Butter,173,11.930734641846481,Medium,Yes,48.868751618014024,269.9774807098122
Butter,109,16.932030336739174,High,Yes,5.337688444981412,581.6511720144271
Rice,583,16.493468938332946,Low,No,47.00223778909083,208.25505630530512
Rice,555,32.60875478736079,High,No,47.97856501249838,523.1619359250756
Bananas,665,47.5266859413622,High,Yes,7.293126954580522,1011.958483418606
Sugar,663,7.172234913109166,Medium,Yes,45.03064330155502,692.6109921674323
Pasta,759,5.04600348175016,Medium,No,26.185047783414927,601.4978604972368
Bread,259,32.00818749414465,Medium,No,39.47678314042398,136.01818632835
Flour,981,17.78272079358719,Low,Yes,8.566498901072634,989.5696003826464
Tomatoes,113,44.624675405253065,Low,No,47.98425173531362,10
Bananas,277,19.726263855761765,Medium,No,32.339681377432896,195.52971082933405
Bread,511,18.03819202380002,High,Yes,45.44124364937947,753.055597549338
Apples,977,17.12797795482338,Medium,Yes,35.28333923944762,1004.8287984015807
Tomatoes,152,11.518377227070985,Low,Yes,29.15646323253837,185.5319506016163
Butter,507,31.168871342469977,High,No,12.762305794689471,623.64607813634
Bananas,946,12.56961210503945,Low,Yes,13.00793585939602,919.3250092069989
Milk,121,24.10840219056309,Medium,No,26.265663137886317,119.04826194152743
Pasta,129,25.7437423515042,Medium,No,44.16989970386198,22.566824526455992
Potatoes,802,5.922142109508851,High,No,10.184840504683532,921.6240507319376
Eggs,359,5.756327591951412,Medium,No,49.92733173315847,162.48393905648277
Flour,304,28.409570994057315,Low,Yes,44.41605154256747,251.1423519217397
Sugar,158,36.32156295031095,Low,No,22.665144679909407,10
Pasta,570,47.39641170261821,Low,Yes,16.39032488409943,599.096081730598
Cheese,875,13.06036778706298,High,No,46.489824282454435,714.9232641935927
Bananas,565,9.646646424623714,Low,No,10.544522865648606,404.09859943494695
Yogurt,111,7.343955811721791,Medium,Yes,20.628047093862406,380.3239990649015
Apples,730,24.62187123108276,High,Yes,8.776055682229714,1082.464328114748
Flour,389,33.04163153011806,Low,Yes,47.90580258790447,328.7942106062436
Milk,949,42.82490105380689,Low,Yes,32.79303269039243,830.5664607000032
Bananas,859,35.71901970319091,Medium,Yes,20.128084010304743,930.3967440053634
Milk,453,14.37623550836858,Medium,Yes,17.39674244166774,651.5519867712683
Salt,738,25.779666487832554,High,No,24.984243209436116,750.1835035659958
Sugar,174,45.965585583889485,Low,Yes,9.112031465327188,310.81406578119055
Salt,972,19.703347811481706,Low,No,45.0207018604437,536.4660756113946
Potatoes,815,27.442866429136917,Medium,No,27.992316962782716,696.9605572160789
Flour,660,48.13544005896635,High,Yes,37.629415610748694,868.7958652993763
Rice,690,38.061860250816395,Medium,No,15.518562876249446,616.8440439897942
Sugar,540,38.64831735387614,Medium,No,27.668716739450957,364.06821275868674
Tomatoes,340,16.355030198595244,High,Yes,14.498876134713012,763.7082437941234
Pasta,960,23.66141532373077,Low,Yes,41.72425765792687,883.1068604352523
Bananas,253,8.705397339352476,Low,No,39.88737544284676,38.98004820464364
Salt,885,32.29366401727401,Low,Yes,11.669104588837975,870.3019395298072
Flour,195,9.667857404412239,High,Yes,8.35281053312298,727.8337413413554
Rice,825,42.61593119926797,High,No,42.08885314496238,729.0726596734203
Pasta,393,41.65492041589986,High,Yes,9.93415571326687,803.0981495213578
Sugar,308,29.01222955050393,High,Yes,29.681779130840095,625.461903096913
Yogurt,442,11.352471493866336,High,Yes,29.051928406913312,743.8645561723418
Butter,187,6.151054243782568,Medium,No,14.132483065947023,158.41920176524152
Yogurt,917,40.85189003941576,Low,No,31.611040964815224,578.7436711128097
Apples,875,32.00632174460421,High,Yes,27.623984335907146,1086.9669712239856
Cheese,489,36.99183365365475,Low,Yes,27.91351500679125,477.494687503005
Apples,424,18.671320658136544,High,Yes,21.18649893911011,782.1319742995353
Bananas,988,27.926723202976152,Low,No,42.729285061632524,550.3528660613221
Yogurt,931,38.62283767428427,Medium,No,8.796675329071224,839.4200078335917
Tomatoes,256,25.81534887412098,Low,Yes,24.73803715319012,354.2939550803564
Cheese,767,32.06229002459289,Low,Yes,16.691736117403384,776.2545750115372
Bananas,750,40.5377717813583,High,No,43.17949633829816,659.2287183124874
Eggs,732,14.684929036987048,Low,Yes,15.12862178236491,748.9095734532017
Tomatoes,676,7.966800021086704,Medium,Yes,39.516117060461,745.2538220594844
Potatoes,718,28.93205798648623,Medium,No,32.51818950764912,522.3785145387044
Pasta,758,7.795659682404308,Medium,Yes,44.36556149210132,786.9101537365688
Potatoes,236,39.495078246503894,High,Yes,31.720727431448466,580.9859504937236
Apples,773,37.364515143520485,High,No,30.041796488158127,752.1342428707719
Pasta,527,44.677070215938365,High,Yes,41.05084728116809,731.2832415481892
Pasta,551,33.780294411528224,High,No,30.31189099242036,563.7372922372364
Yogurt,711,8.02389068385682,High,No,43.004392654101714,669.3311565968593
Pasta,949,16.39184564703278,Medium,No,7.219311341410291,831.9022343319224
Cheese,918,41.35693300532237,Low,Yes,27.281743414723586,802.8191021083322
Butter,240,12.52095877911145,Medium,Yes,41.57111810199843,329.67689968702945
Pasta,182,36.431621051669936,High,Yes,43.17643161119906,462.5219923983638
Rice,276,40.111669891421506,Medium,Yes,42.53249198342152,413.9383354094183
Yogurt,297,19.85503090348585,Low,No,32.19715938252037,106.63114242938096
Tomatoes,723,19.50338630313088,High,No,49.72871039630457,666.4647301627534
Yogurt,667,30.10112065441161,Medium,No,13.162383851255655,582.0232961507793
Sugar,790,43.757884973964366,Medium,Yes,12.850591072439062,953.3690311161721
Butter,520,15.075779086106625,Low,No,6.477020353602872,364.00763845341123
Yogurt,500,47.35661882190812,High,No,49.52017293150301,478.1501444982845
Bananas,797,31.96034081690487,High,Yes,20.660922840005185,1107.4186043946959
Cheese,570,49.645691210852426,Low,Yes,39.29243807924465,489.7571071676683
Tomatoes,317,9.03261757978952,Low,No,7.686964074896575,192.06819844928464
Milk,927,10.695296142804159,Low,Yes,18.440964784848042,790.606240577215
Rice,828,42.19888116710672,Low,Yes,33.07313036277057,682.9269130770956
Potatoes,731,43.91401530217322,High,Yes,28.615104324466927,914.1986879713504
Flour,274,25.045640976692027,High,No,14.348670786314862,391.54684848295364
Butter,122,37.133202926405076,Medium,No,25.771681075648004,156.5404216959153
Flour,824,44.04007793504923,Medium,No,9.89518963423307,698.8527704589583
Bananas,334,6.94075046984729,Medium,No,29.421656251227674,234.7930536637874
Pasta,112,30.827769034696637,High,No,9.362364937478155,299.7585668257793
Yogurt,200,43.40662999369203,High,No,33.61709559017807,348.1675489215537
Bread,635,22.916972506314874,High,No,11.99109101360953,734.7124918450606
Salt,975,18.60726227505921,Medium,No,29.618865152058145,802.4281710853076
Salt,622,40.80680082926769,Low,Yes,10.810430592044874,678.4063089708176
Apples,884,20.110396257627627,Low,Yes,23.03196951521902,772.4526837670909
Yogurt,551,5.142843418302644,Low,No,20.832419515390658,380.04566474338156
Sugar,530,48.18076644330796,Low,Yes,39.038481492485865,466.7501118561361
Flour,892,31.64554563579583,Low,Yes,33.85227400764177,774.8644677734363
Apples,705,41.878306341953206,High,No,47.16899691813457,660.0196861686984
Cheese,812,42.13857030542216,Medium,No,46.48597933783389,535.7043500268263
Rice,632,7.988468916772977,Low,No,37.62482128526133,309.1492041726034
Potatoes,951,12.688708972390916,Low,Yes,39.67635832654063,795.7207722632439
Sugar,822,19.000430634184134,Low,Yes,33.1210587459688,764.7832295124541
Yogurt,751,19.431467826859528,High,No,36.12484538351238,734.8747271297145
Milk,392,34.64537529564108,Low,No,32.77500658850428,140.7608452655151
Bananas,909,33.04098143387081,Medium,Yes,19.029426408562607,983.9793508148772
Bananas,200,27.25654001044162,High,No,20.781031214211694,331.35956608944497
Cheese,601,14.506867953894558,High,No,30.863022258632995,587.6689267128456
Apples,403,22.18925613606365,High,Yes,37.40796173276673,709.0765979196489
Eggs,970,29.46172858093263,Low,Yes,23.27535706845993,847.6505296160559
Bananas,639,26.059341474677385,Low,No,11.420051037203955,488.90120972157524
Eggs,652,10.728163989278528,Low,Yes,25.673772575867304,676.4966414480001
Yogurt,454,34.227972207586575,Low,Yes,48.34345192407751,326.81288755676843
Cheese,402,8.287329956479725,Medium,No,14.633909056281839,381.79226183115514
Pasta,595,22.018760738648613,High,No,34.20810891323573,572.5771629314694
Eggs,757,36.95132064538531,Low,No,49.21438091736488,353.95944902143555
Eggs,867,5.901059053386793,Medium,No,21.930697375728336,773.3694303952847
Bananas,326,30.649226857039224,High,No,44.954762397872116,356.27015407229453
Sugar,335,20.05344383644838,High,No,43.88039227292096,325.5834025147062
Bread,972,5.397432954023051,High,No,20.25702315613416,1011.2603797746515
Flour,991,13.567247197743734,Low,Yes,9.433279630209828,1024.0046392839172
Butter,554,47.34257869717945,High,No,13.034261955505327,648.692383611267
Flour,112,28.451700747729067,Low,Yes,21.458713014565497,217.79683021562047
Sugar,309,49.875224208310925,Medium,No,48.16104390253728,177.7085909225613
Potatoes,840,28.616753766413353,High,No,17.35025652716437,902.6911968883622
Rice,496,29.47713855306207,Medium,No,46.70891356672246,335.2603824251337
Salt,199,22.63293558197836,Low,No,13.161410852770153,159.63800130666314
Apples,130,18.951818842913646,Low,No,48.64155915610407,10
Butter,997,16.319549890982515,Low,No,18.21220409290987,708.1491462172831
Milk,627,20.453927725880327,High,Yes,33.489151854854256,914.6654007025584
Eggs,748,25.693298640519448,High,No,8.136105101173985,904.5074525178804
Yogurt,428,13.639637760385554,Medium,No,18.484887703429166,374.8139246871856
Potatoes,265,15.119379131256315,Low,No,14.481968287027275,125.97471336363664
Salt,558,17.21951459007976,Medium,Yes,5.153750090775151,781.4643736346717
Potatoes,921,25.21669513688776,Low,Yes,12.054640447279588,924.2009494274932
Bread,199,34.37660150664094,Low,No,31.68966424267359,10.241136148033757
Flour,720,43.526576762882925,Medium,No,22.54640779420965,563.0383541084731
Yogurt,954,17.920932673421447,Low,No,37.51569416171457,600.6749284613666
Milk,272,13.267775315364682,Medium,No,35.198357013815325,171.37451989611588
Yogurt,848,22.048135918274973,High,No,40.96847790535634,746.4898198991491
Flour,261,45.24723843673351,Medium,Yes,44.016126036468314,399.99389819600475
Bananas,827,5.443732775171276,Medium,No,41.89214764056478,580.6631786624843
Yogurt,875,35.50408772259854,Low,Yes,25.162737787327313,764.3293128853709
Bananas,362,26.47220208852117,Medium,Yes,18.89274786644785,604.2098729207717
Eggs,903,12.247079673230601,High,No,27.603610833581225,874.3073370886841
Flour,373,19.445968682351,High,Yes,29.08078279871189,729.2148666605758
Apples,102,15.122751974466524,High,No,19.092853262385006,303.5640778237458
Rice,127,44.502447555055504,High,Yes,29.300294531289573,430.39835274257536
Potatoes,425,26.684302277524562,Medium,No,9.760084347408421,467.3234598258632
Sugar,248,30.339242504262174,High,No,15.39688077568796,463.23847345483773
Pasta,639,31.71594287016593,Medium,No,38.572163910075,483.48931429246903
Bananas,587,33.78277060710602,Medium,No,13.227450274568302,568.7871760300166
Flour,921,27.300006066916847,Low,Yes,11.256703170953006,909.436318684544
Butter,537,5.804308887634212,Medium,Yes,17.930443609434356,722.7447668999732
Flour,164,20.062520911159336,Medium,Yes,21.697210254256387,419.056029123924
Sugar,455,13.274295832444604,Low,No,19.78469080016969,286.03655882354496
Cheese,632,35.606427931025465,High,No,21.857242318898216,705.3525826835856
Tomatoes,351,7.5517093116520995,High,Yes,11.296055430392375,757.410388764057
Bread,334,30.37115260002399,Medium,No,12.442782108842913,323.62574020090517
Apples,326,14.478427502343543,Low,No,15.612574081890852,130.79331244786277
Pasta,624,47.69806273101775,Medium,Yes,23.089640785399055,779.3103624681607
Tomatoes,412,20.0993423983941,Medium,No,20.11545957282965,357.2795927153945
Bread,148,19.634953611858542,High,Yes,40.61007191419743,446.5008197096789
Tomatoes,217,46.55231005958257,Low,No,28.648306096838418,58.91856987934182
Apples,153,23.780656413686362,Medium,No,30.906546217076095,123.92860791130802
Salt,749,48.3288050383584,High,Yes,30.226682048175505,983.5891478250174
Rice,664,6.087665846007657,Medium,Yes,22.944877635303346,838.33769761475
Pasta,143,18.785505884096583,High,Yes,49.121748445389514,452.0169250542785
Bananas,914,34.978683211989406,Low,Yes,6.679794971547244,881.7872607313171
Milk,152,45.088563403743734,Medium,Yes,14.71270001493999,408.52336511497487
Pasta,685,16.538251685372778,Low,No,17.809461439478294,443.7195230026214
Yogurt,657,46.87149163836507,High,Yes,44.65841300021795,799.5219312106215
Butter,624,31.735465992463467,Low,No,46.34911111118697,243.63006425801393
Salt,776,41.04537094390622,Low,No,43.07467189164783,338.3699080285986
Milk,201,22.874328693810373,Low,Yes,23.76279414831601,308.2142427204861
Sugar,891,14.5481172155093,Medium,Yes,46.158075038307956,859.2104284786726
Yogurt,869,46.00559369514619,High,No,9.432864329985222,931.061573439086
Milk,948,46.99111407827984,Low,Yes,34.35956151270372,814.6458939870573
Tomatoes,967,27.3908814869361,Medium,Yes,47.175069991168606,940.75179133441
Rice,497,5.2922757199665424,High,No,38.97049280324456,426.2747108686376
Sugar,237,9.9402329151682,High,No,17.504022587100632,410.61768223865175
Sugar,774,30.78625821042748,High,Yes,37.28776179955929,959.1153102916104
Rice,486,6.0699516035848795,Low,No,18.264351630319865,306.6491838630491
Bread,210,22.861036579401286,Low,No,10.02119513945324,71.07990978088284
Bread,713,18.651647550740567,Low,No,37.27496902251915,387.10955322222816
Yogurt,116,37.14567239309921,High,No,13.065198967127596,347.85652475953884
Cheese,879,7.501040282657088,High,No,9.997922246706116,955.1528564191159
Sugar,281,26.992907103977934,Low,No,29.829202459181868,40.6403093531432
Pasta,983,31.06014214440224,Low,No,32.92813665188838,586.0233038803575
Potatoes,635,32.77809842236779,High,No,7.297532800539143,772.4105258129775
Bread,640,23.232095240762337,High,No,5.201099959961152,791.4677819456056
Rice,270,18.696550254329793,Medium,No,44.69316486769183,143.88216001617855
Eggs,508,35.71218651817169,Medium,Yes,10.186365243336931,736.4863296244018
Rice,839,43.14060716461228,Low,Yes,31.27541237598449,749.3414337983041
Tomatoes,477,36.21279370022954,High,Yes,47.90958113394011,671.9984249840734
Sugar,287,46.94460644557497,High,No,28.0359552159689,354.5214895193753
Bread,957,37.27685864110672,Medium,No,11.290910412996965,863.2313259190694
Cheese,329,39.407843030612824,High,No,22.70680264499517,439.2655704939509
Apples,932,12.555643847093998,Low,No,33.08189665300172,612.6289446691126
Flour,951,23.87928400370203,Medium,No,39.32778366811425,735.7274010630988
Yogurt,218,26.827489893018434,High,Yes,32.31220975567387,557.7496222454428
Pasta,255,16.533192303257344,High,No,6.544208052576405,480.8737825813787
Bread,883,28.784293716032956,Low,Yes,11.439628936922439,856.094090515295
Butter,786,18.08563748998314,High,Yes,21.73107599577471,1058.7741169372978
Salt,564,35.937594176198715,Medium,Yes,36.75711583966904,659.7255086160847
Tomatoes,203,26.162981451642914,Medium,No,31.294758872624204,95.36263325283609
Tomatoes,703,25.646312942106604,High,Yes,7.011274261867297,1077.4031340291842
Milk,797,49.26391389647653,High,No,40.85986584217497,679.8919046033989
Flour,894,22.66001818441567,High,No,32.23059941100939,817.2294771368902
Tomatoes,601,21.303294466530573,High,Yes,44.921751597541466,779.6550280640686
Flour,792,19.33719670771945,Medium,Yes,23.79438944442853,904.044254436778
Butter,781,45.26371494391091,Low,Yes,27.059080137689637,677.0318851286527
Sugar,798,27.35257217441802,Medium,No,23.249784633593457,684.1740949832385
Bananas,274,32.0006514866286,High,No,37.51045382790579,320.96995229802224
Rice,833,13.136831555107776,High,Yes,38.845888513770525,1073.3515125704089
Rice,844,29.34240620022171,Medium,No,37.54590773215592,631.8016719047072
Potatoes,773,17.359168679081975,Medium,No,18.121968493445188,686.2347285303231
Sugar,520,37.878661456829484,High,No,33.62141916694189,503.33764540429684
Sugar,233,42.4637756956572,Medium,Yes,20.233767476472984,428.54496603640797
Flour,490,37.16648114590749,High,Yes,42.53901853389728,729.2963504300749
Bananas,835,37.86098748216158,Medium,Yes,7.480227303107261,978.8696707781804
Eggs,600,28.061361685378266,High,No,6.697433871159916,751.7376343680806
Bread,764,37.04531253503609,Medium,Yes,9.57687910441669,995.9886823767436
Sugar,132,24.020912097867214,High,No,14.106343750843537,351.4308857841606
Butter,154,34.31701190883258,Low,No,6.693591158822029,89.68693673853478
Bread,618,16.656764455423158,Low,No,8.222751014510616,453.042775994018
Potatoes,855,8.139065554040457,Medium,No,18.77254217305913,724.5489575813327
Bananas,924,23.606296885488582,Low,Yes,9.490580680336508,926.5071139851788
Bread,737,25.780017010122048,High,Yes,41.09331995036559,904.2805315312684
Butter,111,16.53832211849105,Medium,No,7.424032503228382,153.94854989559838
Pasta,627,37.746928328325694,Medium,Yes,45.85682510984462,654.5052305640621
Pasta,819,8.309771553932563,High,Yes,44.18777947734383,1013.3428886829736
Cheese,654,15.023674597063486,High,Yes,14.3772964646288,955.1377249561916
Eggs,472,38.68541233041321,High,Yes,8.218717374614322,909.1185999458216
Rice,583,24.670592318300557,Medium,Yes,9.74907703200754,841.8348456666594
Eggs,746,36.73776308176906,High,Yes,30.158970649893195,989.5462299300066
Tomatoes,327,30.53686450026183,Low,Yes,32.04120829931952,348.27688670150343
Salt,722,47.78207374988131,Medium,Yes,19.201225373411113,852.1154442726973
Rice,406,31.900812472527484,High,Yes,18.357515073356033,768.3225164970147
Cheese,556,5.669103845548387,Medium,Yes,28.91755708188733,683.4700984588511
Sugar,259,20.879480772695032,Low,Yes,18.75326198302352,353.94309202591
Eggs,430,11.437730699211846,Low,No,47.04437725648777,107.25403320208044
Milk,875,46.60851549189665,High,No,22.218430050639032,922.0409120113986
Salt,324,9.680560442828614,Medium,Yes,14.891618694853843,596.8701076356775
Yogurt,828,22.446799840898937,High,Yes,11.568418094164073,1137.0524175539078
Salt,603,15.174463713201147,Medium,Yes,33.42686870267395,704.7112240269191
Flour,555,43.102489567853,High,Yes,19.699772718407715,852.5521435745276
Potatoes,144,18.885492391501263,High,No,13.495767466314861,321.8255427491151
Salt,313,49.635206741419026,Medium,No,17.411698608574696,315.8447743387045
Sugar,158,6.73774725255129,Medium,Yes,18.854670787720387,413.93875941020315
Yogurt,743,10.772454760815464,Low,No,33.16250619322064,404.67516325205077
Milk,715,15.108744939309911,Low,Yes,12.860667511476372,732.36691209206
Bananas,294,41.49977180900717,Medium,No,37.976169430207506,152.69389537915913
Pasta,588,44.53327440788071,Low,Yes,18.7197020635694,638.3504047385181
Eggs,256,8.215312127424006,Low,No,26.973931578430108,70.10377831999702
Apples,709,6.460706379302438,Medium,No,34.46775544401956,533.1614308552058
Sugar,325,38.505058569706065,Medium,No,29.46290482376464,244.31139579202494
Eggs,511,11.000840303912607,Medium,Yes,34.800509387973754,635.8157481999152
Apples,304,10.984936418358764,High,No,19.516797672575564,417.70473779564634
Milk,178,6.006494052249317,Medium,Yes,48.35524636692501,255.93265291832384
Yogurt,223,7.2413544912539844,Medium,No,25.654537472402048,236.6617169365206
Eggs,570,16.86539563679701,Medium,No,19.48701244092731,529.7729522746586
Bread,317,7.925247023486284,Low,Yes,18.337728255692273,419.2828130257046
Yogurt,615,21.5995591246674,Medium,Yes,6.92127363454917,874.1696703647835
Milk,701,42.47487640523071,Low,Yes,35.816264106008674,667.9121627202691
Milk,203,19.68441157947167,High,No,16.81318747147867,352.4297457581855
Cheese,492,37.752537316071724,Medium,Yes,48.15185928451595,500.36341319531255
Pasta,730,9.225948417396353,Medium,Yes,14.470013541955627,926.882456719853
Bread,744,34.67188343387718,Low,Yes,28.82710371584168,639.723760605696
Cheese,923,19.253623246584574,High,No,38.09618149254909,839.4314605301578
Yogurt,707,38.738879541366714,Medium,Yes,44.15518826694533,716.5016764037673
Salt,533,11.131340632537185,High,Yes,12.040740177000188,930.8472623309934
Salt,430,45.40475199940168,High,No,49.343069322366496,360.1140334557498
Bread,242,15.915974130407147,Medium,Yes,45.803704339295685,392.6165845694225
Sugar,899,20.89120069765294,High,No,48.32823948023895,744.7066970840419
Milk,639,47.758131986811875,High,Yes,43.37018417937378,841.6440329508863
Apples,377,31.031706187888652,Medium,Yes,44.495115261510406,443.6161592786611
Pasta,332,21.459718353335987,Low,Yes,31.947301216092335,361.5872695996165
Rice,628,47.732096616513424,Medium,Yes,43.03895284028221,632.8998138895012
Rice,670,19.808483760051438,High,No,29.03060110384837,680.21933730559
Butter,189,9.269182070383089,Medium,No,29.21977267759242,190.12929328167127
Butter,591,49.85819995367389,Low,No,30.316104135544666,299.740535349692
Bread,298,17.053021425151123,High,No,49.834306620637406,316.1942716177669
Bread,461,43.30660319148233,High,No,9.697767806193031,597.8696249754711
Cheese,540,12.449335767038926,Low,No,41.252449032311894,204.36160914561674
Rice,125,37.91092872998201,Low,Yes,17.299063540497542,249.70869276939476
Pasta,124,28.60022275125134,High,Yes,21.2552187168984,547.1756947163815
Pasta,493,49.14079512305583,Low,Yes,8.62399657877126,519.5434229145711
Yogurt,606,29.87736602415798,Medium,No,20.82082016228313,531.4257675072658
Milk,400,6.125681835088436,Low,Yes,49.58432137115187,290.8204970418564
Bananas,438,32.174509533083956,Medium,No,22.8681167822616,334.319027833329
Bread,366,11.539240535148172,High,No,35.1359563987511,427.5078977435235
Bananas,560,40.934341187693924,High,Yes,10.432093467269205,965.5274498941911
Bread,792,43.545568842045455,High,Yes,46.51237443869047,935.7575289299095
Apples,555,26.694208345762142,High,No,42.24854209760594,478.7479647834963
Bread,459,40.24496556735344,High,No,22.383243688862596,515.0444834633394
Yogurt,167,11.52998309667223,Low,No,20.680849970274448,11.88274335451816
Butter,962,27.143518394104074,Low,Yes,24.45201515810801,889.65107321927
Pasta,511,22.72749191107631,High,No,23.05661822845244,579.9967674521109
Eggs,590,32.50928241738866,Low,No,16.61228621365511,387.5408218263353
Potatoes,932,7.001473496142199,Low,Yes,49.588082337470574,774.1580364838641
Milk,148,38.84552772118823,High,No,41.474590506713255,201.94662095156826
Milk,786,8.560818026360765,Low,Yes,17.056546677839755,816.179278374964
Apples,663,34.54121828885742,High,No,49.177616046211796,559.150001293771
Bananas,201,5.8305751492974895,High,Yes,5.698856212109568,778.26756516263
Sugar,315,42.43496286905283,High,No,24.705393652823776,423.8509681164423
Potatoes,537,12.86148336007016,High,Yes,30.626833867754787,840.5565479248002
Rice,799,28.19738641896457,Low,No,6.691397995024009,644.3747411270328
Bananas,668,16.76718066774287,Low,No,12.246673581671063,467.4284058435365
Flour,658,37.51912409274808,Medium,Yes,16.615898698338363,805.1956951199255
Eggs,258,19.460799508537455,Medium,Yes,37.410217596783184,448.8115336393836
Yogurt,588,37.60741371147427,High,No,47.28845879893739,556.1082881476138
Pasta,785,17.819204307596443,Medium,No,33.10407890905692,608.1751924526546
Pasta,341,38.861289092109196,Low,No,30.31977159546314,154.5593236119558
Salt,893,6.377247335160691,Low,No,29.154160398910868,562.9420000605118
Pasta,852,17.74901009182318,Medium,No,20.781664241495076,746.7856622203074
Tomatoes,981,27.43850778981255,Medium,No,42.24714557617387,755.3109901268346
Cheese,104,7.027681186387646,Low,No,29.334534720631662,10
Flour,695,13.37153276170754,Medium,Yes,15.354643069567523,886.244961566395
Cheese,919,47.05416417385415,Low,No,11.157404367383515,686.6663494077682
Eggs,460,48.957541933108516,Low,Yes,49.34806316878411,335.79536594315874
Pasta,558,38.288747632571855,Medium,No,5.786294675990082,523.899601338209
Sugar,347,16.34900227776108,Medium,No,47.00480134954122,224.39094641873976
Milk,665,16.723285044618606,High,Yes,14.823648553113992,1008.7230897519834
Pasta,772,34.060566100778274,High,No,34.589728970674145,712.4533858963138
Eggs,521,10.29198274694158,High,Yes,18.568963651915908,871.6326935173716
Cheese,837,47.673922119366495,High,No,43.691468534591706,742.5616651463545
Tomatoes,114,15.116580477958305,High,No,29.45503949817238,189.28753212329036
Milk,835,49.98360314414497,Low,No,11.34759901917781,607.7499902595613
Salt,672,27.30802078861072,Medium,No,17.14257502020952,600.4865006199043
Rice,221,39.71434950468213,Low,Yes,19.414335810639173,359.52411862775045
Tomatoes,376,5.098284252750076,High,Yes,44.86650639755439,617.3485863710945
Cheese,657,44.993588213823884,High,Yes,39.50322884177086,896.9005846894817
Pasta,552,17.15009201512612,Medium,No,42.33142906748902,370.02844241503755
Sugar,489,35.057153504662935,Low,Yes,7.351348452865361,591.0899036431234
Milk,393,41.285987635711535,High,No,31.045199246296864,446.95954741639986
Milk,673,12.386648325155093,High,Yes,49.962961873159095,895.1894662344706
Flour,697,24.9129266598153,High,No,40.33398375739914,606.2888999542689
Yogurt,545,27.22261732933655,High,Yes,10.431845662546152,935.081718387527
Tomatoes,309,19.045375940264204,Low,Yes,35.546817533330696,311.2101674809313
Apples,689,26.679012337804167,Low,Yes,38.539571940283246,594.3065792944325
Apples,813,19.289554594490212,High,Yes,28.141176016463387,1067.5396653985467
Bananas,401,21.233648527484416,Low,No,8.543891649804891,300.643749626301
Sugar,322,35.11990304162325,High,Yes,6.560880584286062,773.1846081552147
Bread,833,33.46669707372487,Medium,Yes,47.20143637577077,850.7156106141649
Bananas,102,15.451957660888636,Medium,Yes,16.588128446537837,383.4045431579903
Tomatoes,617,45.386729815794105,Medium,Yes,22.053565715830253,759.1822399522209
Bread,192,43.825484555212576,Low,No,40.787489344347726,10
Bread,619,27.90874880104782,High,No,36.016733602284944,660.6491282907975
Sugar,527,24.496283421308767,Medium,No,48.585456501545075,310.8232017093235
Yogurt,592,21.958519234284896,Medium,Yes,9.177764009502539,807.815474039289
Bananas,334,36.82705633998976,Low,Yes,36.811380833565224,332.9294493709849
Sugar,719,35.224972574426175,Low,No,8.70029837499513,547.2984056595027
Tomatoes,260,13.828127312209041,Medium,No,5.007447342551508,305.28626269759854
Salt,820,35.21561140851626,High,No,10.41036017844863,921.9410177203378
Milk,851,16.359403734591798,High,No,32.752663172565676,799.7579276038946
Bread,430,5.835125143558651,High,No,35.42867373098487,506.85765540011937
Eggs,432,36.464390489181966,Medium,Yes,24.725294258431287,587.5140633527459
Eggs,149,34.01571211073373,Low,Yes,7.07318193818409,338.8896539955645
Bananas,622,23.486416806845366,High,No,33.532672597452084,619.4747232067508
Apples,962,28.655872516377777,Medium,Yes,8.861786491392053,1077.1717959740024
Milk,767,47.62261362675918,Medium,Yes,11.377684929487897,890.4213349601863
Bread,591,31.784008140744696,Low,No,28.065905814687213,294.2898810375134
Rice,681,34.60477709014391,High,No,20.31679721636815,755.6903321305023
Potatoes,780,7.876009442711349,Medium,No,25.913926727435324,582.1977057684819
Milk,371,12.469750730380635,High,No,33.578460663223666,432.6912005154689
Yogurt,679,18.542852438521468,High,Yes,12.200316627262854,1030.3337063198446
Eggs,966,29.27206931126644,High,Yes,45.18890328609535,1031.7505799680127
Salt,351,39.94659031924945,Medium,Yes,30.176602909080806,486.0368359743282
Cheese,659,19.455839500486416,High,Yes,5.994197398907851,1013.5375475846265
Tomatoes,795,21.037209371544826,Low,No,33.28037787802374,460.66025005728113
Pasta,931,16.5267898328187,Medium,Yes,25.84305192983231,1051.3114189165603
Eggs,798,16.457419818288763,Medium,No,36.57376001641353,629.5513478277228
Apples,189,47.69887306526584,High,Yes,40.281513032189515,465.13374485345827
Milk,545,33.59557308285005,High,Yes,47.24801840254681,708.079596766424
Bananas,431,12.015555959297608,High,No,49.925560742374984,342.4132033400951
Salt,238,37.501186013791695,Medium,No,29.732764706214212,161.6273289555861
Rice,456,37.490951451201305,Low,No,30.26787589077911,167.7515282367208
Yogurt,700,34.99115882241673,Low,Yes,6.010036293902281,761.3697996681149
Cheese,373,11.062420029079863,Medium,No,43.93267130688488,223.25774934335982
Eggs,118,23.359616756131413,Low,Yes,6.292309709413447,286.9910651009499
Bananas,410,9.804034872248591,High,Yes,33.46991631504689,692.1090755739336
Eggs,969,41.74792268414614,Medium,No,9.43596404349035,836.3323738094184
Eggs,985,34.48274644300636,Low,Yes,17.86273718479054,916.0705559582361
Cheese,253,27.824177154551826,Medium,No,11.314829889982647,324.9912224939732
Bananas,489,20.435696442526847,Low,No,11.182742965064348,340.6026782085035
Tomatoes,359,13.291226352249502,Medium,Yes,8.357044204261872,654.7096740659074
Butter,719,9.790141497489856,Low,Yes,19.30468918934766,754.1397705443167
Cheese,982,48.61582733916048,Medium,Yes,24.06431050037572,1068.6762118045997
Cheese,896,13.984188888021038,Medium,No,25.901293677447136,773.0443689279409
Flour,670,7.694358202462355,Medium,No,24.78686177601983,575.8710553041659
Potatoes,224,48.27500474821234,Medium,No,28.56614154328749,168.38612313086566
Flour,453,29.70282836110222,Medium,Yes,43.69041181341234,511.37338781597816
Yogurt,372,40.84955307460143,High,No,33.43084770677788,385.2964251753513
Eggs,718,6.969463123924335,Medium,Yes,5.777855193641576,968.4937103217233
Rice,910,30.51256358658446,Medium,No,12.782852520814341,795.497806274499
Eggs,344,22.91944838530978,Medium,No,20.70274199669658,269.4301732918876
Bread,947,39.738399545744755,Low,Yes,47.706966898919454,686.4050028043264
Bananas,549,6.729154053757637,Medium,Yes,8.513572885246624,857.6963931103326
Sugar,346,23.076075585272644,High,Yes,36.955366808201674,600.9070414562312
Yogurt,619,40.95830387687882,Medium,No,6.489190928519287,571.6877318993811
Butter,240,28.521376908726648,Low,Yes,21.31417260508846,358.01078620906407
Bread,461,29.75174334493718,Low,Yes,39.65669436711845,369.3834174920337
Tomatoes,107,9.372410688468449,Medium,Yes,20.476820139725866,394.4719940290009
Butter,577,10.954875025404112,Medium,Yes,24.36269269939096,788.968403951806
Bread,451,35.46498224146036,Medium,No,45.73870377203431,327.7888986513335
Flour,594,35.37709800304639,Medium,No,7.977609109368412,554.1999569161324
Salt,705,49.0596527413523,Low,Yes,28.744804634454557,645.3850436722735
Yogurt,932,37.03788446294977,Medium,Yes,21.480690136603027,1007.7860908948625
Bananas,526,27.195957317005128,Low,No,48.37152521826639,164.80588640958166
Yogurt,138,43.57975205900988,Low,Yes,40.716042323821604,173.97805935868286
Bread,692,9.70128436171713,High,Yes,10.493454981494246,1004.3027086835741
Salt,286,25.218311940331454,Low,Yes,46.73343905251574,251.96235264801282
Tomatoes,695,17.91990999174064,Medium,No,14.504598385419593,618.6521240843548
Bananas,699,9.708701311743152,Medium,No,8.816793959066906,701.3167119496397
Yogurt,853,39.35759381241648,Medium,No,29.371697590752156,705.325312182302
Bread,953,27.985641372449773,Medium,Yes,38.148420648932564,945.4511310954808
Milk,192,30.05459239538708,High,Yes,37.22229002732954,499.1378221135976
Apples,185,23.506483455964805,High,Yes,29.032523099482834,567.8670250775975
Bread,143,25.715175422123085,High,No,27.173186348886617,295.17611036292084
Bread,236,10.22078242053514,High,No,48.629475378641864,166.36755260473234
Milk,520,35.28130209291394,Low,Yes,41.9251478796274,465.42012443998595
Eggs,173,24.46013118223462,High,Yes,36.43880171643677,543.3703825929264
Cheese,647,41.75454079083125,Low,Yes,13.784515860183886,685.4684312870797
Flour,712,13.832924006438425,Medium,Yes,41.889681096199304,781.7404251954514
Tomatoes,611,14.22747920384761,Low,Yes,38.7401334582213,576.3482769130162
Rice,255,34.05918071888095,Low,No,49.641196989995,10
Apples,354,43.070154052882856,High,No,10.984779857035642,531.1679479846416
Tomatoes,270,26.24890273781789,Medium,No,37.188292817661704,167.31467946367982
Flour,827,37.712924092989496,Medium,No,49.05874368650865,545.88477497286
Tomatoes,269,49.96984646718885,High,Yes,25.816686226001146,591.2854028105354
Pasta,863,49.56195378780176,Low,No,38.00346995417057,480.7923467432727
Salt,971,38.4951579269765,High,No,48.89167927454436,869.699729717075
Salt,421,38.28139203552119,Low,Yes,29.636820225769835,392.4003556116535
Flour,666,16.142849923950756,High,No,36.45687176163956,660.950403967368
Flour,555,42.50928341946982,High,Yes,5.903816450544317,952.8549283610168
Rice,702,23.229595717120425,Medium,No,28.38492975318999,602.3053864453569
Potatoes,889,48.28972594400702,Medium,Yes,16.5110182718874,1054.386844975045
Milk,712,8.664245991812098,Medium,Yes,10.906008905774396,883.0095073686151
Eggs,254,24.612816599272673,High,Yes,36.886913810659756,539.2325590898758
Sugar,988,30.012821945757437,Medium,No,6.759027000875383,876.0108661478455
Bread,448,23.23202931887742,Medium,No,45.7189318209676,253.66334460540355
Yogurt,550,14.47606357272245,High,Yes,28.299814694187905,829.309440141173
Yogurt,975,31.684481995212945,Medium,No,34.17035518352205,753.7179186598942
Pasta,752,39.016306158131194,Low,Yes,16.40456596068199,724.5274078721994
Apples,272,34.01773682090884,Medium,Yes,13.198685841018152,513.2739575553295
Pasta,109,15.550198196361778,Low,Yes,15.968912950040627,225.8626268362144
Milk,839,37.92235749658358,Medium,Yes,15.4531845951932,989.7516330567281
Bread,364,16.560401272005347,High,Yes,43.90257327320533,611.4938827478306
Apples,537,12.884106331581801,High,Yes,40.430273065810184,763.7675378498432
Yogurt,859,36.0800606947425,Medium,Yes,43.37314403558144,827.0378585396284
Rice,346,42.92542607512681,Low,No,38.06924196462791,16.869454989084616
Bananas,766,26.66927514634585,Medium,No,33.95976626589896,628.6125429176249
Milk,645,28.9126306912297,High,No,28.754361037880074,649.1100488305412
Cheese,598,18.62364067120546,Medium,No,16.946682187095895,615.6695420574089
Milk,228,27.25781067995145,High,No,36.74133309772021,308.2481708984528
Milk,771,10.939234910558325,Low,No,11.1462982348337,610.4764763610797
Flour,700,48.01238733573455,Low,Yes,27.997769460520434,675.8095774149539
Tomatoes,704,41.01622941454683,High,No,13.78736458275272,778.510547109572
Eggs,426,35.05878773699831,Low,Yes,27.71416871957564,416.7700357918233
Salt,852,29.218746725798134,High,No,18.225833579345974,846.5562612784767
Milk,934,40.647611130258404,High,Yes,7.406585129141884,1273.4327992987394
Milk,503,27.264075781361193,High,No,27.66690557887909,558.3844556861438
Flour,728,18.498825866953965,Medium,No,13.182359391497856,675.7338213325379
Apples,705,12.216840582500243,Low,No,12.25197646561189,521.0704025291525
Potatoes,774,34.14135149608133,Medium,No,22.296465395496448,651.3262289062511
Tomatoes,710,46.82415852619314,Medium,No,21.28042210340135,574.0300837708546
Yogurt,724,11.912834907695803,Low,Yes,44.01310395255207,633.5591369138599
Tomatoes,458,13.100812027286304,Medium,Yes,30.408666030216896,601.8606584162028
Sugar,702,24.51227150342908,High,No,43.45553426606375,634.7832708594959
Sugar,957,41.310470656386,Medium,Yes,11.607604436393416,1108.4284606889714
Sugar,817,18.226522803717707,High,Yes,21.078962152503983,1087.3230256301529
Rice,116,16.426081610151265,Low,Yes,29.98983279215974,130.1023594842299
Apples,373,32.898483115827524,Medium,Yes,11.890763123447638,653.7145679614545
Butter,784,29.102665184344936,Low,No,10.762567984616247,596.4836923821979
Sugar,215,7.709916400035632,High,No,34.76307191953896,239.3961994542741
Rice,960,8.667048978917444,Medium,Yes,34.42252868614408,960.2550959099747
Yogurt,792,33.93558410831447,High,No,15.537139883867244,899.6628970510719
Apples,190,25.93056196165008,High,No,15.220559994750838,369.89295940053813
Rice,181,48.69397362151162,High,No,38.545060069853776,227.83425103808625
Rice,423,35.53391348285291,Low,No,10.264452773836787,256.51927717790255
Rice,213,5.4533147896954155,Low,Yes,46.54685735044954,154.01797632720553
Tomatoes,868,26.64584509102078,Low,Yes,47.46823344682297,687.9033809511833
Flour,157,23.650157076596578,Medium,Yes,44.194654542616085,322.0343309235927
Potatoes,253,9.80212369971959,High,No,14.480478456195163,424.62620708773443
Salt,976,46.54439761424855,Low,Yes,5.756078739823828,997.0559300705481
Sugar,503,41.22550845867757,High,Yes,47.15108788213534,749.0030208151815
Eggs,727,15.353865878900084,Low,Yes,20.478732230908008,704.1150604926241
Cheese,954,16.519134147934874,High,Yes,18.968461924475577,1219.184370323408
Sugar,365,6.440812399375293,Low,No,16.775491107071723,235.03394509302404
Butter,414,18.352285321056844,Low,Yes,16.004127787200044,464.0161093994735
Butter,814,31.307990401100913,Low,No,38.05489806987455,450.61309929205106
Yogurt,140,23.93795247740007,Low,No,45.85521328193417,10
Butter,204,48.61649586738564,High,Yes,40.3725364670851,476.82155831708724
Apples,989,7.523607616865189,Low,No,35.334858468125326,642.8142999910546
Apples,292,31.61435715045548,Low,No,17.94909032651436,123.81326347590735
Eggs,500,43.62392482281716,Low,Yes,29.61335638824967,534.1088661668527
Cheese,377,26.633341058437516,High,Yes,15.663522768122156,710.6016789650573
Rice,453,5.133322425217857,Low,Yes,10.01781968931309,561.6929260711341
Cheese,848,15.926067492182383,High,Yes,10.413183308023745,1124.0054088594134
Potatoes,832,19.56960390505848,Medium,Yes,32.16960973571747,873.9408448804567
Rice,679,48.46975225508581,High,No,6.7315846449563415,764.1026370888196
Salt,808,46.029797682741474,Medium,Yes,48.79645231116279,771.3941503887999
Bread,355,47.71267272984336,Low,No,49.79599085734361,10
Milk,750,42.159130592763574,Low,No,11.724111106224381,518.147692445711
Pasta,923,20.824148035125695,High,Yes,24.228608436413186,1170.6588789348066
Eggs,760,45.764438994329026,Low,No,39.56342083499668,341.34358234920506
Bread,198,49.1758027671672,Low,No,47.97800721286395,10
Yogurt,687,20.75320905237288,High,Yes,45.10945284991543,939.9058952071271
Flour,381,16.7250184693902,Low,Yes,16.463983275169895,473.9946885554309
Cheese,982,29.61123317519996,Medium,No,8.833862021432681,822.0928371797837
Tomatoes,502,13.42184866695185,Medium,No,17.99282123385769,412.91099355444203
Eggs,208,6.46808996328711,Low,No,24.675684939485432,46.56465768211511
Pasta,799,47.562402700214136,Low,No,21.1972242745726,512.4526584342572
Flour,298,46.65832845986387,Medium,No,39.82411053048553,148.32699906661404
Salt,402,12.319423419295447,Low,Yes,16.600454955424578,548.2374622198687
Tomatoes,426,23.348311111837376,Medium,Yes,43.638670208160136,589.4943580293403
Rice,253,42.39663409727085,High,Yes,15.153549242305285,647.5024359443464
Bread,651,34.74501344693839,Medium,Yes,21.260842022181713,823.3119891434245
Bread,744,22.765437912682128,Low,No,25.151408047488413,485.75522594584703
Tomatoes,504,38.48769487322686,Low,Yes,18.104816414801206,575.1082646737079
Flour,561,45.36713246945859,Medium,Yes,39.486750665595494,609.4801207840761
Yogurt,231,46.67712487366406,Medium,No,23.42962451376223,252.4967915109729
Bananas,890,22.048232536498507,Low,No,44.91615980416343,474.3371688239013
Apples,973,12.81023060327685,Low,No,48.36148963409437,542.8471989586432
Tomatoes,183,46.07774861872888,Low,Yes,43.691321864525875,154.96582167485548
Milk,498,9.164995063746272,High,Yes,28.518132752442117,797.0362535369535
Cheese,853,37.47597760526737,High,No,27.94137811762208,832.3072544073918
Apples,727,11.322379168736074,Medium,No,14.714269127627682,616.7908975636881
Salt,208,22.522408460046147,Medium,Yes,31.652494811304887,337.74173113824304
Sugar,320,23.52000859452623,High,No,47.872657644804576,298.4752931983022
Bananas,652,12.144106180043751,High,No,8.62729374411839,745.9786490816881
Bananas,467,46.52066453029754,Medium,No,38.86058364552855,322.4618598468077
Pasta,246,5.120067560417882,High,Yes,44.12927994457334,536.6072712582738
Butter,211,45.22138444474838,Medium,Yes,49.40165680230413,299.58542435700616
Bread,714,44.772319556396845,Low,Yes,20.064097209511864,742.9405978908738
Pasta,657,19.26336441641007,Medium,No,21.000836580574614,560.7773045230329
Sugar,593,36.6927921445674,High,No,15.339885874571712,635.6096492664809
Tomatoes,604,16.376401008424196,High,Yes,40.50786316915608,815.7631564003751
Sugar,574,39.14481030142723,High,No,11.30178202016059,718.2477177541338
Cheese,935,30.250388380448452,Medium,No,17.049513258420852,741.0995993288553
Yogurt,989,18.510145441144626,High,Yes,18.28680609967133,1237.689806969572
Flour,370,23.010563913694458,Medium,No,21.871877842561407,342.39918986711444
Tomatoes,520,36.04499295072816,Low,No,23.97492066253684,357.6701702477852
Cheese,996,45.774385233970236,Low,No,30.156123415093052,659.3799194153779
Sugar,806,10.882693245527358,High,No,47.67679946740148,704.9531475411635
Bananas,466,30.711378635112073,Medium,Yes,16.127588642485993,692.4291442604224
Pasta,379,16.417813975570287,Medium,No,40.064926501654504,187.73559969539454
Butter,382,41.061751244395666,High,Yes,35.43756299907759,626.3896438052353
Eggs,139,8.160678764126647,Medium,Yes,10.222260338641252,475.53702905804937
Rice,288,36.00301055770264,High,Yes,41.46695381122038,559.8987475647364
Potatoes,263,12.87257061609634,High,Yes,9.07753008334392,717.2382998731541
Milk,635,31.837343828145315,Low,No,38.25168033404386,301.8463660260289
Pasta,635,42.60616642367114,High,No,37.21040353569894,600.4921721822243
Bananas,103,38.978629795475584,Medium,Yes,36.02308377366805,285.88318568828595
Bananas,934,38.882429945763676,High,Yes,17.451155457029763,1158.8219522140253
Flour,389,28.303039048410735,Low,Yes,30.80151452705573,386.1730986701681
Tomatoes,532,45.08355163323746,Low,Yes,39.27100058600226,419.38008231050475
Bananas,570,31.464733920889906,Medium,No,33.69163752178326,403.2215517284914
Apples,280,46.28830858473068,High,Yes,41.19375742451152,580.7642088612131
Sugar,347,29.593510602458792,Medium,Yes,35.95470642166729,477.60714327550727
Tomatoes,727,27.768450335900134,Medium,No,17.350244964150416,648.8397342697222
Milk,378,15.005885864464151,High,Yes,11.88754451704121,788.9181711059384
Cheese,976,29.515399431359224,Low,No,33.439054385666566,587.3002783491895
Milk,680,11.326317406200364,Medium,No,39.18912713918247,462.1341444027348
Yogurt,962,44.13605905667954,Medium,No,11.4045328564535,828.5076366171119
Pasta,353,35.4151349918732,Low,Yes,12.866920603808973,455.8531828644343
Milk,280,49.71359518218239,High,No,5.543120626628281,488.83220259949513
Bananas,929,9.14438425057354,High,No,28.928713146613106,897.6543480783663
Rice,780,15.830273743037909,High,Yes,29.403097148623214,1038.5537869237364
Pasta,924,44.472137191976266,Low,Yes,27.50341063094005,783.8417751725203
Cheese,608,22.786434489601294,Medium,Yes,19.220450846527193,804.9044052500684
Butter,860,25.98363454918539,Low,Yes,24.251505552145346,769.9029647436221
Rice,799,43.72933493244276,Medium,No,39.48065466960361,599.4371977005013
Butter,665,28.482045122747852,Medium,Yes,13.180859656794592,866.9268544570384
Tomatoes,425,13.706413223646566,High,No,14.069654899472502,506.69283202646534
Milk,456,45.14135519344014,High,No,35.014021914946554,489.268097554095
Salt,924,6.397774539036507,High,Yes,44.010539311368774,1095.8013363686252
Cheese,749,45.292832043954945,Low,Yes,20.317706070633633,762.7014074352315
Pasta,779,7.273410200255061,High,Yes,46.97349463159736,911.6378732187051
Bread,490,34.96322140700576,Low,Yes,7.595423312794361,591.9235979946412
Bananas,714,8.22557208539006,High,No,10.333369414465073,836.2538483764409
Tomatoes,184,36.77958436842795,High,Yes,25.69818287719156,572.4090994521906
Cheese,416,6.52870945998279,High,No,37.556835243284276,454.0370919094764
Sugar,311,42.91059774698544,Low,No,21.687663413102417,106.10729675729654
Cheese,614,25.967477791849312,Medium,Yes,29.963628057542067,758.0364334396394
Potatoes,483,9.205426070099506,Low,Yes,6.285680853917055,630.1834816998005
Tomatoes,790,36.80687502545648,Low,Yes,25.78254402520384,730.0554931783545
Flour,441,27.018057087669312,Low,No,15.915899051381372,236.2048320780267
Eggs,914,13.59269864939493,Medium,No,28.236597824113467,711.383561378791
Sugar,943,5.70525682499266,Low,No,28.662494239014663,649.1794318523969
Potatoes,137,23.809921687649172,High,Yes,38.89215176346749,481.7546318863907
Salt,610,8.8533153827841,Medium,Yes,29.292873254010598,736.5077825569541
Yogurt,519,9.237636421125675,Low,Yes,32.64211277500646,491.39542168877495
Yogurt,850,17.02982967632046,Low,Yes,28.834096177851958,724.2690014469096
Milk,268,33.37062337590909,Medium,Yes,49.56698454736233,347.34773244389106
Pasta,442,28.845977385242712,Low,Yes,40.62287128654509,350.3292002380281
Potatoes,925,8.104428871640627,Medium,Yes,39.00402626010227,945.697638558421
Apples,405,48.57940741516114,High,No,33.22667574471937,469.1343349716658
Flour,641,44.9225909732566,Low,No,28.776681469887684,317.04175057476016
Eggs,801,16.66514692153212,Low,No,20.514071282286604,537.054672939442
Eggs,968,10.505235918296357,High,No,40.2785566739695,897.6879915313021
Milk,636,47.40812891406456,Low,Yes,13.532412487423763,674.0427349640164
Sugar,211,25.751380004631493,Low,Yes,6.644700497273861,356.9813186558073
Potatoes,510,19.002513414714613,Medium,Yes,36.41774200376456,616.7216254319834
Yogurt,305,27.066111582433432,Low,No,11.51832635504301,201.59277380040453
Yogurt,284,39.77348650458855,High,Yes,45.672173724241894,536.8297239234196
Potatoes,481,12.577338423637451,Low,No,39.68066241362815,180.00690124323026
Pasta,595,39.53731250791882,Medium,No,32.100997002228496,480.4106525212469
Bananas,478,38.72510545702394,High,No,19.126609415357393,582.8519362932138
Potatoes,146,29.27066921783959,High,Yes,33.70740615904282,447.54056172736773
Bread,985,43.96290299373118,High,Yes,26.458551044825256,1202.6681731384679
Yogurt,839,10.946452017643725,High,No,18.101681051884896,903.7051313752218
Flour,650,31.79655529995529,Medium,No,47.52855396935558,379.33946089061976
Salt,627,25.220437362581972,Medium,Yes,12.285023691492167,759.5024779852495
Pasta,603,24.003145077612427,Medium,No,38.902268723939464,394.629103778146
Bananas,121,16.365248207128644,Medium,Yes,41.00173555513254,280.53370749026453
Rice,312,21.75258455644586,Low,No,47.8307573680248,29.863571233091154
Yogurt,409,9.866784021064959,Medium,Yes,29.723739341097144,546.919350258488
Milk,760,16.321953639417135,Low,No,29.06938224564645,471.14571995169314
Flour,852,17.238429850013716,High,Yes,46.413014405555266,904.1442790037624
Bananas,371,37.43005403570628,Low,No,41.04919667035351,78.24819124118174
Rice,670,7.184769224398842,Low,Yes,39.363641579543184,573.3871938735217
Pasta,898,34.303653866788736,Low,No,40.51116743950905,561.6502993182424
Sugar,301,14.963445940693545,Medium,Yes,27.19314911589291,440.589942833209
Yogurt,131,8.683767766233228,Medium,No,6.863837802397107,215.70388262077097
Salt,542,18.536277248844534,High,No,13.921919764676561,597.7756220034626
Salt,261,15.101279124287124,Medium,No,33.9346439448929,165.08490871851845
Eggs,866,29.841456912793248,Low,No,22.82746632931722,512.7072909288985
Potatoes,353,21.08193815515831,Medium,No,32.30466117786514,329.35938723582
Cheese,620,48.469718408374675,Medium,No,29.82550562335667,461.9711766371997
Cheese,750,48.35973197258828,Low,Yes,24.739713750059828,695.7906804641062
Flour,579,24.967187110410777,High,Yes,15.562760966642578,921.6205898584227
Potatoes,109,40.778935729711684,Medium,No,37.35319508503858,10
Salt,825,5.597084338739377,High,Yes,45.907030838812815,1009.3234656463895
Flour,604,29.65152131261612,Low,No,39.648367352785534,289.33822694435463
Potatoes,884,38.448462753814056,Medium,No,10.401720625496717,813.5053163757628
Flour,935,14.762445143330115,High,Yes,29.20773823249016,1108.0412298047954
Rice,659,7.7527289824674686,High,No,42.591478206451185,644.4257009338319
Sugar,535,12.016352115790514,Low,No,31.594180194666464,294.61616134856166
Yogurt,210,24.883163922823567,Medium,Yes,24.780612241109196,424.6835657833177
Yogurt,252,27.786713934031788,High,No,17.804585741221437,425.5343465931839
Tomatoes,734,22.139830494894582,High,No,19.867583776389353,784.9723145694346
Cheese,968,24.798819516907102,High,Yes,15.897057354410467,1184.6953175052647
Yogurt,201,26.160573182417657,High,Yes,13.807690308695364,623.1970848079532
Yogurt,852,39.62464977204933,High,No,31.498931687847328,789.8477155413493
Potatoes,932,9.735885413494358,High,No,27.92231616261118,903.6830551216337
Eggs,290,39.60277102217282,High,No,38.06748878935473,352.4949591741392
Potatoes,828,35.98822860327492,High,No,18.856829181119412,800.8814997268493
Bread,662,38.37473642643431,High,No,25.737083625910874,668.4198764160154
Butter,903,38.05107736438953,High,No,35.61665985726208,800.6360390426547
Salt,180,26.176631711080265,Medium,No,48.345520327977965,15.81734334524883
Eggs,588,14.513008305240502,Low,Yes,20.699168073822186,584.9543840132618
Apples,994,29.14830069358118,Low,No,18.419399132601885,690.5739646546131
Bread,187,48.109192412409485,Low,No,25.217976691596338,15.150783920933751
Yogurt,293,31.483655662701366,High,Yes,37.57432835585991,591.2362791560355
Cheese,203,5.497121534574992,Low,No,48.26976340851596,10
Bananas,882,7.686990719437579,High,No,29.14413454921802,874.6881665289606
Eggs,195,49.67885451215985,Medium,Yes,41.55981081784653,394.77130265999904
Cheese,522,8.237586165774816,Low,No,25.897991261944703,288.0679930368058
Cheese,990,7.072032202020435,Medium,Yes,6.793570791053902,1185.1302820281185
Salt,297,20.88609212113949,Medium,Yes,45.23950891749648,429.8849123890835
Cheese,100,48.61927414712015,High,Yes,18.044514171433732,568.8016169601899
Cheese,506,19.340381917978956,Low,Yes,11.239953858621188,605.7456056964066
Apples,477,23.44478588938718,Medium,Yes,49.82726722229162,495.4117855146303
Yogurt,266,33.53346775438545,Low,Yes,20.632954832557555,352.0149495906758
Butter,608,6.085032769687902,Medium,Yes,11.144222480196618,835.1705335166994
Bread,737,45.39936098836346,Medium,No,19.01939802972108,646.2588076208461
Flour,412,28.374935789949447,High,Yes,28.12269320523106,698.5971659938874
Eggs,692,26.00649077018261,Low,Yes,8.958068892634408,783.7960423705252
Flour,517,43.732699799298366,High,No,20.867937546375202,587.5510768426784
Rice,862,47.88844652111096,High,No,35.09853902492271,815.3444592327829
Flour,780,24.054135424107564,High,Yes,46.21694022066024,940.178425926854
Bananas,576,12.759848568195382,High,Yes,22.884695805206416,893.6743200394704
Sugar,172,41.70691715009328,High,Yes,30.405391058521126,521.7352784468609
Potatoes,240,23.146718955011924,Medium,Yes,33.62279899851248,432.4724058713683
Tomatoes,681,47.09954927802948,Low,No,8.183906570202302,539.0903363321164
Cheese,361,47.745454272394234,Low,No,20.40012690754927,102.40531678118792
Flour,439,10.167306427461627,High,Yes,35.79143068231309,733.3592818424255
Bananas,407,48.04492852997831,Low,No,38.10474889206081,112.37282515472926
Potatoes,344,21.572164645030444,Medium,No,21.017844957822245,304.0114958722354
Tomatoes,614,34.08136329457357,High,No,5.303131265741168,676.7453153301814
Pasta,436,6.5637536780320715,Medium,No,5.30895201113427,486.37959354296316
Potatoes,674,44.99979233377247,Medium,Yes,29.215400797702387,766.8739807381625
Eggs,660,33.87187982051892,High,No,29.816865343960483,636.9468793396469
Apples,175,33.95995101303886,Medium,No,30.007374456997816,124.25755139001609
Rice,979,45.597927198986774,High,Yes,37.47888796236732,1114.2228896567237
Tomatoes,274,27.87562287083044,Medium,No,46.45712280623614,70.70477952285933
Bananas,208,23.473248816314776,Low,Yes,49.55765934804571,159.52062042635782
Apples,282,43.97579385315423,Low,Yes,36.54800395811955,288.2742891738255
Potatoes,291,38.40892303421292,Low,No,28.129942293078408,56.4688245770797
Salt,164,47.703904923420545,High,No,11.344765924414165,358.4756028967726
Potatoes,948,47.30548519897397,Medium,Yes,22.287883072992557,1026.5512012723555
Potatoes,573,22.204677405210813,Medium,No,30.760549955594637,474.8596781965447
Sugar,882,25.114383056363806,Low,Yes,49.99138165281942,689.9751283976608
Salt,199,16.519322920585033,Low,Yes,10.71417304931585,371.4022284679352
Bread,643,34.72915501123555,High,No,40.68844120191003,584.1926338102663
Potatoes,963,21.404388653999895,High,Yes,49.95230892300863,1118.9559199028126
Rice,227,40.374529097345196,Medium,Yes,41.23810773369796,342.116948823641
Cheese,551,10.469784232890973,High,No,39.52148718003354,517.4076982534177
Butter,468,10.238128302458566,High,No,16.64065116788219,583.0629164260416
Bananas,950,14.20049216387286,High,Yes,5.1513128222401665,1255.3026226415457
Salt,142,8.793148479683607,Low,No,15.16941896449449,10
Yogurt,983,32.90142234552056,Low,Yes,40.54100517832529,839.0723335633495
Bananas,518,11.630874470753238,Medium,No,9.82765393545862,417.56683167678926
Rice,587,12.19833128604444,High,Yes,18.32532686709341,900.3481993415288
Pasta,177,5.6402700678124695,Low,No,30.312737194093202,10
Sugar,925,40.194050658062444,High,No,31.09146351984603,868.7107390775545
Pasta,900,41.553322494056644,Medium,No,29.434491070038387,636.3774133108437
Potatoes,369,12.291008736399787,High,No,49.13975729185435,359.79123452087595
Potatoes,773,38.2785995420251,Medium,No,5.552851804290372,741.1791390123614
Tomatoes,800,24.509530542081183,Medium,Yes,26.941932953567342,844.0570286040706
Potatoes,858,15.78176973344261,Low,Yes,27.698927914752808,795.7325566445022
Apples,999,32.962307363322296,High,No,18.199495990442763,1007.2031448807309
Cheese,827,13.031783345618816,Low,Yes,28.628207404644776,790.1520825364523
Rice,414,39.05976234438659,High,No,35.2975928360259,391.1142745491834
Apples,950,7.142685240674826,High,Yes,35.274015844276086,1081.7707388831848
Flour,988,48.16089198175615,Medium,Yes,8.953563908376077,1166.6312111173445
Eggs,267,8.2343864168881,Medium,Yes,41.1106991299055,379.2726199824399
Butter,438,31.075178866191038,High,No,46.88194235385714,384.63057354736213
Yogurt,292,45.598743055507036,Low,No,10.562533608316855,176.98079614324854
Milk,552,5.5357010981532655,Medium,Yes,23.74881285673942,685.012054469142
Bread,382,27.433150744507568,Medium,Yes,28.02876025041737,543.7641409830757
Pasta,435,20.750313393980598,High,Yes,11.066976020476087,859.042291983221
Yogurt,489,31.114948561605907,High,Yes,27.652282259857447,744.7480478996341
Yogurt,624,15.145582403194641,Medium,No,14.30864764809717,555.0838406760516
Rice,339,7.9204647754276145,Low,No,47.09124308429536,10
Flour,931,33.16698665819182,Medium,Yes,25.181165382165936,979.0926171933224
Yogurt,582,23.758215777203112,High,No,49.770556310602146,540.4375679623079
Rice,758,33.01184924178034,Medium,Yes,7.0930016720359825,996.5809760379119
Eggs,815,14.474261607702932,High,No,10.741133496297417,898.7922255974254
Bananas,691,20.243356832906684,Medium,Yes,24.944486024294658,833.9221820008976
Rice,990,30.275662521407465,High,No,44.34616782193696,870.2769766666343
Milk,654,31.690075024612728,High,Yes,29.98516056625294,887.2590803737536
Rice,557,21.754166349841935,Low,No,37.955444929205285,252.0902073045579
Milk,188,17.60239425274504,High,Yes,24.060342076229638,532.4378407882616
Potatoes,759,17.316528326986813,Medium,No,6.823041613159756,685.6694430732692
Salt,194,12.861470813940429,High,Yes,34.15156512952092,525.407392553102
Potatoes,551,19.643223304831423,Medium,Yes,33.53006557092755,631.4989306835258
Cheese,527,13.974815165594897,Low,No,8.214261447031307,335.35947268697004
Pasta,250,33.52169328034752,Medium,No,12.689666115722869,248.43388795750343
Yogurt,613,30.608014920894032,Low,No,26.42701094995186,377.35094954555063
Butter,475,22.216497065191405,Low,Yes,25.098691448478935,540.112468841821
Yogurt,121,19.66235089718275,High,Yes,38.85878751706664,441.6980861574475
Butter,982,15.692639008758913,Low,Yes,22.433591161475753,933.0516924245862
Potatoes,412,29.095623903170356,Medium,No,34.84851074715491,273.9048106482981
Sugar,939,46.350624395555975,Low,Yes,36.69905930214908,732.5599874948903
Cheese,618,35.85663731250217,Low,No,34.02517367866382,279.5401385313782
Pasta,305,38.49866213160053,High,Yes,31.825650735700417,606.3720942754716
Bananas,474,42.54700386453835,Medium,Yes,41.255756629333256,555.8767933810485
Tomatoes,550,20.823573800203192,Low,Yes,34.56981380676696,503.7098609185181
Potatoes,725,7.829410195151944,High,No,42.53829558855458,654.9444485241271
Yogurt,883,33.01514614947399,High,Yes,33.65084870525338,1054.3991924388313
Sugar,694,13.490253105261468,Medium,Yes,12.15378575934302,898.0018209920221
Eggs,278,30.60696424980498,High,No,18.925043287565156,371.55454808606254
Flour,309,38.27796049206791,Low,Yes,19.865989961796686,402.7929512849273
Cheese,599,40.263723596652646,High,No,9.226196183160575,695.3466306228787
Cheese,563,18.582760411138196,Medium,Yes,36.15379958724665,722.3525694390161
Potatoes,939,28.059495465619182,Medium,Yes,31.78000158473209,968.8107781507383
Bananas,223,32.943429332473656,High,No,31.53897148011217,289.8281562320009
Pasta,212,41.87663247652799,Low,Yes,26.53327855703726,249.11470530328256
Cheese,111,39.26248992972263,High,No,29.440608207492435,207.85963572101258
Pasta,225,49.45888944398166,Medium,No,5.363928119869084,296.66775643140573
Tomatoes,664,5.36381044385049,High,Yes,9.331163124954625,1030.5939931115875
Sugar,430,24.687024838840987,High,Yes,35.750883670938734,732.5145192047307
Pasta,382,16.522001886925754,Low,Yes,16.766006288032248,477.44161162438934
Pasta,239,10.395202421519304,High,Yes,9.856019181857814,687.6670766644697
Bananas,500,46.01818976752331,Low,Yes,19.78948670846181,539.232101641889
Rice,196,49.90829297430588,High,No,16.45171474820097,385.47768641675384
Cheese,616,13.126829355712564,High,No,6.321760863116248,774.3286598980925
Apples,668,6.729502676061362,Low,No,23.47510114882229,422.0764527210742
Potatoes,945,17.377450145622518,Low,No,6.21631382760018,728.9119824394456
Bananas,168,42.568786312987804,Medium,No,5.017588513114238,203.44711920838031
Potatoes,217,18.225053743969255,Low,Yes,40.66131877941992,288.3317648185647
Bread,987,7.560566622392971,High,No,19.173723340591316,1005.7948716047812
Bread,158,7.362148277886345,Medium,No,30.541387319884624,138.84943003828383
Bananas,132,24.23402610662464,Low,Yes,18.398784627228117,250.6282921692085
Bread,417,46.93215753777289,Low,Yes,46.85106637265682,256.95154625729594
Tomatoes,149,17.866419873783435,Medium,Yes,37.813155417521806,313.24070541757743
Salt,979,24.22209563154697,High,Yes,21.612661590366077,1215.3040583142354
Cheese,588,9.587021242217386,High,No,14.478211267383255,668.5302983853896
Sugar,118,27.210775697104147,Medium,Yes,11.201287217019903,399.84157982232426
Butter,825,36.344617892856675,High,No,39.30884077902313,735.1059282816775
Salt,296,17.20176625297488,Low,Yes,25.38665408137342,374.41171177308695
Apples,990,18.352008883790816,High,Yes,15.438352050131577,1293.3048635586713
Yogurt,549,42.888876143282204,Low,No,46.38317320500949,190.96858455150223
Bananas,658,5.466367505622969,High,No,22.554337843941124,693.8737652504548
Milk,778,33.64118188475437,Low,Yes,29.45717218349761,697.4220119357615
Rice,551,22.724808572372762,Medium,No,43.60096329233352,364.41879931994737
Butter,388,18.427123110266105,Low,Yes,42.50187785468685,345.21795290170894
Rice,240,34.59172245097447,High,Yes,33.707913427644144,569.213347221515
Butter,183,42.56008348053673,Low,No,44.98807023819888,10
Potatoes,793,30.127645234790315,High,No,47.8444172649263,695.9928250331174
Sugar,490,6.399257987437521,High,No,47.08013605776003,466.90680776023146
Eggs,690,25.763053587150925,Low,Yes,20.70533010395277,673.7390399904872
Bananas,314,25.82419734022879,High,No,22.872699329170565,372.33967401674306
Yogurt,625,29.470932266207353,Medium,No,15.822673924159258,529.6030638001417
Eggs,314,35.193150546959856,High,Yes,42.65734296173728,617.3445697016557
Tomatoes,502,5.86932815904532,Medium,No,10.482107265972381,445.4476517991609
Cheese,227,27.590568097988772,Medium,No,20.978751657602736,252.4366249221886
Cheese,921,31.473849622126583,High,No,5.437993851856403,942.0156789286673
Potatoes,576,20.450902388722337,Medium,No,31.75908096307589,418.58463717757496
Apples,859,35.07643519656949,Medium,Yes,34.627293812714655,885.2837437507856
Flour,503,15.2679972708127,Low,No,16.204437538947715,367.2129061584483
Cheese,128,19.281754988035324,Medium,Yes,38.152879353454324,302.7786544697161
Tomatoes,891,48.32399063409467,Medium,Yes,22.16915545640212,971.3720725780911
Potatoes,437,20.663166688751303,Medium,No,19.026998530309427,366.0730430072671
Yogurt,930,20.592539931458525,Medium,Yes,48.0274440474891,909.2253381995029
Potatoes,813,31.805628612040188,Medium,No,31.49116089962492,611.6598278587262
Milk,460,48.693889843702706,High,Yes,16.35437281390219,805.0110742353306
Salt,668,49.238620067885016,Medium,No,49.245896833326206,402.80057064987005
Apples,491,31.08460836543422,High,Yes,22.439733725158614,836.6548924290662
Sugar,317,5.048915891221964,High,Yes,34.15234029157144,653.1674671709495
Cheese,673,45.529544784577986,High,Yes,37.57342616033852,851.0564422210882
Bread,768,30.660708405967164,Low,Yes,24.003311913640815,710.2353464865959
Bread,301,21.469838373047114,Low,Yes,29.116255333322112,312.7074453865426
Bread,116,42.313781345717224,High,Yes,15.790186788873077,548.1927365153986
Yogurt,421,22.99246067075923,Low,No,25.96197900949932,222.69472019087044
Tomatoes,617,6.5320027790119095,Medium,Yes,18.986003960602794,801.3039385901833
Pasta,669,41.94825003756584,High,No,29.635606986298466,600.3284092149443
Tomatoes,424,29.563673045889303,High,Yes,35.145065274261356,721.4854326937572
Butter,511,20.21645922008883,High,No,32.63023403871498,495.07087415976736
Flour,417,16.290156935923306,Low,Yes,39.95225422739979,354.2364386814206
Potatoes,780,31.720885673694152,Low,Yes,6.868851313162297,829.748241548854
Flour,181,14.362229670129507,Low,Yes,8.53685424759481,342.4180382098844
Butter,573,19.573289895065145,Medium,Yes,14.239134783254558,803.5997371570185
Pasta,567,33.64386392362926,Low,Yes,49.36111400988968,421.6499190197692
Cheese,524,44.66950026826694,High,Yes,41.01206237352405,712.8065245115451
Apples,830,28.980064777621944,Low,Yes,46.585445776154216,657.2334569778454
Salt,788,39.15978792345916,Low,Yes,17.244065819245627,803.9103570113268
Flour,303,39.33772716933689,Low,No,30.823542312848147,87.50361098355545
Sugar,682,34.895927869672406,Low,No,29.969815831526628,380.91739714520315
Eggs,486,16.062725195623294,High,Yes,30.62835280203233,817.4057690321124
Flour,877,44.00548691676089,Low,No,37.290512339131254,527.490382130118
Sugar,197,24.632404503780492,High,Yes,22.729101411395437,605.2927577754156
Apples,444,6.989483477106526,Low,No,35.474466208690885,138.9934125175348
Potatoes,902,16.007570153128633,Medium,Yes,40.47966698574623,934.6950511139405
Pasta,307,39.44967593446921,Medium,No,18.008295619922286,279.7629365394086
Sugar,613,8.111000111787021,High,No,47.55844395747448,536.7039532354614
Bread,735,11.631398096971004,High,Yes,28.312160661616044,970.1469535051182
Flour,891,36.2402067218767,Medium,No,37.97432166984857,649.6567913732886
Salt,685,45.167035537739324,Medium,Yes,37.80162050837334,717.6357670347421
Salt,265,33.517940227593655,Low,Yes,30.43594935894871,298.15391208999176
Flour,121,15.003097422329958,Medium,No,19.52076625926732,136.5063251621383
Flour,253,7.4036193462296875,High,Yes,35.01227578816095,580.2529661654323
Yogurt,538,32.680696214764026,High,No,8.927819299645918,686.0187015340305
Bread,394,7.132936006902379,Medium,No,49.16459244711178,206.9796146153355
Eggs,318,32.57249233737906,High,No,13.279876757872879,449.59557320046514
Cheese,768,15.151097487249277,Low,No,17.394178370117764,459.66148047387196
Butter,594,45.70952280839734,Low,No,47.94976114519126,235.71604436687016
Flour,329,26.379170081931285,Medium,No,13.394361983720918,335.4015629328443
Tomatoes,119,15.077229498936305,High,Yes,12.654171425690905,569.1052367097288
Bananas,652,43.39153924513662,Medium,No,41.20411909379719,479.04112638426506
Apples,247,16.431592930137874,High,No,16.307967716609987,369.1887291503214
Rice,207,18.796958443619395,High,No,9.262696460613224,411.57523133246787
Flour,502,42.54250545749551,High,Yes,15.198936251522097,825.4123067995238
Cheese,695,18.895641341026817,Low,Yes,44.97681135709392,591.3482981693033
Milk,582,23.45736961537868,High,Yes,17.614363345432473,849.0152600918749
Apples,466,20.644955184148998,Low,No,36.27772323876638,205.20937609616956
Milk,933,10.238014302366913,High,No,22.78126532657639,950.2544718309229
Salt,513,6.750311551107177,Medium,No,16.795344519578794,445.35774863249026
Rice,408,37.60433033274416,Low,Yes,11.482133321870448,502.17735949635886
Butter,901,34.03117057710743,Low,Yes,48.748627784952646,682.9955755860914
Rice,934,17.70647303984257,Low,Yes,28.450199492048835,858.9236598381966
Bread,233,18.301960624319534,Medium,No,10.163974693557357,301.0360194514335
Tomatoes,818,47.52526023539066,Low,No,13.94662892360208,530.7548352891662
Flour,382,49.44520072550715,Medium,Yes,23.32836849726504,525.3330974446167
Flour,877,26.304570645516208,High,No,29.487673697676215,873.902460709868
Bananas,172,41.11032854666721,High,Yes,13.180855920785785,659.3756738680813
Pasta,580,38.15086441412144,Medium,Yes,17.497776099983096,772.2690989910866
Yogurt,451,18.379296928042113,Low,Yes,40.26678463024549,417.32967303951506
Tomatoes,659,7.635321973421526,Low,No,23.786671994918784,394.4877616639299
Cheese,425,11.415031571072301,Medium,Yes,5.063106552247503,714.3777916296323
Tomatoes,844,42.723235265034354,High,Yes,7.427312978290557,1177.2234560332172
Pasta,542,37.90462189983265,Medium,No,24.769780082287784,435.3216005648003
Rice,199,34.8950680008025,Low,No,7.705298191317718,143.72179070344535
Apples,158,10.879197426349174,Low,Yes,12.825698531529863,312.13425131021097
Bananas,607,33.79688093527361,Low,No,37.75443991988348,289.09736023739447
Flour,357,39.7468549171902,Low,No,26.617272112470687,127.78132046885612
Tomatoes,512,43.72707874371308,High,No,26.710786992316525,552.3723474035376
Tomatoes,551,5.59540756371282,High,No,31.919814132413467,614.9645336903452
Bananas,164,35.801379584531496,High,Yes,40.48334006679642,465.25979080459877
Cheese,694,5.859394502144199,Low,No,12.136367798661693,496.6673153309777
Milk,253,36.80927804945473,Low,Yes,12.78714171267075,375.52571474870126
Yogurt,365,33.60296141294022,Low,No,10.46317326015596,211.9472738853249
Milk,920,11.675653831353763,Medium,No,47.157317476017965,602.1373852346167
Butter,178,39.47547881053086,Low,Yes,30.978060063649018,264.9491846898379
Bananas,414,8.075642818536101,High,No,9.16881903293602,613.3669037830527
Milk,761,42.187944818508505,High,No,14.929050240573266,850.5320859564262
Rice,659,16.786816018170306,High,Yes,37.651552246078055,848.3732646889483
Yogurt,990,35.998333803529924,Medium,Yes,6.304625546789508,1185.8253130035655
Flour,347,46.566020345984164,High,Yes,37.6545001094138,675.0506128906973
Pasta,889,20.292216110305205,Medium,No,46.01589881867271,652.3190702796676
Rice,967,27.630233507318863,Medium,No,7.537179459712425,921.5336583233877
Yogurt,709,25.840311527770268,Medium,No,13.38892005913514,661.2707021882323
Cheese,513,12.092510707829065,Low,Yes,5.1070370726106775,603.4203311816336
Bread,124,31.564040472084276,Low,No,9.906373156570424,49.115070094071996
Yogurt,383,38.43508633344266,High,Yes,32.76461843025092,642.7490836887671
Tomatoes,548,46.259367301571864,High,Yes,7.016800835261103,912.2650880179172
Bread,980,43.28611707422808,Medium,Yes,24.16257839688464,1051.0324623361407
Salt,400,27.950872087761425,Low,Yes,27.6530794947568,423.21972060873816
Cheese,167,37.35577195303706,High,Yes,45.79830942226443,449.8228291022413
Butter,106,41.035253601825175,High,No,26.343065998121872,178.80437339674378
Potatoes,916,27.206992118225696,Low,Yes,11.414548361517747,907.4966237305724
Butter,236,10.19424023169205,Medium,Yes,18.018149658394794,510.08208652214614
Salt,263,24.706884373131686,High,Yes,35.24879145462115,594.2538107171058
Sugar,182,42.91151171907042,High,Yes,10.045211460024394,648.3313762578409
Yogurt,996,31.848863242718075,Low,No,15.428424545093396,711.2711934848728
Bananas,749,37.600626965420254,Low,No,49.80997044819172,319.9731097770076
Rice,519,13.33706099686644,Medium,No,5.249055691085861,547.3303176014186
Butter,172,48.395199569495254,Medium,Yes,11.848249093845713,445.1697612873173
Rice,336,23.183623827198925,High,No,42.965862856711716,369.41056540980935
Bananas,145,34.413598522297804,Medium,No,9.562191045033849,213.80148411251585
Milk,717,5.849251456577237,High,Yes,6.513845251305363,1086.2544836115544
Tomatoes,899,10.72936680148811,High,Yes,10.459053673373901,1188.4701946996609
Bread,361,40.191542144821355,Low,Yes,36.211873491402,371.22912468672206
Apples,275,48.55862504841146,High,Yes,49.68997393202523,514.0423012059239
Apples,265,19.40249097749652,Low,Yes,31.578600460758683,357.49484250527
Bananas,756,6.673133072356918,High,No,10.594232107654408,864.278850845338
Sugar,941,21.23899708910619,High,No,13.270044693255498,994.1277847126722
Apples,469,5.786065862555118,High,No,29.19569038491275,482.3704506822488
Flour,894,13.656789151811111,Medium,No,37.20461842335275,681.6630446931725
Flour,153,38.86124067741823,Medium,No,34.83104822483402,69.31829093738698
Bread,789,47.16897791479233,Low,Yes,30.862692424599626,728.0950175718791
Bananas,518,8.935208796599898,High,No,49.382139912182126,473.06222933556194
Yogurt,855,30.105535046472916,Low,No,13.911527758391907,628.9477891155817
Milk,606,16.424638075581438,Low,No,12.780679598126273,476.6621363904363
Milk,440,11.25766066072683,High,No,43.65775446882774,404.131528161931
Apples,226,14.854110345120088,Medium,No,18.086977821583506,261.33925250528404
Cheese,508,30.999338037396836,Medium,Yes,19.96368697236967,711.589691123764
Eggs,466,7.931052564978247,Low,Yes,29.69006629974495,529.7629858552522
Potatoes,370,24.53983682757879,Medium,No,22.157365967880125,344.1047888477581
Eggs,743,11.085253292982374,High,Yes,17.943819432794136,1067.1805880318504
Tomatoes,704,17.270467357751667,High,No,46.2728867561316,648.7439294713357
Milk,478,13.583944838446875,Medium,No,10.817339583590181,499.1593129318357
Butter,172,44.733897492390376,Medium,Yes,23.193040253223856,442.8989545555106
Apples,347,36.86050988920803,Low,Yes,5.133517641972094,458.9208009639409
Rice,959,44.08081605263617,Medium,Yes,41.335414698456965,926.7123551496373
Yogurt,884,22.25582755464616,Low,No,12.578848074317712,685.2364294355035
Sugar,142,19.103601418415153,High,No,39.784549856714804,146.36400164533597
Bread,476,22.126423770399516,High,No,11.68714015151648,608.759210031274
Pasta,140,5.834668807598336,High,Yes,23.75324813829215,544.8032244962651
Sugar,269,37.61169238168512,Medium,Yes,37.768322232631206,402.24518625386645
Pasta,311,20.739760560278523,Medium,No,17.186396142866705,349.9265799997368
Bread,592,19.099571160955627,Medium,Yes,19.12627065242265,782.6969946174563
Flour,779,31.91634794167398,Low,Yes,35.029512264951194,670.4748415650499
Salt,138,24.63124602694174,Low,No,13.446544263451843,11.819376339353465
Apples,468,49.13795157007543,Low,Yes,47.83029721858181,369.1343054768459
Bread,856,21.03138693044606,High,Yes,13.49544578858297,1191.7856987079454
Salt,250,32.6253128993561,Low,No,38.74979571758992,10
Butter,210,19.02429952743433,Medium,No,41.11694911731476,98.87049462197406
Yogurt,579,49.57677410947955,Medium,No,21.846669782334676,458.319753368246
Potatoes,535,25.029996562405767,High,Yes,12.030761330197208,916.55236021049
Bananas,146,33.53579648900613,Medium,No,12.465658214611153,197.26092635356886
Cheese,674,10.702475192870468,Medium,Yes,49.345266380406066,665.395873518649
Butter,836,37.986089668864615,Medium,No,37.64344714441019,642.3822047233105
Rice,465,17.11445260440299,Low,No,25.25213465111581,288.36339971983284
Yogurt,168,25.187596377335236,Low,No,16.580740512434758,40.37243828511991
Tomatoes,398,44.7409878047356,Medium,Yes,5.850955523511423,675.8388577734547
Milk,901,48.674863169829564,Medium,No,35.17087355571205,637.460162015099
Rice,395,24.105744582816065,Medium,No,48.06123560063158,235.75663546664674
Potatoes,302,42.566120057952496,Medium,Yes,9.807944348010757,585.2024447387939
Salt,160,7.4007047547437335,Low,Yes,38.95210612325761,169.75598262197036
Sugar,929,43.14083134056182,High,No,11.89565992669662,939.8465091276761
Potatoes,413,33.327964496869235,Medium,No,40.64473321968248,315.9394589618028
Apples,260,26.991777577622088,Low,No,21.675778029447976,97.60832814613912
Tomatoes,430,45.04836673117615,Medium,Yes,37.042770994604524,508.73182278496733
Cheese,627,43.04017501278862,High,Yes,46.68270819529329,822.3327002895983
Rice,437,18.36252931791074,Low,No,32.906263771495745,182.77713586779984
Bread,705,40.61697720551409,Low,No,46.43145609285833,313.301000842763
Potatoes,403,9.477092014806768,High,No,15.576096917789496,569.1376882697801
Rice,602,42.02437709603166,High,No,49.016021424448496,437.1248116902849
Yogurt,749,35.39550281104627,Low,Yes,44.27816323882812,555.9002440668057
Tomatoes,437,8.953984891937424,High,Yes,9.840800036342902,887.2955691084156
Bread,649,35.73860780633609,Medium,Yes,23.609288498023226,779.4165901133059
Butter,738,31.123367450436657,High,No,46.71632858209751,628.4535049379341
Potatoes,374,31.754754551527018,High,No,8.515191417123782,500.61395598863726
Rice,263,18.088877080836433,Low,Yes,25.41932431087605,330.07442037968065
Salt,542,16.99237400057804,High,No,37.561719289151306,546.8128907242512
Sugar,418,39.3140800424309,Low,Yes,6.505128946957604,575.4417545038515
Tomatoes,688,16.55660664577576,Medium,No,38.87739067881368,508.9080985387231
Milk,603,25.08180133144544,High,No,21.254116000212324,654.5042823416633
Sugar,785,36.26550493694531,High,No,16.221731745446267,840.9288913603846
Rice,486,8.582731309734699,Low,Yes,30.91875129365738,513.199534744184
Tomatoes,969,31.754677217524574,Low,No,29.49490474875744,638.5847280630221
Potatoes,932,31.521936769165276,High,No,44.327267878996125,826.845735960089
Yogurt,987,35.79029198996115,Low,Yes,35.420132108279034,852.8416489430008
Apples,702,21.64676428875464,High,No,23.983895386378766,713.4173245592153
Sugar,849,25.204089832872786,Medium,No,34.25622853874408,614.3328480149886
Cheese,875,19.848619127511213,High,Yes,38.756661582657415,1010.5622003516266
Yogurt,790,41.36757112349491,Medium,No,47.17978610517965,537.2362725486062
Eggs,593,10.877484201625961,Medium,Yes,36.69177156323975,700.4508021810407
Cheese,589,48.33292791088984,Low,No,29.474256000197048,332.4913905216868
Butter,820,33.56762701906479,Low,No,21.78410373228211,547.1476233965528
Rice,172,44.910802597647915,Low,Yes,45.116763452718956,171.08692491196004
Potatoes,608,24.180415621914392,Low,No,40.66338355893107,267.0764754751299
Bread,489,19.95255816763985,High,Yes,8.473157024933176,911.9832096946038
Cheese,718,45.53266145557926,Medium,No,36.47935422059412,489.1927828113292
Bananas,956,9.449286299433625,High,Yes,29.243731071285378,1162.0511259375785
Salt,394,10.2698254177375,Medium,No,9.663976699531656,356.80063566631657
Yogurt,468,18.47060494181048,Medium,No,30.42323978238411,363.99603830034437
Potatoes,895,48.189874179484335,Medium,No,13.662766991585185,810.3348224735629
Salt,964,33.488087443929814,High,No,36.86651980576579,872.2296767516892
Pasta,793,29.938716347692917,Low,No,17.530758779805126,553.4315976923248
Tomatoes,648,36.741035135993926,High,Yes,11.765477014998222,999.3976537797516
Rice,748,23.78635502351748,Medium,No,8.688781352899401,675.9501413445635
Tomatoes,949,39.11330756393596,High,Yes,27.085975823919583,1148.614032787897
Pasta,667,22.69538140877949,Medium,Yes,13.983564834230739,887.7250199339821
Eggs,286,42.18634331854091,Low,No,43.48075265094205,11.803286760255446
Rice,952,17.028278693442704,Low,No,5.135049721998453,708.882738029685
Butter,869,17.489599668411092,High,No,42.96374553219187,730.0123261278798
Cheese,544,28.507248744203082,Low,Yes,28.449158262755336,534.9059818210561
Salt,669,24.38425212627808,Medium,No,46.49654949611093,423.06873174321373
Potatoes,462,34.16521299281129,Medium,No,14.20750657850533,426.1568103181692
Bananas,222,21.393083960311053,Low,No,9.602320944389753,75.25917580506137
Rice,287,15.374779208166506,Low,No,33.12311941524855,87.51959904501285
Flour,841,26.141385329730547,Low,No,36.80273388832758,472.8063036754815
Pasta,779,30.243042477371578,High,No,21.76632768216563,800.8866394845287
Eggs,519,11.417002422336068,High,Yes,5.615607811724149,906.4255532683562
Flour,725,30.05233815799244,Medium,No,23.31331062828334,590.0857366037985
Rice,351,19.36655173615536,High,Yes,15.520411594017148,747.1884594516547
Tomatoes,718,22.660334819082856,High,Yes,20.636133862036207,991.4914464859673
Eggs,648,17.569315807847655,Medium,No,27.803950636854907,514.1197364098015
Cheese,434,46.913464750687695,Medium,No,36.60538231816861,332.3050987704129
Sugar,191,35.750132657609626,Low,Yes,48.34513788477699,90.69798515825087
Yogurt,629,16.810714013030754,Low,No,11.479992997462865,442.93152903801035
Rice,965,34.026410054837754,High,No,35.59547419360919,853.4454419959906
Tomatoes,162,43.18575843119208,Medium,No,15.494515331611073,220.62924382138004
Salt,761,23.07335937497459,High,No,14.93171166903457,817.1829429422215
Potatoes,611,42.348087912028205,High,Yes,33.509933588595686,818.6616508692614
Bananas,238,11.948672495299657,Medium,Yes,39.91997846136522,378.3574703149542
Bananas,797,42.02516141897756,Medium,Yes,49.00041690841981,782.0743624804716
Bread,284,29.313240920256487,Medium,No,39.59738646114661,247.82512096144745
Salt,304,15.033851960449194,Medium,Yes,12.079173570348877,511.9929052281429
Butter,871,23.321362305016013,High,Yes,15.14311953471316,1123.4502371243934
Salt,313,49.45968466009776,High,Yes,39.26253627146351,618.5140427266749
Yogurt,355,40.26002074890918,High,No,28.714455671105476,375.0289219910364
Eggs,234,30.878886262330187,Medium,No,18.293360602952234,230.58271153954735
Apples,672,10.182376035703651,Low,No,26.230246084688524,386.85663518755814
Bananas,974,23.80152123056751,High,No,46.169960971155106,817.2367131256955
Flour,921,16.837318130537177,Low,No,39.00197154526926,528.2057047401305
Yogurt,187,8.195048577742561,Low,Yes,25.281398440648765,259.1150018731082
Tomatoes,935,29.399197492369176,Low,Yes,49.12492660905681,769.3876166351288
Milk,306,45.01335649283943,Medium,No,40.769358193304825,208.29537201034714
Yogurt,228,35.40199406783563,Medium,No,5.264190997334699,301.1671668892312
Tomatoes,922,16.235617459123002,High,Yes,10.056526400912519,1222.1173831307249
Yogurt,102,30.81130731292051,High,Yes,29.928595496317786,474.3054649862034
Bread,853,47.4455427506136,Medium,No,20.747937817200835,729.0883065410221
Milk,220,37.53117738153209,Medium,No,41.56514437262737,129.4596386382225
Potatoes,484,36.02632547330438,Low,No,45.30591534450253,153.7586659503856
Bread,713,48.56711748023823,Medium,Yes,15.829287200386108,912.7998518192309
Apples,137,40.94929900328112,Medium,Yes,39.34786184801317,273.8906796405483
Bananas,440,11.148059439443845,Medium,No,29.09288099464377,385.1602541806019
Bananas,744,20.643578913929062,Medium,No,22.638516823202018,642.8164223098446
Eggs,813,48.43133153319587,Low,Yes,40.4051023349493,655.8588112565944
Eggs,959,27.036742738909904,High,Yes,30.42157032670896,1158.5543534773399
Eggs,120,10.02368503945334,Low,Yes,33.58778224906417,182.0921335838725
Sugar,341,25.637219585255384,Medium,No,7.801432522961581,366.713254381864
Pasta,554,36.36469553318604,Medium,No,31.364585542674252,413.60665952189964
Potatoes,720,49.88966997565585,High,No,18.532007224231712,712.6502999404457
Eggs,402,19.575739245344085,High,No,27.198240142769613,455.14291327344586
Bread,695,28.13390936956732,High,Yes,14.990497281897708,1009.829394940042
Apples,694,44.58563170924072,Low,Yes,32.65140441999992,602.4731103554781
Milk,902,20.98702481258001,High,No,11.636097689489695,927.2560770935795
Flour,168,9.916770046588574,Medium,No,10.530676261242988,258.62097426406126
Eggs,228,47.70211437506768,Medium,No,13.478512851550612,238.03862595537274
Pasta,295,26.979836302107504,Medium,No,41.78590439396714,228.58281149520354
Salt,239,27.625266984738726,Low,No,6.509027254539134,151.52465520692283
Eggs,543,32.9540065071882,High,No,37.830975420589894,559.9727754239973
Salt,382,5.159148066645107,High,No,7.542841408632075,559.0625575744691
Bread,411,46.90090290059821,High,No,31.633575739388043,427.3314268751015
Apples,845,21.265298814854376,High,No,39.810131241271336,774.2021705402899
Yogurt,634,22.86193380729569,Medium,No,15.398281818290098,607.6431061277361
Butter,764,12.834916138995574,Low,Yes,13.81761264074879,783.0223056631265
Sugar,376,22.016822598160747,High,Yes,18.013015717354975,763.1298556275805
Tomatoes,160,41.177458884922345,Medium,Yes,36.48259737617364,332.72509662024237
Potatoes,418,40.99962526499907,Medium,Yes,16.467196397250945,628.6241777134514
Bread,989,47.110857840295374,Low,No,27.579649783007962,628.3415882024754
Salt,151,23.14532627063581,High,Yes,11.050974508618122,574.0182254599843
Sugar,955,36.892467668686294,Low,Yes,25.753802177851995,866.4520992712995
Pasta,252,27.82568998434007,High,Yes,33.11278134413585,591.7220671889806
Flour,848,41.18102552836089,Low,Yes,8.231851699341057,875.5215922834253
Tomatoes,410,37.06439041098486,High,Yes,41.6940481871488,656.5229796878573
Yogurt,913,21.555631637882406,High,No,47.184616345856625,805.4494458384016
Sugar,643,20.15032254141616,Low,Yes,13.70964915837369,691.62464024798
Flour,666,16.359910836258543,High,Yes,39.17447355541298,879.1651549703605
Eggs,963,30.9432105719887,Low,No,19.10599980703676,681.453207887653
Bananas,488,48.37292832172368,Low,Yes,35.45260793284591,443.0484847253777
Tomatoes,647,14.00300319279047,High,No,18.800483236823048,709.4982233952162
Rice,721,9.286360470694635,High,Yes,43.80544098048746,917.1777225166235
Pasta,276,10.373028893434114,Low,No,20.619863841307076,111.45761417973091
Salt,461,40.239440431256746,Medium,No,43.19738141378338,274.2479689998387
Yogurt,413,20.75471619280537,Low,No,39.47641573711648,127.30322997403722
Bread,906,15.096507246157087,Medium,Yes,13.834576062677229,1053.0915914411573
Eggs,947,20.877985326807504,Medium,Yes,12.062888643102958,1053.7378224030322
Butter,196,34.039886577328474,Low,No,40.08451481312438,10
Rice,980,29.605420617272767,Low,No,22.563646434582264,711.7744429910074
Yogurt,312,38.461523293455166,Low,No,47.72269261676899,10
Salt,928,20.258336681679936,Medium,No,47.432671911284515,630.030200393583
Sugar,236,25.341285805910843,Low,No,36.206628377495974,78.49700190673315
Eggs,105,9.588576603331557,Low,No,27.526115285260353,10
Pasta,208,8.287639071475166,High,No,13.773528852760373,431.9802385153506
Bananas,646,25.801485927984523,High,No,44.7076731369592,573.4997066804899
Apples,138,18.571847335066558,High,No,8.689907945305592,359.46873637523043
Sugar,761,32.576025746125886,Low,No,21.665807455698253,480.247915636841
Eggs,524,6.935097445005736,Low,Yes,19.364877970506168,581.6790800693863
Tomatoes,729,10.479486991980444,Low,No,48.12929731572392,289.921174630421
Potatoes,360,43.933586499787786,Medium,Yes,10.31521669215198,620.0449370112918
Sugar,525,30.484022968359703,Medium,No,45.056749848176274,317.37338379400194
Eggs,186,37.042454016105225,High,Yes,25.53955844301117,496.6887639285716
Potatoes,564,42.888745341828304,Medium,No,7.137450887805564,577.6950437207347
Tomatoes,175,25.87254543275235,Medium,Yes,37.79898586150606,274.8437149762396
Bananas,570,39.24771727853643,Medium,No,9.53956680255071,603.1316942597595
Potatoes,513,28.606351058308594,High,No,15.665183523046888,636.2795024102376
Potatoes,924,15.023694662316675,High,No,40.9877975731376,785.9192911398222
Cheese,994,20.194527596042278,Medium,Yes,11.962940403888602,1165.4308436230522
Eggs,825,27.065769847504736,Low,No,19.646151945792887,525.7249713165303
Sugar,556,19.259849847752186,High,No,21.244923042717062,607.8007433761337
Tomatoes,384,20.098746110745424,Medium,No,31.496115596694082,235.6409395780792
Cheese,338,20.182677406194486,Low,Yes,40.546998355058435,281.6547825248185
Butter,776,10.527799048569689,Low,Yes,15.386506743981142,766.2185035988557
Salt,698,8.808917324551311,High,No,14.260231372221705,807.2387670453721
Salt,752,7.092321786108695,Low,No,14.985616713081575,558.1415715254155
Potatoes,771,9.993031746545153,High,Yes,22.172534339816092,1013.7171490683198
Yogurt,657,20.46681914610281,Medium,Yes,29.079642315959976,778.0845779278851
Bananas,471,31.72423126023757,High,No,5.605022950769737,577.7051300183074
Rice,594,13.466611724423403,Low,No,40.11339134221264,276.1300806733859
Flour,723,44.96039807011871,High,No,46.70222830842963,687.27106484502
Cheese,144,41.377209405775226,High,Yes,42.95838009686982,376.3251219486374
Milk,500,28.423720076412362,Medium,Yes,6.67330302799671,721.9816285568053
Potatoes,346,37.58944238660119,Low,No,28.602711037426054,136.80998005677782
Pasta,715,21.48478361144413,High,Yes,41.63122000861571,928.4573424003042
Cheese,696,6.655000672989045,Medium,Yes,20.485151086036833,822.8132418811012
Butter,549,45.694978138964295,Medium,No,45.36668200624477,383.7265529600368
Butter,584,10.75070697160199,Medium,No,44.90958553120087,362.8093658840145
Cheese,745,47.65718058708431,Medium,No,11.376703435268922,715.4919207582033
Eggs,719,30.734716471974952,Medium,Yes,27.21338465583668,837.8252691260569
Bread,117,18.750337745964348,High,Yes,6.155036723358467,641.5860990713364
Apples,705,27.29860804903301,High,No,17.683682350033713,773.0571280132789
Milk,761,27.57334140153924,Low,Yes,41.534277710888375,657.0508638754185
Potatoes,857,6.047918574916186,High,Yes,48.88132725559182,1009.4733802319599
Butter,388,20.99569333478624,Low,Yes,46.09954653834649,353.74801691987636
Salt,513,38.29396097943128,Low,Yes,6.916116641053957,605.6876023002916
Flour,820,27.953113502781857,Low,No,46.70287363032801,381.51196004440555
Butter,737,15.990355265431289,High,Yes,42.019167958004324,919.1408087671728
Eggs,334,20.07994370166248,Medium,No,44.046613253783065,166.90232694302543
Potatoes,515,43.83744769021771,Low,Yes,46.16720488785592,391.1830884804846
Salt,598,28.649735156760332,Medium,No,26.9680962896278,528.877968167493
Apples,733,28.77584551480562,Low,Yes,14.50482321921959,768.1697978691896
Butter,749,48.266035657295454,High,No,5.946083909281261,862.6386870919333
Eggs,214,19.439662956648952,Low,No,6.059672182114253,163.36111388373806
Salt,773,26.579350629780276,High,Yes,33.91301402708329,1004.0705693326552
Sugar,812,41.52711189743753,Medium,Yes,20.17760401867458,983.9607488029216
Cheese,333,39.15105119991634,High,No,27.315349354835856,347.40839777647915
Bananas,639,16.960973986790265,Medium,Yes,10.910082968423051,818.2413198105863
Bread,110,11.799097142242363,High,No,48.89810147831441,116.58978859211167
Pasta,305,36.53170592843157,Low,No,10.847434981537884,130.22547780396786
Butter,778,16.594527956323766,Low,No,25.01628546251788,492.4089918488875
Milk,346,46.52041228359085,High,No,24.950908989748687,433.5832297723601
Rice,658,10.816146229515173,Medium,Yes,5.388735034067251,953.3083388734725
Butter,857,19.324184006064947,Medium,Yes,35.05090882671274,927.797038118985
Potatoes,226,7.465426111621119,Medium,Yes,29.21947577033881,415.744115147853
Eggs,246,36.648738808852016,High,Yes,27.38732849287303,606.3697725461312
Apples,217,45.10681920119293,High,Yes,41.81381772618384,437.1680981556251
Salt,481,33.61435372989531,High,No,15.851173403675332,593.0046129115577
Potatoes,511,47.19888569801676,High,Yes,43.749356440313825,719.1173943877818
Apples,763,10.782679032554434,Medium,Yes,43.915039835744736,758.3705393840501
Sugar,683,8.94802672682145,Medium,Yes,42.20880421624705,724.8460444934855
Bananas,462,42.72857290253169,High,No,20.36289987676964,525.6450894865903
Bread,608,43.49800289239285,High,Yes,12.315084793054353,925.0992150418641
Bread,236,42.396778719820766,Medium,Yes,26.382969922094805,455.9217352454518
Bread,274,40.953420614018555,Medium,Yes,16.692847624686543,546.2763873840082
Bananas,388,21.300276377239708,Low,Yes,7.348169536688223,528.3088803573835
Yogurt,580,14.785793761612448,High,Yes,17.576150541774368,905.5832103277345
Apples,118,46.796180899900556,Low,No,26.110774025477937,10
Potatoes,294,18.815008228175028,Medium,Yes,10.07309945632845,563.2169991236774
Bread,429,22.92834569738145,Medium,Yes,47.49501802447277,487.6605002032847
Salt,274,36.480153175323494,High,Yes,34.52455315360369,552.1744498985662
Pasta,548,18.201023599729442,Low,No,11.135332903252253,405.2375432991547
Potatoes,453,41.86085997024506,Medium,Yes,41.542889035534245,527.6869128954937
Apples,598,8.151558063430157,Low,Yes,46.763973311635624,513.450779909459
Apples,240,40.60322003250205,Low,No,16.825283202360122,45.574348699780685
Salt,857,32.08330951780118,Low,Yes,11.44637408498126,841.6762600763534
Butter,996,30.78471398511168,Low,No,19.511397636915277,709.6324567374448
Yogurt,192,25.626966761239732,Low,Yes,42.451195983283675,204.73691599548263
Yogurt,338,17.46705183275401,High,No,12.879225178231888,461.1944498481983
Milk,304,25.88316284440565,High,No,40.07059640654154,338.9975028250129
Yogurt,659,25.251283040840928,Low,No,37.231846780694525,338.2945529326613
Bananas,532,31.268938495238146,High,No,34.31150184002058,517.1616201911846
Eggs,344,17.670842863498862,Medium,Yes,24.499287470688074,554.5780810056968
Cheese,931,8.491801188926706,Low,No,21.50466273054274,585.617234762087
Tomatoes,416,11.52902509876122,High,No,8.8366088939895,555.045687391553
Cheese,394,36.46298441577078,High,Yes,21.081010336770742,759.5321944779457
Butter,739,6.012154833599322,Medium,Yes,32.08288127851248,828.6645239516465
Sugar,955,43.53993700904435,Medium,No,45.4194147265777,667.5755676901489
Apples,381,36.247879736596104,Medium,No,42.49060421719248,218.9705585021708
Bread,116,39.56389435884723,Medium,Yes,6.449707860802279,456.8765909625375
Apples,170,42.619300209206365,Low,No,11.24883028217737,75.99910528690039
Rice,368,10.521969976858152,High,Yes,43.181959014715694,646.9741633206719
Sugar,424,42.01029909365298,High,Yes,47.26932642721503,635.6182943249537
Bread,893,27.708909694657535,Medium,No,7.511398005795829,801.3361999107763
Yogurt,404,44.84857274389387,High,Yes,36.55634288451381,651.2835069198944
Eggs,550,44.89639704771545,High,Yes,21.457990150890204,828.5564509800024
Bread,106,6.088011968937659,High,No,21.393061136382553,262.70699369256283
Bread,413,22.22893469675925,Medium,Yes,33.92011366365747,531.4934346420481
Pasta,916,28.6879458139373,High,Yes,41.45972395625195,1109.2047699395068
Bananas,202,35.52620404023059,High,No,17.367689789616364,325.5903212963728
Tomatoes,920,17.87838110078603,High,Yes,36.74094548302449,1124.4769455589862
Bread,292,16.346401729909353,Low,Yes,33.61443389484583,299.32249136107157
Flour,852,22.156957359007126,Low,No,28.279429772190728,522.9301838368276
Tomatoes,673,27.54224112874525,High,Yes,32.10915869669391,926.1187286704996
Salt,628,47.8015804132436,High,Yes,5.812402230861148,956.8810720753792
Cheese,270,39.29488100138469,High,Yes,5.182966847644884,696.4384732126789
Bread,636,24.319452512196737,High,Yes,29.769735501155836,860.557432839584
Bread,350,7.44647802980827,High,No,28.584880914503493,421.9446073272721
Rice,864,12.58342664646917,High,Yes,8.210084239730993,1166.582011224715
Rice,486,25.516599094373767,Low,No,27.141184698037904,279.8500722817974
Flour,306,41.62216550444169,Medium,Yes,39.08879487621963,411.0446386466582
Milk,640,22.131299105480476,High,No,29.35410998067978,582.8089253370072
Pasta,728,29.232349283527686,High,Yes,28.292643084107368,966.2876262197582
Butter,515,45.13121987382959,High,No,37.3058804266597,527.1286505875902
Milk,893,46.1208316741983,Medium,No,12.732989312889998,826.5826911421364
Flour,479,14.709874839921023,High,Yes,25.58662394669448,791.027146237986
Eggs,243,6.961771480666748,High,Yes,11.662154460655529,667.1013399152926
Rice,124,18.74347389371817,Medium,No,28.5728133612983,96.5306373986336
Bananas,921,36.31110416716011,High,No,31.63736446108915,872.9093097970274
Potatoes,767,47.80004904393199,Medium,No,10.475298572799021,653.4569623978551
Potatoes,172,8.466439999285127,Medium,No,8.398183912770117,234.0423495919723
Eggs,731,6.281771474717218,High,No,12.503012500213831,817.658014851016
Rice,923,44.78662458435748,Low,No,31.385193049157962,560.4548201388134
Apples,932,38.666537109641354,Low,Yes,13.532862253906245,904.2661306346862
Bananas,192,49.65118606200089,High,Yes,17.385948948546318,563.7712020613923
Yogurt,604,22.855679665954394,Medium,No,36.61456757837561,448.8616020282548
Bread,697,23.722290731154622,Medium,No,16.175517216356106,613.5240855711961
Rice,435,12.754032678385231,Medium,Yes,22.88871452550061,625.7692745304386
Pasta,524,10.21312186688023,High,No,46.79804118651066,447.6273887573269
Eggs,598,31.042310476560708,Low,No,42.12484751125005,271.4602418801788
Cheese,463,21.392825058267466,Medium,Yes,16.496251257117272,648.7842724997473
Bananas,729,8.614240157536027,Medium,Yes,31.890911063081663,867.9314616267455
Apples,844,44.91441812854939,High,No,34.961199021395046,742.5591587335713
Tomatoes,298,13.926041071219988,Low,Yes,45.510867937900755,276.7491180804916
Bread,817,38.686295615158976,Low,No,29.636029254764114,428.8312076822577
Apples,512,17.700286825315,High,Yes,30.257909491224847,731.7111074693576
Eggs,438,41.58071738387596,Low,No,44.98012460648525,88.06600544539313
Sugar,758,10.327857864244432,High,No,7.4471789831624795,796.2091589678439
Eggs,528,39.023222459979266,Medium,No,33.266359512950125,408.4482857226826
Bananas,882,9.41534932552306,High,No,23.74921429150065,881.4921501063945
Bananas,998,25.11121045356245,Medium,Yes,45.939352324823886,998.1785519906341
Cheese,238,38.030195776982204,High,Yes,48.22431222118012,475.24753906485023
Butter,792,12.794827153410527,Medium,Yes,12.661126890170749,971.1914594024392
Milk,641,17.854924498102534,Medium,No,17.666081177811805,557.4962954594175
Bananas,156,43.914514644148895,High,Yes,17.305605624322613,540.096798237023
Bananas,331,44.83036944084407,Medium,No,9.528243226777446,332.5403686194791
Tomatoes,757,7.02209536037268,Low,No,26.732475746208447,432.307997831518
Apples,534,12.564076340883886,High,Yes,28.088663482828647,842.0972021246013
Butter,483,10.286237312278654,Low,Yes,30.784021684679942,468.1013504223807
Apples,659,13.086189259308636,Medium,No,34.83312649008148,493.48384522297926
Butter,293,48.65844759378226,Medium,No,7.831285360913416,405.6262576269084
Butter,835,29.82448619557054,Medium,Yes,33.01175956065774,875.9374654332925
Salt,747,26.065057570471705,High,Yes,46.12141796783237,913.3731451337961
Yogurt,633,49.30103178916772,Medium,Yes,25.47459405422306,752.752452537774
Yogurt,617,30.063025843733094,Low,Yes,9.802059949301178,714.2860150307183
Apples,815,34.7503067305486,Low,Yes,8.867481202779333,847.441190619166
Rice,850,19.97467457221311,High,No,17.678851830990695,873.4757222231502
Eggs,284,22.195168902928337,Low,No,38.863608183380336,90.55987184553507
Salt,971,31.748422271408288,High,No,16.74498448929158,951.4103270604807
Yogurt,391,8.140360280020914,High,Yes,41.644891053552705,644.6901893948931
Butter,434,16.514729872014883,Medium,No,41.88466161346838,307.0137999994457
Potatoes,831,13.85652872571382,Low,Yes,25.57003271142699,755.477552492603
Bread,215,5.715202691300162,Low,Yes,18.53549793067885,349.4332717590177
Rice,924,29.160557173418987,Low,Yes,31.89502187190661,800.7604675886796
Potatoes,148,30.24737777857456,Medium,No,41.47385670305647,76.00411542978182
Tomatoes,784,22.277265036676653,High,No,7.905685910037969,905.8432836168296
Flour,181,17.09273612591559,Low,No,47.90405944969711,10
Milk,933,34.34269441975812,Low,No,34.065512372372254,528.8868934521729
Flour,432,11.05966226230056,Low,Yes,22.916649033753988,463.7426541471511
Cheese,656,28.337676423590032,Low,Yes,27.770865599147253,621.3323450186539
Flour,434,39.5633293614779,Medium,No,22.351662354958595,392.30815989531914
Rice,631,12.393409277861254,High,No,23.567496310824808,690.3832161352883
Eggs,320,38.89667923681184,Low,Yes,31.80274748789543,343.67514920205286
Rice,734,39.23575291190291,Low,No,7.710822358572667,539.5078790355402
Apples,845,7.69669917037047,High,No,12.891970624323298,933.0783677443336
Pasta,832,5.845294673923183,Medium,Yes,15.216780641158657,980.58111998161
Eggs,422,48.82709326946877,Medium,No,23.338142342525437,351.44244046985807
Apples,950,13.702219677447122,Medium,No,21.69758883097897,795.512197868371
Salt,102,41.99626440950463,Medium,No,37.49920518508083,10
Pasta,793,30.283279387038437,Low,Yes,16.66307159182953,816.2942215837343
Sugar,305,16.901247089164855,High,No,7.568246012317404,527.4274056144158
Tomatoes,931,10.848669647846567,High,No,7.494901076850397,1038.0748239113148
Eggs,139,27.35047731099774,High,Yes,5.509088859799081,597.0683333674127
Salt,158,23.330966523325245,Medium,Yes,6.711170294270193,491.70293979931233
Flour,673,36.449873830268054,Medium,Yes,43.639730363648944,734.7474225991341
Butter,743,45.6875847296477,High,Yes,36.375931300088595,984.7634438323603
Butter,606,41.23616391335473,Low,Yes,49.81690246541189,419.838458260056
Salt,671,17.350342259216536,Medium,Yes,5.914072765476797,898.4678796388209
Potatoes,983,44.551994830353756,Low,Yes,43.205069798389374,792.4221668778474
Milk,942,42.502609134707185,High,No,36.32253481698096,898.4612384300475
Bananas,221,46.81113051747957,Medium,Yes,33.81540941644218,318.0368931168697
Pasta,578,25.639736946709444,Low,Yes,21.043945652863275,562.9409044414303
Sugar,718,39.585882758422926,Medium,Yes,21.952733665549037,887.8343688959343
Milk,195,31.62461294856517,High,No,43.05025357296369,210.8448285046157
Tomatoes,958,18.97262386472675,High,No,37.106774521758076,832.3360190680553
Pasta,513,49.74939511442435,High,Yes,35.164246115854,805.0651861094825
Salt,334,6.723836007784761,Low,Yes,6.379219780239978,438.98754217814457
Butter,997,12.30226576515836,Medium,Yes,13.29438360374198,1155.6380307683985
Eggs,161,45.164406313935274,Medium,No,48.31810071066545,10
Tomatoes,355,7.725327953568508,Medium,Yes,25.44670624055845,509.6278655183122
Milk,660,44.906930030458476,High,No,40.16269536009071,610.7372978737044
Potatoes,447,37.18496642261904,Low,No,22.519635180009054,200.9600693817324
Flour,770,6.650780242754404,High,Yes,39.394529471442745,973.8720145242629
Sugar,223,24.319401928437944,High,No,10.364565564747998,468.4788184605906
Milk,581,38.95121637510067,Low,Yes,6.895760883228393,656.1951706733986
Flour,416,31.239512808385985,High,No,25.977945718427833,536.1241346154874
Salt,603,47.114208138400606,High,No,31.624078852602278,610.4512542974112
Tomatoes,818,44.04398148103999,Medium,No,19.56658510878986,713.2212564482519
Flour,147,19.96914359003657,Low,Yes,37.22020825909003,100.91740209092744
Potatoes,508,8.808223798404065,Low,No,27.311884199927785,284.52560799162455
Potatoes,235,47.49156678405431,Medium,No,46.774258139454915,94.86583347467507
Milk,300,28.2779045495567,Low,Yes,8.8245732866103,420.9361037325975
Bananas,349,8.347893096737684,Medium,No,7.995576398048602,441.9140986478458
Bread,413,41.74590260116758,High,No,45.730483351114366,366.0783804142504
Yogurt,968,44.0827911808426,Low,Yes,35.1098209763334,778.5432728722519
Cheese,467,33.774108807945694,Low,Yes,35.20032296591921,454.17004207883326
Salt,528,25.137903455885297,High,Yes,6.239985002634476,885.9208338858355
Rice,929,34.797785554560775,High,No,47.195385146986915,792.1217857072002
Bread,906,36.800766306730566,Low,No,39.73212751687097,547.9349071497925
Potatoes,579,45.18634811386856,Low,No,39.39416680128562,258.5903413746378
Cheese,413,48.013775616863214,Low,No,46.03683386061696,68.78729742727816
Eggs,599,28.144441957591013,Medium,No,31.016892474063837,449.5095293013385
Potatoes,820,40.93225400869532,Low,Yes,22.75998757537128,809.6942139787153
Yogurt,454,48.40293001962447,Low,No,26.630562586347523,169.24827275171938
Apples,584,11.80595021661347,High,Yes,39.97583164927202,834.6695188277732
Sugar,310,5.822059172435451,High,No,39.59284921312333,412.93298752609667
Rice,803,44.10336977817323,Medium,No,32.43139796424809,624.4944279372945
Bananas,143,13.787299996122236,High,Yes,14.813616198188802,576.2977176354394
Potatoes,640,6.911544498431042,Low,No,41.84978411061658,294.49334509134616
Yogurt,670,12.204326194585006,Low,No,34.12587056945885,344.8570726969782
Apples,682,22.28517100596962,Medium,Yes,14.956790940270913,840.1421078182696
Butter,191,14.866956571666103,High,Yes,26.62900023908017,565.7547914425479
Pasta,364,18.73641330951994,High,No,49.87428488365361,352.84490494677186
Potatoes,994,48.88823231435209,High,Yes,19.77709275861785,1270.1936248176964
Yogurt,319,36.69824948731588,Medium,No,10.24522766468829,276.9285376952538
Salt,541,37.04862777139418,High,Yes,5.975033773287559,861.2291195553169
Potatoes,500,9.260841862756527,High,No,13.30845607221933,677.7296816703306
Sugar,499,37.94442664202113,High,Yes,13.41348377286708,864.874470632157
Yogurt,826,38.27049498298872,Low,Yes,43.613080018984206,676.8846152992304
Cheese,998,34.68852582829845,Medium,No,12.026963713887781,885.9597921755654
Yogurt,888,15.279633319904379,Low,Yes,43.81929238452937,728.057930962889
Butter,675,24.036628058698323,Medium,Yes,8.902242879941282,942.7251692403298
Flour,957,43.08244046013314,High,Yes,45.798993493278516,1079.8186738322395
Pasta,903,35.15907332032818,Low,No,16.535907586460183,608.7129188855118
Rice,589,37.974597574995606,High,Yes,32.51741278955914,828.8801591135642
Eggs,584,31.4318480056614,High,Yes,12.18772331504654,936.2395283873304
Milk,856,25.23139696003003,Medium,Yes,22.552503425312292,936.1086100409985
Bread,569,39.15734045301987,High,No,8.859551210755226,742.0081948338553
Bread,673,8.056661646483724,Low,No,31.078769191557907,382.69657540360606
Bananas,943,35.29223297511189,Medium,Yes,20.564486893768457,998.8164310367425
Sugar,781,49.874202853280565,Medium,No,43.346753762547195,545.2851916875462
Cheese,544,40.10863682606142,Low,Yes,13.181741523465249,642.4082635070199
Flour,368,18.07535802098549,High,No,17.59946289895903,529.189497706382
Butter,366,17.501877261742127,High,Yes,12.976460481978208,746.3724443939946
Rice,153,35.02483747670565,High,No,30.372025110621358,219.75531682438185
Eggs,627,45.31344156538387,High,Yes,10.028623269311922,1021.6198314260896
Yogurt,619,31.00773833815293,High,Yes,13.521065236738469,913.3614939129841
Eggs,715,28.733102922652623,Medium,No,35.53204745489054,541.100738041803
Tomatoes,158,12.21728602296521,Medium,Yes,8.348653694117306,461.492329614142
Pasta,924,37.19556299119174,Low,Yes,38.442365244251576,817.7996836592454
Bananas,139,36.603437883705084,High,Yes,9.695007008798614,562.7812191802215
Flour,336,48.51281265502315,High,No,31.34699418127119,363.91455457299776
Yogurt,485,18.5086482937549,High,Yes,49.90142550123268,697.7494032530442
Cheese,705,39.04004643653893,Low,Yes,12.825180805505028,754.2195486825095
Tomatoes,833,24.532936753893306,High,Yes,16.748884339984148,1161.1770139382718
Milk,815,30.131275622726072,Medium,No,45.42919942950737,573.9761791441887
Bananas,749,41.740423502025116,High,Yes,33.182894052692234,972.8998562139063
Butter,399,14.989777025853902,Low,No,27.163908446193986,207.35905343491967
Bananas,494,20.42909327873367,Medium,Yes,30.321729377151637,592.2585281332014
Flour,306,39.798890158891865,Medium,No,18.297290508724497,257.0245604261031
Bread,435,30.67060618795374,Medium,No,43.48948018783611,226.61339948531014
Bananas,692,9.15903126072816,High,No,38.537106126508796,575.7643074957305
Pasta,829,24.358364005033085,Low,Yes,33.9109894550262,756.7306028488899
Cheese,613,31.398499083785737,Low,No,46.92841692022106,282.9492193189268
Milk,277,45.928279240027365,High,No,31.014988724420395,360.2407656891906
Bananas,495,13.481962247238739,Low,No,28.034469884539256,260.48889366867394
Yogurt,470,41.267883576986726,Medium,No,48.906203105030364,263.38391583863546
Milk,957,10.878101738446611,Medium,No,14.270635096987398,840.4620890249641
Milk,890,15.900604703411325,Low,No,11.388567793896708,697.9635616321281
Salt,757,15.950474757055536,Low,No,12.302729129020255,582.5866659527585
Cheese,417,44.48656381589747,High,No,49.52489036072882,346.18134899781916
Apples,835,13.955796140674419,High,No,34.35129747039625,822.5296848571894
Tomatoes,468,40.41323271434341,High,Yes,18.766529684668093,847.2435593054568
Apples,483,25.781294030882897,High,No,16.204001195721,612.0011468983226
Tomatoes,161,49.959084550878984,High,No,7.548736554080233,377.70419633764595
Butter,905,42.75911743934474,High,No,10.937629791680342,958.5304809265731
Milk,604,38.28664105015181,Medium,No,45.8677661601554,340.2574178270744
Yogurt,338,44.1826837993488,Low,No,38.63034773238154,10
Cheese,294,33.53136766722651,High,No,47.37018805267986,305.0821175372983
Butter,777,42.96435154378239,Medium,No,24.067892140484393,596.766985022838
Bread,321,16.75070813126551,Low,Yes,32.05567607275446,296.4677045798346
Potatoes,160,9.396644499548373,Low,Yes,26.765206654954575,177.21152936477296
Salt,228,32.71694031890009,Low,Yes,44.6623428419519,178.45860377882855
Tomatoes,784,24.56106766986137,High,No,49.61218492277659,678.0886268525622
Cheese,255,24.18983578815944,High,No,46.97488434426663,270.678284784004
Yogurt,477,28.703653359352078,High,Yes,31.912513150217894,783.2034607960076
Salt,721,21.262217520449415,Low,Yes,7.781088973469975,765.5184861766268
Salt,880,33.17267891492731,Low,No,32.7886975859966,526.6885460001072
Flour,967,6.375576530643346,Medium,No,9.367133968900216,898.9510835468767
Yogurt,889,48.64511038467935,Medium,Yes,11.246966313606464,1044.5619541344156
Milk,685,46.61190464205067,Medium,Yes,13.610511418511075,839.0954174061711
Pasta,536,47.08715731618701,Medium,Yes,21.357203947464065,707.4597509042876
Pasta,306,21.425157301267326,Low,Yes,31.630391764272296,266.40852027818676
Pasta,487,28.93509309465949,High,No,20.009915337818214,575.0865684097072
Flour,579,47.935877137590886,High,Yes,25.352019830121467,843.9199019585476
Milk,890,45.60557253924139,High,Yes,7.128006488822042,1249.1144826757907
Flour,986,40.56100141555163,High,No,32.889101032598994,874.7572706760093
Apples,937,23.32992154314166,Medium,Yes,34.56642944776739,968.6032495519473
Rice,439,30.395265043197806,Low,Yes,9.472556662247662,525.774601618026
Milk,968,40.68106133974914,High,Yes,40.3302720196939,1085.6613568470232
Apples,439,17.28553979930143,Low,No,34.13568009478934,183.19878589204728
Rice,303,33.19022157026501,Medium,No,27.03782431766135,228.06966783741427
Milk,260,42.25704461833356,Medium,Yes,29.87869433816957,493.03772113954335
Apples,639,36.83546562798056,High,No,27.637058054875805,595.3591896300514
Flour,491,26.57662840359503,High,No,7.420682467748031,661.3433972243258
Potatoes,868,31.307376179982125,Medium,Yes,38.08172574188976,885.7938404108772
Sugar,776,49.49039944156073,Medium,No,28.031478659624153,604.3879316132269
Rice,674,32.08945075912445,Low,Yes,12.777073407363117,718.3335828215145
Pasta,633,40.35279893083897,Medium,No,35.63288841860598,487.99174095617855
Bananas,169,37.697214396994816,Low,Yes,36.277952272792476,192.91382295950865
Bananas,992,36.56707769882134,Medium,No,14.607296123578546,882.3198796239373
Salt,504,37.23660748013196,Low,No,40.84227827259994,181.76236581048474
Rice,707,25.448438807665873,Medium,Yes,25.54271266464567,794.1389262641452
Cheese,774,26.33720785331564,Medium,Yes,13.127432562817589,937.7199159070204
Yogurt,690,26.053823181235206,Low,Yes,34.59290014908676,650.5963662986275
Bananas,616,6.4964573245673645,Low,Yes,31.852713404045637,567.9677674706403
Sugar,927,15.847939864954556,High,No,12.668284662055473,937.850498549952
Eggs,219,11.955380299244727,High,No,44.25570048999505,266.52744211140424
Milk,913,44.890025512876576,Medium,Yes,43.45404497178674,900.7831080087047
Rice,789,17.373621490382703,Medium,No,42.63100645352193,536.231946324457
Apples,787,11.229918550949318,Low,Yes,22.965253653339555,752.1670431726535
Cheese,316,10.389511935989823,Medium,No,42.10802486403531,181.61499188037266
Milk,155,36.49954255484714,High,Yes,43.015788877161675,440.8627424043345
Bananas,465,5.273748991173168,Low,No,49.84431224505356,139.53853557372202
Sugar,798,26.208698079042872,Medium,Yes,48.092207817814185,772.6785139152677
Rice,603,10.349199751918832,Low,No,22.228130076696694,387.03207857152347
Salt,843,43.234851993615735,High,No,13.919191242373595,867.1819399783967
Flour,866,48.130266040360624,High,Yes,18.16080767853691,1177.9200509785453
Apples,554,48.14395772967067,High,No,27.265155199965168,633.4378586982714
Cheese,203,24.888384902604617,Medium,No,41.245593523570044,68.03565019161836
Butter,176,34.00316709956584,Medium,Yes,37.53428250767427,299.36194206727043
Bananas,329,31.98668614298351,Medium,Yes,40.447074146511255,474.3175206109217
Bananas,357,20.75175056236788,Medium,Yes,22.096686784487094,572.4771948899252
Salt,363,24.982902113923902,Medium,Yes,16.110708992732885,613.9050501924241
Apples,430,7.894566375497856,Medium,No,6.085835317330689,439.9808843096941
Salt,281,40.80645647021692,High,Yes,33.17826299354728,584.5318372124672
Bread,992,15.836158046957857,High,Yes,40.77669811249065,1121.453405229756
Bananas,867,25.72372990113693,Medium,Yes,45.011322234053715,864.8075534457073
Pasta,649,26.627933012748976,High,No,26.430704750812563,636.3609092897518
Salt,787,30.23202826180932,Low,No,46.744060019326454,377.7836523917388
Salt,126,41.804448704964045,Medium,No,14.108542773456136,121.68170873498383
Rice,375,36.134647078268735,Low,No,28.14701554150389,125.73068544032394
Pasta,751,34.83783721081364,Medium,Yes,14.619548519141635,907.3629044307778
Bananas,398,28.70354731122229,Medium,No,13.463398066368516,401.9542479058719
Rice,898,9.318008972596546,High,No,47.902465940105834,791.9382733634333
Cheese,190,23.090381224288762,Low,Yes,41.798330992854396,204.29059893840952
Flour,579,48.07925830807484,High,Yes,5.530995339856905,917.021692261363
Butter,672,49.799663387971364,Medium,No,17.08308478123056,615.2073362835636
Pasta,557,37.87241657454132,Low,Yes,14.23108629741753,586.1643766509226
Sugar,550,15.238173338359026,Medium,No,11.621038106506665,507.12197485311225
Sugar,464,9.585079070152815,High,No,36.38355932140891,492.5520903148953
Bread,958,23.664396157078965,Medium,No,30.507702410096,741.9192462401744
Flour,774,43.545735606170105,Medium,Yes,25.42705568375498,881.14662836959
Cheese,450,37.48389079527502,High,Yes,13.527367629791641,840.04299343361
Tomatoes,754,44.77515068934972,Medium,No,17.49281253267455,620.453092096868
Eggs,499,32.70993416139435,Low,No,21.02454720610668,272.21051532431744
Bananas,352,10.864776406536155,High,Yes,40.3467208624537,619.8104988111093
Yogurt,880,10.165818514917383,Medium,No,49.51352451081062,630.0976456579331
Rice,980,7.1601036183558175,High,Yes,13.27896746043214,1250.0702248724988
Rice,902,30.518598675808896,Medium,Yes,20.36852010019865,989.2372361571773
Potatoes,558,15.929880648115507,High,Yes,17.60906959450756,869.7411730682198
Potatoes,798,38.04726386097277,High,Yes,6.983032756652402,1107.175784509678
Tomatoes,598,35.881247113587825,Low,No,14.864848562059493,345.6169613322751
Tomatoes,607,19.31498340837426,High,Yes,45.57262745231629,776.9874569588417
Pasta,403,12.956074990882897,Low,Yes,42.928618049257835,399.08582259903085
Tomatoes,600,9.608015740820054,High,Yes,12.541879180164033,983.2138165039005
Milk,902,38.17918732158937,High,No,21.477335567733068,933.4441187678965
Butter,697,25.269844794166993,Medium,No,18.98613748723823,571.5298680546023
Eggs,265,19.55884613801625,Medium,No,11.64833636243704,235.5469720700775
Apples,514,43.549385711284046,Medium,No,32.999369433702235,383.9199199452246
Bananas,561,31.712594745622283,High,No,30.0783992164379,638.1596433705063
Butter,213,28.3101051378463,High,Yes,24.214609973226725,570.6118258048804
Eggs,532,38.45206242390271,Low,No,43.49742476486993,191.94133562216896
Milk,455,41.701241310587974,Low,No,32.88701030058084,131.62827315510455
Potatoes,794,35.87329199402238,Low,Yes,16.66731571553329,784.772968137527
Rice,306,24.800284336970872,Medium,No,21.816713173994092,269.5666584021284
Yogurt,867,22.068445670248437,Medium,No,11.75705284024099,710.9891822713685
Butter,334,39.7249222222716,Low,Yes,31.611797289957373,308.1584616301189
Sugar,541,28.305822228812872,High,No,31.398308958677642,528.1536401122112
Potatoes,454,36.69737353328193,Medium,No,44.15826586875806,226.6681883755769
Apples,614,45.06794550862484,Medium,Yes,43.51175154689056,629.3616290044323
Bread,307,46.21507856315164,Low,No,42.66239150569765,24.44361418987903
Bread,808,17.497203765825766,Medium,No,29.702854386568863,620.1416524372446
Bananas,952,13.455047762263135,Low,Yes,34.34089148408495,867.622696799894
Bread,224,16.757931215157704,Medium,No,39.899387478572514,110.4413071079862
Tomatoes,237,38.81172967409762,High,No,9.12581739300586,434.3515932467991
Bread,438,21.652611622077206,High,No,18.526905283003515,561.8635582352309
Bread,636,12.80251763785984,Medium,No,12.609047426885233,635.369902883423
Flour,167,9.427347162813618,Low,No,28.016046245574763,10
Bread,672,19.729093497335953,Medium,Yes,42.695058048467345,727.530948233645
Yogurt,640,11.126139815773008,Low,No,15.382038634239107,401.12793434420973
Rice,482,12.036812563998811,Medium,Yes,37.89065908268274,641.7911689474191
Apples,118,35.77477880508216,High,No,23.26207983739198,229.01154308626963
Butter,782,5.887944305078237,High,No,45.6383705161421,705.9744621414497
Bread,549,10.28989677314471,Medium,Yes,33.205529338096795,714.8112159248902
Cheese,173,42.99644710458934,Medium,Yes,48.944885251804855,236.28169930359005
Potatoes,672,43.021133825821394,Medium,Yes,16.055139907750146,853.6666497505547
Eggs,764,19.815956544360965,High,No,46.578127020745804,638.6179876032187
Bread,375,8.957885376592804,High,No,21.067509409162444,560.0344438180578
Apples,147,36.723665021324265,Low,Yes,32.98853580351705,127.55435476189633
Butter,310,21.205925949824348,Medium,No,12.852869605125814,277.61340869233135
Sugar,954,7.045908224221662,Medium,No,39.19033040624709,680.0797473581737
Salt,750,12.102214158490934,High,No,49.021269531649274,616.162955800247
Milk,721,11.174666538381093,Medium,No,40.434175237645384,534.6678895249815
Bread,794,31.510235472244798,Low,No,32.71085341221219,509.8810233881043
Sugar,639,45.41529126216026,Medium,Yes,25.169628893588147,797.2980824662775
Yogurt,808,40.68824149955559,High,No,20.535633851303928,830.3947785963272
Rice,290,29.593222025775354,Medium,Yes,23.85556774333323,498.213037140738
Pasta,414,23.996982421736604,High,No,19.772974074425107,502.1457697568991
Potatoes,662,32.84045190809893,Low,No,42.47194401522315,312.55224368589796
Rice,760,24.97157334410364,Low,No,45.19000054523741,363.3000959042755
Cheese,879,16.07446051593422,Medium,No,47.73459585693824,612.1721176374842
Butter,661,35.563885490852584,Medium,Yes,23.826304485853264,769.6593868827148
Sugar,999,44.295977558359446,High,No,29.579864154579155,893.0978323797887
Rice,857,21.779164880638724,Low,No,30.960293946912003,520.6730281390263
Bananas,212,42.86923104611016,Low,Yes,34.29896798202524,226.77163933230835
Flour,269,24.39869209175707,Low,No,5.110535340134284,159.569991382888
Milk,567,23.06011743947417,Low,No,42.921035214515086,204.46946242318074
Potatoes,777,6.274596089616245,Medium,No,17.066329431460886,699.8832434701114
Yogurt,113,36.287550561533465,Medium,Yes,26.24738309358272,354.66775512395094
Butter,814,41.33761363012203,High,No,42.87057156703328,772.4748400489673
Rice,387,34.86006138013525,Low,Yes,49.85852661278104,334.305231039673
Milk,288,11.811242812637458,Medium,Yes,40.769757715348355,384.83031571950085
Cheese,254,9.64820603986894,Medium,No,6.117495677868944,312.0636438140248
Eggs,666,30.778643822834276,Low,No,21.59393768514077,368.49792817874476
Salt,793,23.068231438307087,Medium,No,16.12447862598522,637.0664150788347
Cheese,821,24.309400256851532,High,No,48.38592798074477,768.5803325971519
Eggs,987,48.55101110343534,High,Yes,16.890301241493532,1275.2818833541694
Salt,570,37.57652020368794,Low,No,47.45075856527494,181.06382960889692
Rice,174,23.53044826434905,High,No,47.18828810758553,228.79461949847615
Cheese,376,5.85946759287717,Medium,No,42.77346408163898,275.75455517471977
Bread,744,6.534306403397162,High,Yes,9.413229501420831,1037.252774187231
Flour,442,35.81616630406353,Medium,No,5.089785260291805,485.7611002570268
Flour,524,42.698244178299376,Low,No,40.72473878961711,179.47757592800733
Yogurt,670,36.84661832973577,Low,No,42.94845759160697,314.3272537284267
Rice,610,23.264948867212645,Medium,No,48.298176195422634,475.1725104629179
Cheese,956,6.40110820687563,Medium,No,14.827217515375061,885.0242304823298
Milk,281,48.53307336058534,High,No,37.991591056591204,306.7291441664613
Sugar,557,49.3851227971139,Medium,No,28.357898784403748,471.76814979929156
Butter,950,29.72140481499209,Low,Yes,19.781699233823364,838.5674672642374
Cheese,932,8.180193411279753,Medium,Yes,32.2830954526561,995.2016109633792
Bananas,163,29.34376276615101,High,No,29.668972711458448,283.2075567504922
Bananas,938,45.15523115993638,High,No,18.153247967510136,958.2269355211967
Sugar,359,35.59934795576961,Medium,No,17.080810795931075,318.74166966674363
Bread,292,37.399515396472594,High,Yes,26.89611008662721,641.8789049722761
Yogurt,754,8.823642684451219,High,No,26.33164288187357,792.8091451522396
Sugar,715,9.793023666431065,Low,No,18.592371642559836,404.4527736045121
Bread,505,10.730694936914837,Medium,Yes,16.86790211181659,704.8098388085482
Bread,825,45.69695751474467,Low,Yes,47.94383341134365,620.3329861654238
Yogurt,853,28.6632336318716,Low,No,43.80667271354211,468.8992061311632
Salt,820,40.620879337684606,High,No,41.75505974410402,768.2494111957817
Potatoes,192,10.18810669476201,Low,Yes,14.642769590465297,306.9365178258112
Potatoes,529,46.74392174788677,Medium,Yes,13.518096574361051,699.5767502005375
Pasta,753,41.951394117374456,Medium,Yes,41.41980582341443,777.8401921872698
Salt,533,15.114386514891025,Medium,Yes,13.310345646151156,717.6947481579995
Sugar,503,44.338200498227906,Low,No,27.659117108976627,235.14232489559006
Eggs,533,16.854924172856418,Medium,No,14.963980404661397,483.19616917852784
Potatoes,211,14.240294570257543,Medium,Yes,22.013140265156846,469.01723378713757
Rice,474,16.890977156549557,Low,No,43.40544023342944,163.18317779723415
Apples,158,45.94797784726742,Low,No,45.113825446368196,10
Yogurt,142,46.20163934816913,Low,Yes,49.85056628968071,140.35186421622583
Apples,306,19.804809860958596,Low,Yes,47.47569260067868,255.61101787875117
Yogurt,879,36.74453832925481,High,Yes,35.20628259735808,1046.2611845652168
Sugar,395,35.40853648238824,Low,No,24.42766973889386,167.30167072124337
Milk,217,41.29531844586815,Low,No,7.596156888137386,92.04241382360571
Cheese,631,18.342927506395895,Medium,No,32.367475107656574,453.23207204859716
Milk,321,27.956234385968084,Medium,Yes,14.480629790182055,528.7384612415511
Sugar,265,35.04532779537291,Low,No,43.25613277233228,12.22364564185439
Sugar,742,6.181556846445773,Low,Yes,29.700449570737412,670.4577620044865
Eggs,255,21.95324353989296,Low,No,38.00757573032617,12.462963833620783
Potatoes,283,36.3149760955356,Medium,Yes,35.30727656091618,422.71014212902867
Salt,189,16.366779190361004,Medium,No,20.629903632409984,188.99037238509266
Eggs,193,48.09668481529192,Low,No,39.15887225956809,10
Bananas,112,6.357261717807753,Medium,Yes,42.95188597410589,276.9616321214282
Sugar,933,48.113923441434025,Medium,Yes,38.485869636588994,902.2334475999731
Bananas,904,14.754374060468002,Low,No,39.95630511459337,499.11791123318943
Rice,841,7.19699188664165,Medium,No,21.200699285002923,738.9963884702662
Rice,933,18.161331495060086,Low,Yes,47.465956973670664,764.4849055071659
Milk,903,40.38270382806014,High,No,24.105745326023424,909.3523210800251
Bread,537,38.85989029016239,High,No,45.3672598345909,476.17871267864564
Bread,637,14.397818739025642,High,Yes,43.601422541360705,792.5126634612516
Bananas,686,13.855556011630974,Medium,Yes,10.59489389202928,904.0971921947755
Tomatoes,975,33.916096211204334,High,No,48.48217518162279,828.2156431345433
Butter,910,25.613721035407874,Medium,Yes,49.83537584225165,874.3865268858516
Milk,249,40.6530478998906,Low,No,32.27659325280503,10
Potatoes,759,6.085975041164912,High,No,40.239952288697665,683.7507570489015
Cheese,107,32.4685337342257,Medium,Yes,47.015916689831734,206.135102155491
Salt,128,37.88024055079441,High,No,5.90109757113335,365.9353911616419
Apples,395,49.702375041290104,Medium,No,46.84955109340917,219.9148792389135
Flour,820,35.54517624065811,Medium,No,33.23147619915986,620.7653941469056
Eggs,739,15.433032044748483,Low,No,42.28053801661774,401.108335453952
Bananas,439,9.868378769601744,Medium,No,29.3325022858943,394.32464888282607
Tomatoes,727,33.84125485898339,Medium,Yes,28.87457177270824,830.8982048873113
Pasta,538,28.543238038319718,High,Yes,45.38831925850745,759.3189155860316
Potatoes,243,45.46153798002574,Low,No,27.836240291814892,16.241528356174072
Yogurt,929,37.69736095315737,Medium,No,26.230522150435807,721.4358543226521
Apples,846,27.93841025191793,High,Yes,32.368496379277616,1081.280629549842
Milk,618,23.161526184431644,Low,No,28.335649152306118,314.8987234362045
Apples,144,23.196861480686913,Medium,Yes,25.08291302623035,399.0989047484506
Bread,338,15.183692876805555,High,Yes,13.12357227025079,798.7744272065116
Yogurt,254,5.779668729006367,Low,Yes,22.883021920991062,355.49951237364746
Yogurt,280,30.87097646931978,Low,No,17.692056537545476,117.676255323253
Rice,314,14.558662963544684,Low,No,23.020912693182662,88.60637718063894
Salt,187,14.374711297761866,Low,No,31.692123289084293,10
Pasta,355,10.642155290441622,Medium,No,32.398328169383475,296.96016553963364
Cheese,610,13.531797057951174,Medium,Yes,15.739766523171891,797.1664705688924
Salt,172,6.430511729981196,Low,No,8.801539097718452,121.02186648197043
Flour,278,35.34041523868394,Low,No,38.499696006537356,23.182033224875546
Salt,311,23.06287023407124,Medium,No,28.785681173589275,252.08037547261534
Tomatoes,904,30.26860694479153,High,Yes,24.894560733664836,1124.0892450057597
Potatoes,333,33.66309281093598,Low,No,10.831796096204414,151.7281581950148
Sugar,564,48.76180530242716,Medium,Yes,23.6598687926097,695.7664282559097
Eggs,850,8.071963963497545,Medium,No,41.81789374792472,603.8829195544625
Sugar,322,23.80629581741471,High,No,31.16460332590495,407.137060244349
Bananas,730,16.065407008691647,Medium,No,9.093898073116149,680.0410673479112
Eggs,924,26.452036933556638,Low,No,19.952380990731175,658.7071172163128
Cheese,363,46.42125352762497,Medium,No,49.09109116611139,180.1745081106155
Flour,306,37.57929193616681,Low,Yes,29.502836213093282,313.36567827227617
Yogurt,706,34.7877313915952,Medium,No,17.88782358181561,583.5207431006228
Salt,984,24.856064439402985,Low,Yes,46.105013579086425,776.1456591797855
Tomatoes,833,35.20006242684961,Low,No,20.12002853015248,553.0228942155989
Yogurt,465,6.456891977348365,Medium,No,37.84583005246168,318.35860749940423
Eggs,375,31.38074024134525,Low,Yes,11.624922757315382,443.8918374909198
Bananas,479,29.91994531696617,Medium,No,12.042190134452303,488.2305523499211
Bread,842,20.598819438343675,Medium,Yes,30.259130914798497,916.5742764408355
Bananas,408,14.068135644084878,Medium,Yes,15.792049335876536,648.6472703473781
Sugar,730,41.33999979496854,Low,No,7.219943893775644,502.55156769655594
Potatoes,367,7.423795150479341,Medium,No,46.69094479890503,175.1854462615616
Rice,884,8.13527889906145,High,No,7.519529687656247,960.6676324175293
Butter,163,24.823478479286596,Low,No,37.284704901304934,10
Flour,909,16.364954633387228,High,No,19.984362021385685,942.4901118753082
Butter,449,38.54535860781592,High,Yes,47.00772342996394,633.768002329927
Salt,593,33.538553461453596,High,Yes,49.372357512804214,752.7377933853808
Sugar,622,39.76406582569842,High,No,20.09437930989798,690.0536494852389
Milk,197,19.61055303520105,Medium,No,31.59980688215579,133.05663674343842
Tomatoes,170,38.32335228280403,High,Yes,39.78431395569283,432.8655204069788
Cheese,463,43.803645621187954,Low,Yes,10.553420749247842,590.9020842374905
Salt,669,20.537352248835727,High,Yes,36.92580367428122,844.3248452480952
Tomatoes,901,20.295311952282503,High,No,45.77888679870473,714.6615568087983
Bread,862,45.49781317578918,High,No,13.032614627241104,927.9260303595415
Apples,375,7.240561393446911,Medium,Yes,42.74195410977575,438.8870130379723
Yogurt,149,20.758523257887994,High,Yes,10.202156270192162,645.3934432561199
Milk,457,10.340262143231183,High,No,30.573576344402127,518.8686333377234
Rice,827,6.30412656124893,High,Yes,20.27136511759094,1115.5812229066707
Bananas,663,10.079123794106994,Low,No,26.227213725779368,377.1535204451202
Cheese,882,24.40606060311246,Medium,Yes,18.52844830720101,975.9927146185945
Butter,584,35.91302311525058,Medium,No,16.72427172260604,504.33450465648383
Potatoes,183,18.017709099888332,Medium,Yes,38.441263545848145,318.8682912756688
Eggs,998,43.235388833050614,Low,Yes,15.040094664249885,987.8118724100311
Eggs,904,24.69270329322575,High,Yes,23.378586987662857,1121.6782505696133
Sugar,737,48.57026229327846,Low,Yes,17.35506856925725,743.7299438242101
Butter,907,47.9370051249665,Medium,No,15.738578785317726,803.0948353548697
Butter,683,39.79743002000668,Medium,Yes,33.21932499593243,733.9691238097316
Eggs,395,46.958247326597814,Medium,No,7.044287731611014,418.59718023114107
Cheese,335,36.819323427250026,Low,Yes,40.500443165166885,270.27172800732507
Rice,155,45.301243549603164,Medium,Yes,29.580532877902467,348.2409421206925
Salt,459,15.641317281483794,High,No,42.27968282483027,434.22187914158786
Flour,209,20.54390900795594,Low,Yes,14.585719252915764,313.13623409723976
Salt,291,38.88185297021877,High,Yes,36.92327183782501,583.4763054832379
Flour,192,24.10525571929507,Medium,No,23.92627286443194,135.4925027594781
Rice,961,42.6797345221033,Medium,Yes,8.456178972456634,1133.05601524494
Apples,667,44.49374922144988,Low,Yes,38.86143764955493,534.5998060896494
Salt,159,18.487826812441618,High,Yes,39.29842559297518,433.45130196143907
Yogurt,749,42.05528636853081,Low,No,17.19125896507181,484.6471659219277
Salt,138,11.941892197931754,High,Yes,46.22207085311528,412.14362901494826
Flour,639,20.038852019158206,Medium,No,39.37864085450262,464.95408590558947
Potatoes,148,28.308422800462502,Low,No,18.804081610552522,12.770353316713786
Cheese,519,15.189969294675148,Low,No,15.759902408243391,279.98468880258554
Potatoes,736,31.067052330883968,High,No,24.804030007122314,778.8433285363652
Butter,112,31.041278542294098,Medium,Yes,18.17554166500601,374.8814687076088
Salt,135,14.310630268290758,Medium,Yes,14.766037426152833,434.25827669309353
Cheese,200,40.80386051984555,High,No,22.959534075135767,390.8650559544633
Yogurt,893,33.42400202351736,High,Yes,6.156690027185705,1255.4978172480244
Apples,185,19.29922280712294,High,Yes,23.063498180662183,579.3487755894575
Pasta,615,15.448315256163136,High,Yes,14.974818269778574,918.2096560117316
Cheese,322,44.54375624755221,High,Yes,16.895038413919302,660.1628807035042
Potatoes,437,42.608401035109374,Medium,Yes,8.714897880449286,719.5826402054334
Butter,265,15.339230368498685,Medium,Yes,31.50192576360298,434.76628357813
Cheese,482,6.602235193242895,Low,No,26.240415240768623,246.04436046367334
Pasta,955,41.203966808440576,Medium,Yes,38.77823200504005,915.1428025265201
Apples,994,32.69788498692694,High,No,49.41943813307063,845.1294036772507
Butter,475,9.539691262405686,Medium,Yes,10.379030381545512,757.5773870738581
Apples,570,31.43111927985028,Medium,No,17.25912900290415,549.695299120194
Bread,889,25.34822084127624,Medium,Yes,35.71043576202069,906.5292161923413
Yogurt,741,39.85476473631612,Low,No,15.67904040956529,513.8237695603896
Potatoes,130,14.408817897142852,Low,No,6.356638198238102,62.159795496645174
Pasta,474,25.39205349372619,High,Yes,9.941298077658447,893.2058399002273
Sugar,110,12.030985141336254,High,Yes,24.513211735631607,509.29943273336096
Rice,401,48.0887252514881,Low,No,24.385309345521225,150.10530776116406
Tomatoes,195,40.04321706163238,Medium,Yes,48.75371107821011,331.814563867961
Yogurt,289,38.152509192562846,Medium,Yes,25.967751525399535,485.2411624050678
Sugar,552,36.05929992593609,Low,Yes,35.5130468360822,485.4613232743136
Tomatoes,291,24.050139910987177,High,Yes,27.149045077100475,640.3631086757617
Tomatoes,585,46.547708706641515,Medium,No,17.146332451077196,486.895274244865
Yogurt,365,8.281265536715242,High,Yes,9.745297930157005,801.5904413774496
Butter,523,41.146658225552834,Medium,Yes,43.658330724045356,573.6460249830998
Butter,227,14.68547294475797,High,Yes,11.869821249585133,641.064310081734
Salt,337,19.58125800352316,Medium,Yes,9.360212716528958,684.3152874042873
Cheese,454,28.374337803528874,High,No,14.622287496306827,545.682623784446
Potatoes,211,40.21947549750108,High,Yes,5.111988765572316,683.7288285658535
Yogurt,927,42.73407084441815,High,Yes,8.238431742124682,1230.7447020333063
Flour,545,31.26795125720562,Low,Yes,33.583854579534716,471.67883318336345
Sugar,442,23.136597002060835,High,No,15.95964230860528,552.1135692530934
Salt,244,47.59260896314445,Low,Yes,20.233044303886444,279.961927244603
Eggs,164,16.093458312771574,Low,No,42.58848896823618,10
Bananas,346,41.13925591462859,High,Yes,39.780481232249656,599.2892371363339
Tomatoes,834,32.542232965166896,Low,Yes,27.151164546681326,759.6886622108935
Eggs,589,21.96027575983462,Low,No,32.58394962171923,355.6562039473394
Cheese,924,5.061559296359156,Low,No,8.861507529809959,667.6423770705218
Rice,538,25.096968560688207,Medium,Yes,39.271761566661105,660.3249785631718
Apples,205,17.452399889403466,High,Yes,28.228616001286344,581.9065144165537
Rice,280,9.695597599650227,Low,Yes,30.692709587418232,256.31909657073714
Flour,283,8.382135440213819,High,Yes,34.948713444635345,586.3326433455433
Bread,325,20.64012472902209,Low,Yes,27.50788845962212,375.2386750752989
Tomatoes,876,32.66408249332919,High,No,28.476168358561587,843.1542718058018
Bananas,889,42.688369191414814,Low,Yes,27.483601407029496,803.5856102824206
Butter,188,13.26034602262971,Medium,No,27.356786516460666,138.7709521432015
Pasta,787,24.108978708907234,Medium,No,38.75923853187454,552.3631431883805
Cheese,629,22.63802630639685,Medium,Yes,24.224383723136,761.5068665158313
Bananas,470,28.102730414383203,Low,Yes,5.130199332353171,645.1369197573912
Rice,498,41.43142718642988,High,No,32.54284292548469,487.73980465559464
Tomatoes,205,29.914034809965568,Low,No,47.86981137168275,10
Rice,370,43.099471107603236,Medium,Yes,16.56319238562042,592.4996965976821
Bread,930,28.334829023104,Low,No,41.72869990274749,477.29447617584145
Rice,602,32.17313143315722,High,No,25.497059372738605,650.9865841139002
Yogurt,778,24.68224591218454,Medium,No,33.93419314586271,551.7477725648002
Milk,624,42.039301113303516,Low,Yes,45.08931790073234,470.116493590069
Bananas,948,46.572224286409366,High,Yes,39.69561257592231,1052.5781994284741
Sugar,131,33.761513215541555,Medium,No,44.805802479881365,10
Apples,492,41.935210212780675,High,No,5.4283990494281475,683.5402382238851
Sugar,139,7.655150029959513,High,Yes,13.429174308950797,605.874216354322
Potatoes,759,45.77502881509959,Medium,Yes,24.05724856546141,891.6978597224751
Yogurt,317,13.501628007760607,Low,No,43.15288088538964,56.02267260054745
Tomatoes,830,16.543419229661357,Low,Yes,42.72763694780871,687.0467998209758
Cheese,181,7.399853069303581,Low,Yes,13.331314938827639,323.55787295199514
Eggs,944,48.44300526383265,Low,Yes,11.400909489307463,954.3853271410524
Rice,819,43.34048822697694,High,Yes,42.56160958384395,1019.8745812505721
Bananas,300,46.09330718409877,Low,Yes,29.36454323138396,282.38791102637737
Eggs,546,43.12472754920067,Low,No,33.20463901413092,324.81334769314435
Potatoes,943,26.578874872457998,High,No,41.414273359951096,794.5696598094515
Bananas,527,46.583687034084356,High,Yes,14.528590861422279,861.8065507095623
Bananas,137,48.62627691922347,Medium,Yes,11.141815995713301,431.79983031506276
Eggs,310,27.61551395552289,High,Yes,43.656991825287015,570.8844253267188
Milk,543,12.903115159797718,Medium,Yes,10.029834766229147,836.7142311911517
Tomatoes,426,34.638012903339245,Medium,No,8.968138281323437,458.9975141364846
Sugar,860,48.89472304341068,Low,No,17.468382902751962,588.5957706902627
Pasta,326,44.24660869364937,Low,Yes,19.258198709033458,423.45050136892615
Potatoes,147,43.781682926565836,Low,Yes,15.851090932304071,276.8262719735641
Sugar,117,47.02181075632769,High,Yes,38.3730472625097,407.96140517411425
Potatoes,538,45.22785172486462,High,Yes,48.80093507568453,728.35055278444
Rice,906,39.93267488082318,Low,Yes,13.981610422608544,886.9522082171146
Bread,807,37.322277447282225,Low,No,40.183348528946595,400.7364446974736
Eggs,286,16.914522818513944,High,No,6.990899462065256,523.2719484759655
Tomatoes,444,32.960300964280215,Medium,Yes,10.350619718846946,685.3330846300181
Flour,323,28.466987976765026,Medium,Yes,28.180283764053307,469.65006706703025
Cheese,929,43.7874841211446,Low,No,49.982399127150146,442.51460841601363
Eggs,587,27.127065807053242,Low,No,47.72145424016141,233.47907695681633
Flour,976,10.748424359421008,Low,No,10.037432307766995,756.721594981685
Butter,948,5.223761839505713,Medium,Yes,15.785911222065248,1091.3081314946164
Flour,328,35.504290421089934,Low,No,47.56063323757827,21.431631152115827
Yogurt,489,29.745877420722266,Medium,Yes,11.782575771603991,693.1044793865365
Potatoes,688,19.893330696130175,High,Yes,38.425503885244936,901.1123517255596
Bananas,287,12.603746751705065,High,No,5.049861053345835,488.14551206849006
Butter,957,26.002189508175597,High,Yes,33.42704462038276,1129.614696755916
Tomatoes,369,9.512891261550754,Low,No,27.25701898292253,150.80469175294618
Bread,706,20.12488201495144,High,Yes,26.196137587254427,953.9587987596083
Sugar,409,22.06453578060355,Medium,No,42.31362878390276,277.14958506872205
Salt,231,25.952841267708298,Medium,No,8.63304553615691,248.38487358277126
Rice,650,25.997933810248107,Medium,No,21.979946475954428,508.1424621597467
Apples,171,16.565253956342474,Low,No,25.071734523798455,10
Bananas,892,43.25949417208944,Low,Yes,10.57669518457475,915.5886301718068
Apples,944,20.999457781553552,Medium,No,8.854994586845116,860.6000550549396
Rice,771,15.331428900163235,Medium,No,13.082643705080098,640.2238099046181
Flour,286,12.91144475347656,Medium,No,15.847147624091189,311.0267501218417
Bananas,585,19.516027752650103,Medium,No,48.47272598557409,364.42311381014036
Bananas,290,8.039879733989046,High,Yes,26.402617006325723,633.4454949975369
Bread,521,6.480838534143725,Medium,No,27.963006470263647,416.4851476921484
Cheese,219,32.23139885612905,Low,Yes,36.81491922323311,185.0008362270077
Bananas,319,32.86162112221355,Low,Yes,35.79200590116157,315.0063839312042
Rice,152,28.831469118723035,Low,Yes,27.624983095083458,181.03280478729343
Bananas,833,39.302833785427595,Low,No,20.292727738302915,534.7847634976471
Cheese,550,6.7617744924685095,Low,Yes,19.89732621143478,576.6711703209237
Apples,511,47.118789869426045,Medium,No,7.596983025028004,520.352972688769
Tomatoes,742,9.277930546567724,Medium,No,45.48335626725915,512.7365808660254
Milk,336,35.33103474771171,High,No,39.62275356770405,374.20044601290505
Salt,857,11.002846502336418,High,Yes,33.050445858567244,1028.9740695436042
Butter,837,44.59574449885066,High,No,22.823678444640095,829.9497310696619
Bread,819,27.982097912526406,Medium,Yes,31.210957879289477,901.063654995012
Bananas,505,8.703209345808922,High,Yes,26.82904122358698,852.7721634031586
Sugar,707,32.752585071503304,Medium,Yes,17.32707403154978,828.4127726531426
Yogurt,521,5.4099474746990746,Low,Yes,18.43577360186155,546.6876181834316
Apples,811,39.920998029811,Medium,No,44.35158679052248,572.2401764235781
Salt,346,34.27632439907555,Medium,No,33.57086326141564,290.1553203940429
Bread,171,14.568113721357827,Low,No,5.064011813395791,112.77227855913345
Yogurt,929,21.863791227924217,Low,No,19.709229429783854,600.4231357029322
Flour,284,5.351301252000062,Low,No,20.29754591264092,90.32329469669762
Yogurt,105,36.215771673704225,High,Yes,36.78510017532272,436.0119698980623
Butter,305,19.520066187937367,High,Yes,36.520400411650016,612.3652637022535
Tomatoes,643,30.721501188352363,High,Yes,25.886968385234407,912.9661995609442
Sugar,710,48.052743256150826,Low,No,47.79407357651276,272.6311397039088
Flour,486,18.476002082641322,High,Yes,44.25031263803657,741.3528927934607
Apples,867,49.560704783929324,Low,No,43.979482162805965,438.4606423879228
Bread,798,33.47277737034049,Low,Yes,20.671947993723258,784.112826379258
Potatoes,175,15.893989982847723,Low,Yes,24.394990511859334,206.8830143149556
Pasta,276,24.6550047359566,High,Yes,23.85328660377452,675.240696790998
Potatoes,926,38.320390507261536,High,No,24.81200971087987,877.035451545078
Bread,898,25.091505845738656,Low,No,45.01448577548899,521.122349463101
Flour,448,8.082840530369857,High,No,16.210431480640995,591.6885480479402
Rice,354,12.587164762214407,Medium,No,41.09877819316955,178.55032777724134
Rice,936,40.60839856027755,High,Yes,28.13179887701481,1145.2026087039771
Cheese,801,34.176788407312756,Low,No,16.208788357997705,592.3636463731463
Tomatoes,407,30.642146479946017,Low,No,28.72822004867994,148.70030602536005
Milk,444,12.542988683993059,Low,Yes,13.794872930331941,579.7039072843526
Milk,226,42.69908504076527,Medium,Yes,9.868068387816571,521.6821218513386
Cheese,386,48.233304931381255,Low,Yes,42.7179838024423,361.30416114055794
Eggs,865,6.83991938708013,Low,No,36.469491054379695,511.01715796050416
Pasta,824,8.511434179423489,High,Yes,14.2240545596241,1130.1047324032736
Yogurt,861,44.812602649155416,Medium,Yes,47.403262861639206,884.4922693659892
Salt,695,41.69985143144577,High,No,6.097926800356213,826.30249755925
Flour,586,32.807050498008216,Low,Yes,19.997608417258164,595.3487716768276
Tomatoes,482,47.523434404376204,Low,No,5.974386732119149,344.68295668611455
Rice,505,34.08937600964015,Medium,No,11.403391698019995,462.99298999266415
Flour,487,14.71933740782765,Low,No,13.103571927353514,319.95898887401887
Sugar,624,37.78890456726051,Medium,Yes,41.465069047875545,708.8488570533008
Yogurt,656,34.05696551355368,High,Yes,49.68678517400231,804.4819821761897
Milk,738,49.35851159045132,Medium,Yes,44.029412357497485,719.338049011338
Sugar,725,14.625308136865629,High,No,33.580984495191714,675.7759434056279
Tomatoes,375,31.904822136316955,Low,Yes,37.531554352584,348.5983598759589
Salt,599,40.10753850013052,High,No,28.526944730930833,592.2849137486954
Flour,816,20.254239020217685,High,Yes,24.014462299159632,1029.6183373663373
Tomatoes,436,22.085581239420694,High,No,36.147601887909765,421.06155311024236
Apples,580,44.95558272477443,Medium,No,48.790250870422206,382.823945402203
Sugar,996,23.18876958239966,High,No,6.300231906034265,1049.4332836016063
Rice,372,33.11297833530265,Medium,No,19.13382276458117,337.10731180903474
Flour,157,45.01571618870715,Medium,No,19.85269113532042,124.8304101187931
Yogurt,427,14.44219623907526,Medium,No,23.64128851190448,348.7276379203478
Cheese,830,49.18447833586726,Low,No,33.21014661056519,454.9443884742626
Tomatoes,208,36.58790902866466,Low,No,28.118892311586563,10
Yogurt,378,27.325476236365017,Low,No,5.842807206160604,209.77126083226113
Butter,785,24.391425395794897,Medium,No,23.52243102734172,680.8823811587308
Apples,427,47.946407699817705,Low,No,32.87519170354865,152.75808330321746
Flour,875,14.257617238834987,High,No,27.717112621871784,860.3482108200849
Tomatoes,414,19.02574655806826,Medium,Yes,44.24278388815914,527.9033588021081
Milk,573,18.850673999656614,Low,Yes,22.936805180060922,609.4229135167157
Sugar,210,18.005285063050856,Medium,No,5.5651405922110175,263.9192267414456
Potatoes,798,26.084212034706013,Low,Yes,17.820433289952447,804.3897502757169
Milk,880,49.513065497052494,High,No,11.105268213604468,941.5424913206426
Tomatoes,328,44.99540450222978,Medium,Yes,16.26036455537713,568.0799029205175
Flour,596,19.757730574466876,Low,No,21.293960811659375,392.28495098074785
Potatoes,255,24.029155207856196,Low,Yes,35.44950435445199,288.7238654558338
Bread,572,35.12663358736691,High,No,19.58764978841809,663.9195226618187
Eggs,800,5.771825631347634,High,Yes,44.78491287787399,1004.1479564845437
Butter,371,41.906914640854154,Low,No,18.480555922533455,184.30354678844557
Salt,986,44.59091257903638,Low,Yes,11.162003546367995,962.4275929593745
Salt,101,43.57401504460403,Medium,Yes,12.598943786191533,420.5943790933593
Pasta,857,21.87744740984913,Medium,Yes,47.05609387468827,834.0271921698331
Pasta,821,25.789977831389365,Low,No,25.466651208444134,531.0199852064998
Eggs,610,5.557474485669013,High,Yes,23.140673062812507,902.7146782326757
Butter,385,22.972790661959788,Medium,Yes,8.10053964943368,587.6260052632898
Tomatoes,970,25.719207006497065,Low,No,37.99944809518633,591.0793754272846
Tomatoes,112,45.81384318808154,High,No,36.2593636599515,138.93584998850793
Cheese,707,45.229445319076135,High,Yes,21.9083247245641,962.4701698955677
Pasta,597,48.47436788395593,Low,No,36.129359735774585,297.3163695194124
Eggs,832,44.829724329073414,Low,Yes,21.535329223102156,810.4613696573954
Pasta,337,5.3690319242440525,Medium,Yes,8.292110962740995,660.7130858548132
Yogurt,193,33.86573835494988,Low,No,38.21447197884992,10
Cheese,437,8.070695739636836,Medium,Yes,48.43405820199678,512.2747636744668
Tomatoes,880,17.26674288709934,High,Yes,34.17307376783373,1066.7707026988794
Tomatoes,270,31.023843326176117,Medium,No,17.440755584646,292.93077937852127
Potatoes,705,36.52762182833925,Low,No,17.14641284592065,504.2949225030454
Pasta,760,34.45844116626928,Medium,Yes,46.803991841910545,717.4833713202448
Potatoes,723,7.207626533388945,High,Yes,18.648063832900426,1032.0323468044173
Butter,666,9.662174130629841,High,Yes,39.56865050222682,905.1046249081477
Tomatoes,948,10.786406581907302,Low,No,33.931174203680584,573.2109753357397
Cheese,566,9.1136469546361,Medium,Yes,31.667081506500654,742.2786105785872
Yogurt,727,13.020549047119502,Low,Yes,13.148369663093822,747.3037907773371
Bread,242,35.981950609020174,Low,Yes,6.548497065703607,383.8604872672649
Salt,300,42.38767630216188,High,No,26.990470909754983,351.6545836305569
Eggs,279,23.396625053303463,Medium,Yes,49.46713732624032,368.78362042215485
Pasta,813,36.17516778927546,Low,Yes,13.809195690503907,722.7204876459721
Apples,463,14.000731756962193,High,No,29.15924244976056,510.1704914471592
Bread,578,48.797606823503365,Low,No,35.19406825900478,300.0999398709866
Apples,664,20.749888528592827,Medium,Yes,26.765497243507465,745.0945790399597
Sugar,570,43.064010779217575,Low,No,27.81202129687373,246.85880751756025
Flour,483,47.541486768322414,Medium,Yes,34.75523769231173,622.3397685819131
Tomatoes,791,43.9121283293886,High,Yes,41.67074736522375,990.0412846855625
Salt,516,8.018044319313002,High,No,19.99794260670936,568.1306391564445
Apples,924,34.26382207882652,Low,Yes,45.46738542279721,796.7135425985435
Sugar,407,10.404081795719804,High,Yes,26.820539279736188,749.268815648841
Bread,748,5.254835023660852,Low,Yes,34.784486247859974,703.3124671535926
Cheese,793,7.330254977438035,Low,Yes,9.79311353370974,808.0132098937875
Bananas,466,46.226713840117576,Medium,Yes,27.161567887001716,658.5505730821958
Salt,100,45.88085814171772,Low,No,5.724790077080341,20.395132846345895
Bananas,143,15.162097449381521,Medium,Yes,22.596113247801778,384.4773373597371
Milk,838,29.61775466593818,Low,Yes,7.451789025602599,882.8035151182058
Sugar,942,47.976271801966675,Medium,No,45.36413769450103,641.030421819427
Flour,197,27.351775836354314,High,No,35.27623043928661,221.92177263481926
Potatoes,819,22.711001906559108,Low,No,40.6344360303394,444.6253436627891
Bread,364,26.746191232008105,Medium,No,26.04557680112378,288.05172933481776
Milk,899,40.55970926983749,Low,No,43.33539823005956,459.20581579907633
Bread,882,26.47749346399559,Medium,No,44.28682654179607,658.1429352074863
Potatoes,239,40.24749565770663,Medium,No,21.056820792890996,287.56194863146385
Potatoes,580,24.426385053841983,Low,No,21.958470877681975,314.4206974093753
Butter,336,16.34025520451223,Low,Yes,27.87083189093301,377.19894548608704
Eggs,171,19.69127284183793,High,Yes,6.900957276895475,630.4963893429272
Butter,766,8.502055908672467,High,No,49.80957336340097,728.1530865086884
Sugar,289,27.382151498417436,High,Yes,21.163155529699587,676.4451901638572
Bread,367,11.664991620006035,Low,Yes,26.18794910105267,434.63643005793335
Cheese,420,41.519615285062976,High,Yes,38.96406851605931,705.8748264917599
Apples,206,23.926575837060238,Medium,Yes,18.38810754164172,464.80079001836197
Apples,331,39.425104579627536,Low,Yes,14.073414059946261,419.12887718946104
Milk,141,47.95071923923851,Medium,No,10.735255444178627,230.7163325990478
Sugar,801,43.226507737095616,Medium,No,28.760778908657453,648.7195028740123
Yogurt,982,47.815865588561884,Medium,Yes,5.247422937623997,1110.0779672695005
Tomatoes,238,30.557143709182863,Low,No,36.928431095172314,10
Pasta,714,12.439599529124383,Low,Yes,25.762527521109664,674.4779674239765
Potatoes,782,47.09281793826653,High,Yes,28.93202715416132,1042.1700119765533
Butter,962,44.08269757685469,High,Yes,16.844209200155642,1257.5410295077922
Tomatoes,372,43.89858459801178,High,No,13.021387474485312,575.0956193012802
Cheese,580,36.19734923339233,High,Yes,36.499535206133416,792.1425505727693
Pasta,515,33.12123179837357,Medium,Yes,14.462309013186381,727.3340347610675
Apples,605,5.662575133759917,Low,Yes,40.103868128786445,518.643318292901
Cheese,832,38.66243310896523,High,No,14.165263378028362,869.9720962637068
Yogurt,824,9.119080286726259,Medium,Yes,32.57073963746369,919.6831273007101
Apples,952,16.68879212461591,Low,No,33.974242882884866,582.0080192076136
Cheese,523,29.817063290810157,Low,Yes,27.754051595967518,554.1969405219417
Potatoes,506,25.327966319421872,Low,Yes,49.85558443732832,377.36914123632266
Rice,667,5.709847539715068,Medium,Yes,21.912935506374314,843.4228892206065
Yogurt,489,42.07932763032706,High,No,44.74945153199727,433.1303799991801
Bread,441,44.54604311386669,Low,Yes,12.615268655223979,462.33390615425
Cheese,713,35.68428245735451,Medium,Yes,20.17448926042128,821.041358459013
Pasta,592,29.34805363955701,Low,Yes,11.541520440371194,654.9422628887612
Pasta,291,48.23320275047621,Medium,Yes,32.163103460777734,505.5128159599181
Milk,598,10.398029348668636,High,Yes,33.72157850640561,840.8054664155499
Eggs,921,38.20595241492451,High,Yes,25.407679303085555,1135.5829744101256
Bread,811,10.776227580283903,Low,No,37.407247234340346,471.0657428020015
Yogurt,332,22.183015951553706,High,Yes,44.044360452859664,566.3040501697201
Yogurt,326,31.34680291269404,High,No,39.94516895499256,330.8879816227245
Bread,470,38.16894607269585,Medium,Yes,15.874806061605257,679.7049309919313
Tomatoes,238,5.1672245122392795,Medium,No,19.417966475786542,227.62956527759872
Potatoes,955,16.726904886729926,Low,Yes,22.11244493205741,841.584535832447
Rice,916,29.219017613441917,Medium,No,14.169481678939995,777.837981602957
Potatoes,248,28.979315562267814,High,Yes,21.25563064571383,646.0797795870363
Tomatoes,214,33.693189572581886,Medium,No,15.712055458714184,245.17322074401588
Rice,549,18.673411139070012,High,Yes,49.80775349564007,770.9115379630437
Apples,162,29.323816299002104,Low,No,40.24626531747828,10
Cheese,203,13.540404984555938,High,Yes,43.70076815049979,460.12032802529006
Potatoes,950,13.409249648155496,Medium,Yes,46.49661035827973,898.4498299111968
Apples,970,30.945378354017308,Medium,Yes,34.9250446219246,964.8636549185005
Tomatoes,767,35.84626632704035,Medium,No,12.918945541485407,676.5202905135031
Butter,372,10.417998500657959,Medium,No,39.133673126399415,228.0245316379739
Bread,105,10.52554558569005,Low,No,5.702515998223337,44.988836220651855
Milk,246,30.43862111572027,High,Yes,10.09536976447965,654.937930883066
Pasta,283,17.15430885276405,Medium,No,6.331300624107399,359.698505376637
Eggs,127,22.65795960085015,High,Yes,11.095030232650785,556.3539601855408
Sugar,649,23.033680144141005,Low,Yes,38.840190783851504,533.5550485099814
Yogurt,218,13.034878667821237,High,Yes,44.84662558394644,509.2563063220907
Apples,392,5.059158504378189,Medium,Yes,17.547812620782278,645.0003567626211
Flour,470,43.39183144860533,High,Yes,10.36072384632918,845.7467935884165
Salt,343,37.17508860039597,Medium,Yes,17.283185989538477,595.4661704097006
Tomatoes,679,36.07423511520045,Medium,Yes,34.12011885993522,778.4659163346744
Cheese,825,29.592731215099384,Low,No,20.759136812582366,598.3821140332441
Salt,317,36.54363445601542,Low,No,48.25157108598004,16.05811138067029
Butter,276,47.10597698964316,High,Yes,10.894045839638935,743.9928748504276
Potatoes,398,34.955318130318105,High,Yes,49.56541357074862,604.953148223787
Flour,775,16.92911308673525,Medium,No,5.56032611515145,775.7225981641334
Pasta,157,30.675202328340408,Medium,Yes,25.32618345780416,426.2544729919858
Apples,368,24.90459815147946,Medium,No,16.33152979312741,346.01163976431917
Potatoes,407,30.038860900046725,Medium,Yes,30.482846110625644,537.5101275585007
Bananas,669,28.292471483577128,Low,Yes,9.344787439148242,708.9495522169099
Pasta,387,43.64488783528092,Medium,No,44.41202938080631,228.17113410120777
Apples,204,34.33100465214802,Low,No,11.143688018508367,55.82484733753177
Rice,327,13.494131507034677,High,Yes,31.43251995977531,634.078408477919
Milk,346,7.835755049391687,High,Yes,6.5006088374544415,826.2959884064708
Tomatoes,799,24.09637049066061,Low,No,18.99464437131844,552.1836118614402
Milk,593,5.702478001597816,Medium,No,11.737530602453521,492.2819376811266
Tomatoes,182,19.323382362500105,High,No,49.00309905852652,150.94340159152628
Apples,285,21.560966124765155,Low,Yes,5.540961543368403,504.2813006119964
Potatoes,351,21.901499330446576,High,No,20.857790323083243,500.94732095731234
Bananas,454,49.07075109457517,Medium,Yes,18.624923480131265,628.0521906103243
Sugar,849,18.67553946376107,Low,No,34.581811621178886,452.300207067372
Bananas,971,16.935237292037954,High,No,7.537008503617029,993.1621269602606
Cheese,795,10.822141898039355,Medium,No,41.47779972547679,588.4747617088477
Milk,895,27.995397605717574,Low,No,25.993570851806705,631.342297646815
Flour,996,11.915343779612929,Low,Yes,25.374765684258282,971.366224995715
Milk,309,32.7332620728853,Low,Yes,15.205544617193096,357.53508107291617
Rice,915,11.982190052225729,Low,No,27.052104528642055,581.8752440230421
Potatoes,907,30.95029929916405,High,Yes,21.375205490091066,1127.5373914268255
Butter,708,42.18211576285818,Low,Yes,16.031139631352097,719.2617531708871
Eggs,546,6.913608508359168,Low,Yes,12.590012228965714,580.4613102337739
Flour,559,23.888613871319265,Low,No,37.77510055430801,230.00563897745545
Tomatoes,571,25.747203524847595,Low,No,11.39193380044878,360.9488956982414
Pasta,819,40.59824645651506,Low,Yes,12.55918982633992,837.8130652176484
Apples,469,26.056203437549488,Medium,No,30.968210626848144,341.8850790060963
Yogurt,999,30.539110390534407,High,No,15.173487829500683,996.9276748144865
Butter,591,40.6041914114632,Medium,No,25.671940557974267,489.4657555615463
Eggs,236,30.18913218181808,High,No,29.881280876290088,373.5746546713729
Eggs,466,21.123473608381207,Low,Yes,17.349339064182395,588.9648330162416
Potatoes,283,8.862902492926203,High,Yes,20.459941289127535,683.349222569325
Bread,687,37.84620332806599,Low,No,14.459307217355542,455.72314249491103
Tomatoes,386,44.20121675729698,Low,Yes,25.71910201230318,447.59130076355603
Milk,571,48.65290416590738,Medium,Yes,49.65799592018315,619.1985047264773
Milk,474,46.696994634720575,Medium,Yes,21.322035539072758,675.6956529625423
Pasta,753,40.88380589749619,Medium,Yes,34.39986706595926,762.578548785032
Eggs,848,33.95623695105777,High,Yes,33.61525029586991,1079.590892140222
Potatoes,636,40.16570656237873,High,No,40.39168247821135,597.5047750860853
Sugar,610,24.443767078343058,Medium,Yes,37.036329676269446,663.7853987733188
Potatoes,901,31.764929665587573,Medium,Yes,5.530088028740766,1057.1108132992529
Flour,678,20.691491411263335,Low,No,18.914769162665255,454.9413771472259
Salt,349,19.701914674117223,High,No,44.16050650450642,273.19735082679006
Butter,609,39.05112979742152,Low,No,29.279759835970612,317.51144099034644
Rice,729,25.426975203660277,High,Yes,9.690083878489563,1052.3842162302592
Salt,172,14.547256831896314,Medium,Yes,17.426159945335804,420.4873445105871
Eggs,381,14.087217287383965,High,No,17.752375188166177,495.27872164963094
Butter,459,43.66275627064701,High,Yes,44.29298094759904,629.5217059841782
Tomatoes,109,35.4992222463202,Low,No,29.903057198176434,10
Bread,310,29.572073301115214,Medium,No,32.374562938042985,157.50430332046977
Rice,934,23.042243119836176,Medium,Yes,21.51791107700187,1033.1679493090987
Salt,251,24.38678258542066,Medium,No,7.713967281097947,274.61003594030166
Yogurt,104,7.584583738772471,Low,Yes,8.386172734855034,346.9842048563522
Bread,294,25.470956519052923,Low,No,23.917214373249234,103.55904302875243
Yogurt,382,40.79547097799368,Low,No,12.987224528431803,156.56615755813257
Flour,563,22.459391604289504,High,No,9.691815179047795,707.115860598175
Pasta,212,22.261156364446606,High,Yes,16.80095951740307,591.687322899428
Sugar,370,5.7072462358679505,Low,No,38.39208622703045,130.73261757950883
Cheese,262,25.60258681511309,Low,No,8.285823697870825,173.9012680690901
Sugar,559,6.140194382658509,Medium,No,25.17016591570307,512.456938151736
Bananas,204,30.66572426039425,High,Yes,42.17392218038128,492.60847947951436
Cheese,792,27.80525217120413,High,Yes,17.056616681323796,1108.9887542931772
Flour,655,42.80038245157995,Medium,Yes,18.584339685368562,810.9607350406396
Flour,381,31.180127491657455,Medium,Yes,44.789327537180135,447.5736848601589
Bread,786,19.554230989499686,Medium,Yes,34.25016111186918,879.7447269000744
Bread,261,28.230395423761134,Low,No,40.897044281021614,10
Flour,450,36.48678600874635,Low,No,18.014189744472603,250.59644165308976
Eggs,533,9.228370793467226,Low,No,49.85507858942118,155.45345449078957
Salt,951,32.94833398116952,Low,No,11.34033664594898,712.8869717884081
Eggs,239,46.24818268900906,Low,Yes,48.28716894219284,148.23964459470164
Bananas,570,18.460863303405997,High,No,45.594460361825895,506.5322887604179
Flour,231,33.19812926943855,High,Yes,29.835259209734406,570.3420443778836
Milk,186,41.959825265760955,High,Yes,31.33834159807163,565.7600709372155
Yogurt,787,28.031287884738084,Medium,Yes,39.87715453147758,800.2230941853487
Apples,282,37.30907903091732,High,No,18.805194778642722,400.89272434344775
Eggs,467,18.995465232016706,Medium,Yes,28.73614019245321,579.975515640634
Cheese,228,18.772630381631515,High,No,45.60691071782771,215.48928830731876
Yogurt,345,35.04128098093523,Low,Yes,8.07120667556875,480.51276370414877
Milk,700,36.743399328806774,High,No,45.748790121074876,613.8464050061832
Butter,677,47.165436478046466,Low,No,37.795007268016136,330.4853398668999
Apples,769,15.117735862308853,Low,Yes,39.643017302276036,711.6624935037551
Rice,998,26.06979182395861,High,Yes,7.91231463651947,1245.6351935103044
Flour,477,16.27310629237511,High,No,13.44905010072397,675.7528456548828
Bread,248,8.604147239611043,Low,No,46.63678096995837,10
Apples,951,23.145373757636946,Medium,Yes,10.582315181291,1086.5419471885002
Apples,532,21.83363362796915,Medium,Yes,33.40322850102512,659.4040242864252
Milk,727,17.169535399198455,High,Yes,40.22116473616421,901.4240560921784
Butter,825,18.36477010127374,Low,No,15.407691102706076,583.3561557191092
Cheese,568,21.218531285807515,Medium,Yes,36.44555950781498,726.0582387751944
Milk,545,49.49769347510421,High,No,7.9509430982858476,652.1077915234576
Cheese,580,40.233099468527605,High,Yes,27.444578136918928,849.700391334591
Yogurt,983,8.213054048910813,Low,Yes,20.049490298736114,909.3430348639278
Yogurt,393,44.25859294190158,Medium,Yes,34.0583907811413,504.0953412746948
Salt,864,33.498649687940215,High,No,45.005218073199316,737.3437638499648
Eggs,242,45.076719205485915,Medium,No,10.64709131554947,234.97961615929097
Tomatoes,349,20.37693592086027,High,No,25.26384436125025,434.7839482289045
Tomatoes,977,25.903348916527346,High,No,24.04372129265809,950.0566909539272
Rice,401,45.330217578864875,Medium,Yes,19.570785727726467,588.186465412779
Pasta,124,17.265791116115665,Medium,Yes,26.607504447531475,288.5567217278201
Salt,888,46.19753943104369,Low,Yes,44.63278150320349,709.5077915473439
Salt,988,42.282487046492115,Low,No,48.81478701946322,523.7666727181032
Butter,989,49.125107340918206,Low,No,5.127929932273264,797.9240475164793
Rice,169,19.59159141573634,Low,Yes,38.256419440090674,184.92666869709163
Bread,724,15.608893100215253,Medium,Yes,32.678654014085936,836.0698655554426
Flour,974,19.889010367057764,Low,No,49.75304662338553,507.7192704488612
Sugar,211,47.95924081949308,Medium,No,9.046912814990133,288.53104567492284
Flour,463,19.98829832238237,High,No,41.51058357099664,424.51663856380696
Sugar,402,30.434531898075715,Medium,No,47.02676807548846,236.39856970708237
Salt,570,23.165567716393138,Low,Yes,46.045203436526776,489.4021603916188
Flour,190,22.82990650168014,Medium,No,30.225771689801686,160.26437206518628
Eggs,629,13.702037444557483,Medium,Yes,19.74002652575229,862.573342954375
Potatoes,760,29.16857933589155,Medium,Yes,33.79567266638978,806.9064072493098
Bread,838,43.22319147352431,Medium,Yes,18.773239785045522,997.33570464645
Yogurt,825,7.226825609924186,Medium,No,23.552116668517986,723.2953575342144
Milk,971,45.01519671485397,Low,Yes,25.057624315633678,880.4882723048257
Tomatoes,762,34.94628343117847,Medium,Yes,18.587757938656853,954.3658997948731
Bread,291,32.75321362587063,Low,Yes,20.382231413481104,360.11549150062314
Cheese,651,33.165510481579645,High,No,5.329090353523306,778.2412896883708
Cheese,341,18.332142617951124,Medium,Yes,18.368548869274157,571.626675203176
Cheese,237,23.68150267407295,High,Yes,26.253741837200376,558.2949687437936
Tomatoes,444,40.968050265689655,Low,Yes,12.785331659781232,543.6347375961003
Apples,279,18.787146662133033,Medium,No,41.25130595838507,175.71184113177642
Eggs,811,26.150909430771353,High,No,29.19366599578589,786.6158357114492
Cheese,602,5.8834522124444,Low,Yes,40.72463006807672,577.9111599774149
Salt,302,38.010125882097796,High,Yes,10.76465445671261,705.6550630535327
Tomatoes,672,23.796597950537254,Medium,No,41.92300659913796,414.1927455907093
Salt,291,28.64114458131217,Medium,No,48.121831723376154,184.93644823450933
Apples,104,10.161019301484139,Medium,No,20.86042937164678,154.15062270711354
Sugar,989,49.62714029543466,Low,Yes,17.777858201040715,946.2783887206267
Pasta,336,18.611052214318068,High,No,34.1074194276715,378.7740157470377
Milk,792,33.57453477184026,Low,No,33.61613497440822,458.99480577414886
Bananas,410,31.155635518450943,High,No,10.061061750689658,524.3055246779688
Salt,648,40.32914917662457,Low,No,46.704145311535335,257.9604093243306
Apples,155,18.222663002988227,Medium,Yes,26.557526991702193,354.9901072443615
Apples,542,39.016730524875676,High,No,39.39873866107677,524.9543793436088
Cheese,336,22.212577880858046,High,Yes,21.169295428260625,729.5512876734394
Bananas,969,23.50224346308571,High,No,16.769148888009894,948.1743782431585
Bananas,960,35.272063691904656,Low,Yes,10.0072353238611,972.0751719577949
Cheese,296,40.2928597283211,Medium,Yes,17.353342164333228,535.879307125803
Cheese,684,35.00899862542516,High,Yes,49.704401548683336,851.6890643926375
Yogurt,670,45.494578425701846,Low,Yes,34.60820827474912,582.944926452567
Bread,851,17.83215632795303,High,No,41.12520485191562,787.3783596564487
Flour,613,45.527752944587725,Medium,Yes,48.13291078490677,606.097372663734
Yogurt,548,10.888858667452041,High,Yes,8.55461083081628,889.714953616509
Yogurt,459,34.67886435634912,Medium,Yes,12.411249158074712,644.1863618713916
Apples,799,29.64337931210799,Low,Yes,46.75845613974281,625.5030400101092
Bananas,918,27.258617318701525,Low,Yes,30.404915674697644,770.3704083339748
Rice,129,18.991041298798024,Medium,No,33.56821424326297,122.37458508590484
Salt,878,27.667973538870537,Medium,Yes,24.243542707387775,964.8633648111435
Milk,207,12.279801037311646,Low,Yes,41.64929306552889,228.7918115756925
Apples,943,21.6194424895254,Medium,Yes,28.27598968265378,1025.8223810072457
Sugar,701,9.440641286774483,Medium,Yes,42.17582562436985,745.3930654874729
Potatoes,816,30.733096990384382,High,Yes,49.64839716105687,1045.2874153457244
Bread,990,9.309554878983214,Low,No,34.102705292139305,704.6610531758769
Flour,544,12.215508975732455,Low,No,28.79661127256139,326.86596351143146
Apples,992,8.84600606693666,Medium,No,21.432103441935197,804.8608215831023
Rice,537,22.158978797843506,Medium,Yes,13.761339911539142,792.7028169214194
Butter,831,42.888130448825684,Medium,Yes,34.54960044000071,818.1519593319302
Tomatoes,989,45.81033762352225,Low,No,7.81867362638949,771.1038555967455
Butter,705,8.235025457000603,High,Yes,48.0329413400408,793.0341271287659
Eggs,556,33.55475633877322,Low,No,34.13998424769029,247.75400450804852
Butter,714,35.79734410664331,High,Yes,48.17132479705758,898.7184310072602
Apples,834,29.019647409441085,Medium,Yes,17.252352963317406,977.9844108242182
Butter,797,35.01431876612956,Low,Yes,47.59321162778998,587.7695324029523
Flour,795,15.516082194939287,High,No,32.545631398419374,770.6227623984863
Apples,594,27.033989531855724,Low,No,41.461878476868,265.94233024895607
Sugar,773,22.58941320661228,High,No,13.051548622146647,847.9911136895068
Milk,346,9.036857814783398,High,No,27.50496671560201,422.53833583575897
Butter,642,33.150039787512,Low,No,30.603216473876135,369.66134121940445
Apples,663,27.28468367021958,Medium,No,22.678449116910745,587.7127602001154
Rice,956,17.382831210616246,Low,Yes,16.395473084813595,919.5055169302486
Pasta,687,26.315836718151715,Medium,No,45.714863367490224,503.45740982271616
Milk,996,39.88841082788763,High,No,8.827649672228855,1028.0297243919144
Salt,538,41.07459932636287,High,No,11.929419099579,635.5211741807223
Bread,377,34.22867579372161,Low,No,19.422973990931048,228.07809297117012
Bananas,651,26.04865250300737,Low,Yes,46.38965006736767,565.4401141009749
Apples,712,30.90873376417316,Medium,No,30.38946666354222,533.5950357792565
Rice,210,22.325691711002772,Medium,No,21.792816132393014,174.91554661335556
Bananas,484,10.69503543474072,Low,No,23.120519684784515,319.18143086298596
Milk,932,22.352926882374135,Medium,No,42.69999166095034,667.8437194113169
Milk,860,28.86497402313354,Medium,Yes,6.205080856509708,1042.640680738367
Flour,290,31.947530659276282,Low,Yes,5.5102576205475335,430.9075234471861
Pasta,589,47.11104392245794,Low,Yes,7.073811326072256,701.9237465257304
Sugar,793,39.980005026377725,High,No,26.11422502788372,848.1640172730663
Cheese,525,11.83966526501048,High,No,31.15622275736787,560.3986524595381
Salt,504,12.838199299381763,Low,No,33.101096472858366,303.8070796885518
Eggs,434,9.522264165788933,High,Yes,37.90117059802788,686.2977884504108
Potatoes,308,38.2181777249413,Medium,Yes,13.537570397140808,551.1189980589568
Butter,121,36.77550253213357,Low,No,16.80281042689017,14.59082440508768
Milk,777,49.38633057635965,High,No,15.957815717808485,792.6080342292777
Milk,710,28.49105379489569,Low,No,11.7127444149797,514.9971206111326
Sugar,307,42.188671798199685,High,Yes,15.997800938165447,678.96181901098
Apples,107,30.93979363892544,Low,No,32.6143690122578,10
Salt,801,44.33390206373467,Medium,Yes,21.488521717230913,858.9153497282631
Yogurt,786,37.44594676862382,High,Yes,39.55605966187658,952.5830185748652
Butter,884,33.92978067460638,Low,Yes,29.13884597043802,807.0692306854427
Potatoes,628,30.430520194237268,Medium,Yes,14.541762520255402,773.6402349408507
Tomatoes,701,37.53367359993387,High,No,26.03219002625024,717.2299557436522
Milk,752,23.884422920195473,High,Yes,31.701596116490364,986.5924595592891
Potatoes,756,9.345946131754886,Low,No,43.978773714296786,375.20389638995476
Salt,265,6.7993757959028365,Medium,Yes,42.517292002969874,368.22644263292904
Yogurt,948,26.556067922412826,Low,No,24.1915925982342,631.371110772132
Cheese,595,31.96812119990636,High,Yes,34.14541185938971,835.0188049525659
Bread,689,8.548206375678145,Low,Yes,18.40121508495683,734.3721216243217
Sugar,528,17.9106597010446,Low,Yes,33.485148925239386,457.2347299213307
Potatoes,873,19.491449268896922,Medium,No,46.07566002631738,611.6949232333656
Bananas,262,30.325799084371305,Medium,Yes,33.10442463486266,390.75968478415655
Salt,465,17.53171052192551,High,Yes,18.66973268375849,812.773261611282
Tomatoes,625,9.304186980020301,Medium,Yes,33.97925405167199,692.5992366005701
Bananas,338,12.418553342594755,Low,Yes,45.623960187481345,258.5525453969722
Rice,171,12.827651072188694,High,No,11.167111884747374,374.4352305570105
Sugar,544,42.921272490024265,Medium,No,26.71011130529365,413.2200182391162
Potatoes,754,17.794385914023117,Low,No,19.447292747109874,541.0671883134623
Potatoes,921,37.161128026164064,Low,No,15.866035425202623,674.2642027538756
Eggs,608,30.552743585268757,High,Yes,22.829403933461418,931.1191768696731
Sugar,894,48.96674391273989,High,Yes,22.728562069151454,1150.6224815247215
Milk,368,17.2770200996091,Medium,Yes,14.469484860195202,617.3219827831492
Milk,852,12.12678592381401,Medium,No,23.163130783000458,748.8648339311843
Apples,514,7.341702696255217,Medium,Yes,33.51793191270893,631.1182055631282
Cheese,344,15.843184802657623,Medium,No,6.15793843416874,450.06987352216555
Pasta,774,35.78318988869267,High,No,49.51513456915928,625.4669876155712
Bread,159,8.836620108658728,Low,No,18.317494621125867,10
Potatoes,105,16.011583031734634,Low,Yes,33.06404140273074,118.82477643215609
Bananas,808,43.48887656828054,Medium,Yes,17.759702532489097,899.2310498762181
Cheese,669,31.23288272140341,High,Yes,22.709114492878268,907.1573112090184
Rice,916,8.128469311393795,Medium,No,29.71568641109902,736.5802290501848
Tomatoes,506,7.145741491239347,Medium,Yes,32.53336261864014,664.1749727372462
Potatoes,316,7.750529389659509,High,Yes,39.670607728403965,601.595818996484
Apples,125,47.38437725662637,Low,No,40.625771670016206,10
Rice,914,43.24421428524746,Low,Yes,28.34164306051794,803.7792930732238
Rice,104,43.022301890844865,Medium,Yes,8.407658941869023,444.8951328537558
Pasta,631,46.58975430095956,High,No,30.100260149804182,620.7459587495896
Tomatoes,489,27.736492561290962,Low,No,26.491112783120247,220.92474890221686
Potatoes,809,16.13051020145048,Low,Yes,14.692397326937517,770.2592283565622
Eggs,670,23.060660190733316,High,No,5.457329239540512,784.5007114945126
Pasta,547,37.348883279771485,High,Yes,19.218468838132345,851.7563355408229
Sugar,853,44.42147921845693,Low,Yes,16.676974493061188,824.2131932801334
Pasta,245,24.579091701478593,Medium,No,26.730959825763335,214.34703710083926
Butter,487,29.092142992192755,Medium,No,39.27207061629506,320.2194360520482
Pasta,884,46.930234697431395,Low,No,24.756800498773828,565.4950960489853
Bread,348,9.837438669924309,Medium,No,47.82057890158612,198.5385406423454
Potatoes,625,43.80346476383558,Medium,Yes,14.95909931498129,766.408502499188
Potatoes,561,12.168836701337117,High,No,14.942841870566863,724.5826112099453
Bananas,112,26.773760763077913,High,No,32.20023032774438,192.9691397542219
Flour,483,14.82904078983768,High,No,45.33181672035981,467.82308349445753
Pasta,655,32.13264338107719,Medium,No,35.23359052740879,447.68619766601057
Apples,986,30.135803976871973,High,Yes,35.31552032999285,1150.4587747718497
Yogurt,498,22.100331390833833,High,No,41.282868849881446,485.3374486923591
Tomatoes,118,43.848658168030596,Low,No,35.09057942305598,10
Cheese,674,34.69159941296269,High,Yes,39.17064660004102,869.0223971445578
Butter,590,37.454230623287465,Low,No,43.97573577243575,272.37829230200833
Tomatoes,850,11.779688219345084,Medium,Yes,5.3559818399735315,1056.043994772378
Eggs,518,44.74245550890279,High,Yes,44.853030967737226,773.3268279532449
Rice,436,12.516807362900828,Low,Yes,14.68689699822711,465.70413231900466
Rice,518,15.025323389448209,Low,Yes,46.04474645524499,441.12868149937015
Cheese,711,10.762481232359619,Low,No,16.978248287644753,398.3406735602546
Apples,774,24.8161643585967,Medium,Yes,25.485752270180093,877.6210723720795
Potatoes,221,44.94691542885394,High,No,47.02475164123677,249.83255819083325
Bread,531,16.36013838244368,Medium,Yes,9.938606571947126,810.2954043100592
Bananas,143,21.818903919032895,Low,Yes,38.53774077779458,182.96058075960823
Cheese,971,43.07298890339399,Medium,No,22.660188741548573,783.2456955540074
Tomatoes,416,32.80168758915001,Medium,No,6.084533618595348,452.33035324019136
Salt,480,38.82273771408246,Low,Yes,47.260988015663216,453.7749667541714
Flour,244,14.630002224625168,High,No,10.302298805077303,438.63486558008293
Bread,426,37.242043849965896,High,Yes,39.83637968887444,701.8281726993677
Salt,462,15.242476038879762,Medium,No,22.292156606462026,387.63741026279894
Apples,149,49.429129199479746,High,Yes,41.47623177398929,469.21711064149054
Rice,164,30.194877025703178,Low,No,38.76292691531889,10
Sugar,454,36.303766611941164,High,No,33.49483439517799,459.2585347178792
Milk,899,10.328071286367628,Medium,Yes,47.26501326716791,901.0300816690844
Cheese,263,16.279519101870626,Low,Yes,9.451556633585248,429.74597404978863
Milk,240,11.288329680395945,Low,Yes,40.936060783069685,253.8738127325039
Salt,925,22.557682187227538,Low,No,35.18533767191377,551.560092293627
Bread,227,17.786113889242934,Medium,No,19.16243341422811,263.7675437183799
Rice,497,37.98150168337561,Medium,Yes,29.568748612326154,602.7177469101817
Bananas,979,9.891904083266803,High,No,34.008245597470335,908.5052613774571
Bananas,562,38.84267158026657,Medium,Yes,38.132214574114464,642.8596665977963
Cheese,850,7.0567171087364375,Low,No,13.417687425326223,644.5243925917868
Cheese,935,14.090802679507659,Medium,No,9.595108444561083,813.9847996318806
Milk,907,40.63842463840713,Medium,No,9.592515105493657,814.5510664405813
Potatoes,286,38.42494884985527,High,Yes,18.22408978656657,653.6970853204829
Cheese,819,26.43467512634885,Low,No,11.937791932358477,585.5772828169997
Salt,831,7.249222178489831,High,No,29.10387078388531,827.4248355246591
Flour,289,32.44521837511847,High,No,24.66679964023649,353.2906023909126
Pasta,487,23.302584678834428,High,No,45.187995361262686,489.93054465045304
Yogurt,528,19.24376675890864,Low,Yes,37.28311179289602,489.19749794603615
Sugar,957,33.818478657194035,High,No,14.261549349927352,951.6251333418367
Potatoes,383,24.647655299077684,Low,No,7.057715466631547,248.55221893230063
Bananas,963,9.158949520393039,High,No,36.912013871101976,926.086350079129
Salt,336,46.217771173055496,High,No,43.06223990256315,342.85544298885117
Bananas,293,40.032189475402056,Low,Yes,36.54471292947624,252.71394830940707
Salt,386,7.53701860807486,Medium,No,33.97074648479723,261.67260545704374
Milk,870,28.6278741585813,High,No,16.21917808130688,919.3339319881134
Tomatoes,857,8.751990330438273,Medium,No,27.25715755514177,717.2820802930104
Tomatoes,235,42.678043657631825,High,No,37.623276376818374,289.4305593762357
Pasta,891,32.58562824733873,Medium,Yes,13.701864773473977,1019.2539651045724
Bananas,882,12.76021101078808,Medium,No,26.444459469978227,741.2881027735656
Milk,270,5.933360426279035,Medium,No,10.266272187044958,302.3452303977249
Tomatoes,258,6.421145546588928,Medium,Yes,28.882354329483714,433.1369138209398
Tomatoes,300,27.831446242917337,Medium,No,30.80917846231722,269.63682135887376
Eggs,586,38.046806540454824,Low,Yes,29.09235337117803,568.9787142008041
Butter,656,10.437820310028162,Medium,No,26.125907847041933,515.4078232574799
Flour,875,14.957782966173088,Low,No,31.43542808778207,539.3716251783484
Flour,682,19.726697532628954,High,No,49.855978450363004,587.2755922718788
Pasta,603,14.813455192751885,Low,No,33.01413940099515,299.42505059823776
Apples,975,22.61014532092214,Medium,No,38.865547503796506,731.3736861434259
Yogurt,470,30.18267525942843,Low,No,13.645440554659684,264.8256297682622
Cheese,202,35.82215367085892,Medium,No,28.851053233967416,175.6428609717813
Apples,224,48.36988319932528,Low,No,5.337742449848251,128.1415109639865
Rice,412,46.887965135743755,High,No,6.4155988313474115,525.7943935815476
Tomatoes,897,30.655713867301152,Medium,No,19.511618272702087,747.8694855252564
Tomatoes,557,38.03675254053596,Medium,No,25.997021497040347,428.12052190916654
Bananas,329,47.789249208144255,Low,No,30.90365769308658,10
Sugar,757,8.756237504363217,Low,Yes,44.96019652387884,621.7464721969346
Bananas,981,5.253564193764311,Low,No,39.729036390214944,614.6313712943783
Pasta,296,6.340989367831247,Low,Yes,18.498963172975145,387.9002398421452
Flour,984,30.350721306783374,Low,Yes,38.456787922849344,850.9850213860811
Bananas,832,39.32750413861404,Medium,No,29.7225987337985,647.5781047830005
Butter,522,21.51837278352656,High,Yes,40.06315791193867,742.8339003247822
Pasta,671,29.53576286274284,Low,No,23.49723176680383,382.59791535930594
Tomatoes,709,28.23648433468416,Medium,No,9.135199264910877,618.9219188765013
Milk,270,9.26469012164088,High,Yes,32.83194961726569,624.9808696387354
Butter,481,19.471471890082203,High,Yes,30.066690228986257,796.6532741878021
Tomatoes,272,5.87458198320359,Low,Yes,47.912158919653564,216.75316369610556
Tomatoes,762,9.98175599629299,Medium,No,12.295856261603555,632.4018782976304
Rice,552,41.53362003,Medium,Yes,34.525982490998345,662.3657961207845
Bread,449,42.32360737617435,Medium,Yes,26.33330573214693,579.2283552549317
Butter,733,41.087584402028135,Medium,Yes,22.05151052145323,859.9151263965792
Bread,593,37.706838842850644,Medium,No,40.75554037798921,355.53147102575497
Tomatoes,719,40.69907808799558,High,No,41.47926216185709,650.2141196956295
Tomatoes,103,35.194205357128325,High,Yes,37.15702647567948,425.0782525112631
Rice,192,35.142500246732986,High,Yes,8.762067533118678,569.9268965214776
Apples,105,35.03128088713136,Medium,Yes,20.529982129493305,412.37320974205977
Milk,387,28.131925535519187,High,Yes,7.103758339453501,800.2444110976201
Sugar,717,21.350625505918,High,Yes,20.46565348702611,1002.8182573452943
Bread,245,37.85878697726997,Low,Yes,34.1563000364668,272.3294154639302
Sugar,882,18.439070611403373,High,Yes,28.341804734632984,1103.1514130754053
Pasta,523,29.430595916492866,Low,No,36.63215708228831,231.44331622939615
Potatoes,989,24.501002909804658,Medium,Yes,29.815780573027194,995.5391180694415
Milk,707,17.44800246921655,Medium,Yes,30.01161994017751,802.5524522993647
Tomatoes,556,48.86104642036085,Medium,No,27.993434850409,373.1227869549436
Pasta,840,16.643824034081877,Medium,Yes,21.394640873601368,949.5754685392735
Butter,301,18.91818786753635,High,No,25.095419587346917,449.21584472329715
Milk,311,12.271437579113071,Low,Yes,10.059698507628767,397.1861930424859
Sugar,105,42.03412813914307,Medium,No,42.55288026710913,10
Butter,723,31.39652302495202,Medium,Yes,45.01452373095237,673.9111776408845
Sugar,475,32.586766541257354,Low,Yes,39.482186605739926,416.53408711383526
Bread,990,41.9252635309594,Low,No,31.261370547544207,628.7157533956781
Butter,546,20.431384638344575,Low,No,30.613066162157487,285.0232491399285
Butter,934,13.71350414210962,Low,No,26.164563305167402,591.4643891606742
Rice,205,13.928241379725678,Low,Yes,15.410602921446715,265.65777149033556
Yogurt,750,37.96789196580167,High,Yes,22.271172122527656,982.4134270328063
Bananas,910,32.635181950810136,Low,Yes,49.54576161308039,751.6478668393605
Butter,500,14.285249536194,High,Yes,11.561135561747664,911.4210700662908
Bananas,195,11.52794275881906,Low,Yes,29.420746694812454,250.3921117122181
Cheese,487,10.430928732288775,Low,No,43.993660954167936,169.28502730175293
Sugar,551,33.250939146636696,Medium,Yes,25.385075645927415,666.4205892376729
Bananas,948,5.0053390209882505,Medium,No,32.25246195078585,783.3540078528974
Tomatoes,908,5.824370417159468,Medium,No,42.25069185849741,640.6598698311045
Bananas,515,22.529891103174286,Medium,Yes,29.640261114695956,665.6520217622809
Pasta,825,36.11074389242731,Medium,Yes,37.916112268144865,812.5270266949715
Bananas,603,36.27677194238318,Medium,No,20.627257183946302,505.77912685878835
Bananas,553,24.35532231234608,Low,Yes,37.98604471034775,527.74523345152
Salt,390,36.09831229720564,Low,No,6.84595924886119,231.31305468149472
Potatoes,633,28.449328081105644,Medium,Yes,11.880468262253341,855.2537172692906
Flour,292,48.96191375587919,Medium,No,33.678327933477874,158.3044182891161
Eggs,249,12.310709622657487,Medium,Yes,25.202954810239742,439.9725401994422
Flour,979,32.03002704675225,Low,Yes,42.275702613206455,805.5372151839015
Flour,858,27.105744917795164,Medium,Yes,20.388851425938604,1000.0520737808275
Flour,878,13.750985509596248,Medium,No,39.52437410414617,638.9570674545356
Rice,862,38.749569446376654,Low,Yes,11.260079026425633,882.4820786689259
Yogurt,614,17.397860896939786,Low,No,46.85659605016565,282.54214778279953
Tomatoes,492,22.17694185920937,High,Yes,23.829770212854303,790.2282204888609
Pasta,415,21.86737563143885,Medium,Yes,15.390583878801744,598.3584249204697
Cheese,175,15.989201293457697,Low,No,40.511842415313915,10
Sugar,698,24.381739926428235,High,No,47.65487733760933,646.1273983706734
Apples,369,26.300564641742824,Low,No,46.31367778303862,26.101615380690596
Milk,324,38.48997527641884,High,Yes,15.707251850027427,741.8672452708757
Tomatoes,629,39.428085846966674,High,Yes,35.24034647312571,849.4092087890002
Cheese,212,12.135018573124793,Medium,Yes,29.60860966719282,468.1758048741911
Cheese,350,31.674753469738942,Medium,Yes,37.62968761464213,543.3768467965787
Potatoes,332,45.3289009225728,High,Yes,26.911978185588456,689.3195340248313
Rice,940,9.895397399805237,Medium,Yes,26.13934205010894,966.9575067082562
Rice,890,26.281132004036234,Low,Yes,44.721808062572386,653.1535359287822
Yogurt,813,38.76589050837542,Low,No,44.20653859760772,411.81967864754625
Cheese,182,32.51711004720545,High,Yes,40.44183463324607,504.33177205386517
Cheese,224,9.526354546848076,High,No,36.72026967290603,305.8657745317014
Milk,274,22.847275640793757,Low,Yes,35.52649605175024,258.4360936486337
Salt,168,27.82577741975888,Low,No,7.528185765150247,38.26661170227439
Cheese,146,49.81305207723228,High,No,38.729128340842486,226.14156110012078
Bananas,983,13.037355919564375,Low,No,33.714701591091085,667.065767673801
Flour,355,49.20906952220506,Low,Yes,18.608512831297233,396.25122532659725
Bananas,826,21.926740290324975,High,No,41.9045668780402,765.0701748772349
Rice,129,14.014421873321961,Medium,No,42.46011825238959,111.98021905222778
Sugar,380,23.63490869557982,Low,No,46.94858002641261,51.748033444023655
Sugar,336,32.62978058156677,Medium,No,23.82611150600097,278.2699819862684
Pasta,347,14.607382725994814,Medium,Yes,29.806248608287362,538.057026770918
Sugar,467,18.114758748595747,Low,Yes,45.76794125052745,377.1723693808532
Rice,594,43.45459257808804,Medium,Yes,19.256063012684997,797.3693782347046
Butter,124,49.95542577509905,High,Yes,40.84891868025551,407.8574709367455
Apples,685,19.31777111742919,Low,No,49.638497320098736,289.217156787765
Butter,817,11.698556177747312,Low,Yes,34.33710475933513,682.7918654874734
Yogurt,589,40.692686899731875,Medium,No,49.26667900250527,347.4527560389409
Apples,593,32.020505927381535,Low,Yes,28.21155942673685,537.1045601195822
Sugar,413,9.51805145190205,Low,No,11.88740249830365,276.58588171953267
Sugar,705,47.604716664620945,Medium,No,12.901814628104395,575.7616028815203
Potatoes,474,8.512228777995139,Medium,No,37.911851683680226,364.78125502965815
Tomatoes,738,33.141038073513855,Low,No,5.040894498898129,522.4898174361289
Bananas,124,24.077176515211164,Low,Yes,34.78495637980957,216.76049084919993
Yogurt,433,30.04807632079711,High,Yes,11.807229983451514,863.4625337239086
Butter,454,14.5946388047065,High,No,49.29658628388413,425.4891132429112
Potatoes,215,35.964967966279325,Low,No,12.340738735445644,46.17412740144912
Bread,147,48.187386011000285,Low,Yes,29.860879773959237,175.3652423766777
Flour,837,25.629164332021205,High,Yes,35.12505988531501,1004.2714396033875
Yogurt,877,28.533122490570225,Medium,Yes,41.87732835161327,854.8130040869779
Tomatoes,198,15.79152517559966,Low,No,25.66686734531081,69.47346676154059
Pasta,558,45.13405926879865,High,No,47.02094410864322,484.1489360914582
Potatoes,622,48.70284823129812,High,No,26.611086787945915,620.4572273941628
Eggs,696,40.38335982887244,Low,No,16.342697305730034,432.4575491491364
Flour,504,29.42480759719118,Low,Yes,31.686584788218664,464.09953963952563
Flour,313,48.05585710288838,High,No,34.61025109102043,369.2994007760253
Cheese,784,11.923252491527457,Low,Yes,27.832601435107783,683.2626549658698
Tomatoes,602,26.53208869528483,Medium,No,37.993195765498,431.3133351230464
Potatoes,820,29.192256802688586,Low,Yes,23.930634968442984,784.4571017453934
Salt,547,27.136238888856955,High,No,5.195157071670629,645.9951553816961
Bread,993,41.10882292304164,High,Yes,16.904252204972234,1196.798519758383
Rice,675,35.16813009573639,Low,Yes,47.56573977685717,533.1560157682767
Cheese,357,10.699630966321775,High,No,39.3450463925403,426.7544319754746
Eggs,943,20.590308830437717,Medium,Yes,13.529022091130415,1112.5415788535104
Cheese,220,20.258458177409885,Low,Yes,7.99938463678503,357.61975428535044
Potatoes,909,30.453448675681788,Low,Yes,20.78586043027838,900.322626540811
Pasta,153,18.115628794605364,High,No,42.63358680140746,190.58545058212312
Potatoes,430,10.277229629925976,Medium,No,9.769073597218743,430.169811097935
Tomatoes,883,34.41571995457109,Low,No,29.450924208333333,544.7579840624554
Apples,340,43.29666223407601,High,No,17.375011027290086,488.6605611406824
Eggs,854,46.922364295966574,Low,Yes,37.681476005264884,703.0614919711289
Apples,629,48.766028794676416,Medium,Yes,5.018464212682407,841.7831855742726
Rice,582,40.15025807940563,High,No,17.472835715667106,620.7156640771342
Bread,286,11.286609273135596,Low,Yes,35.56626640130803,305.85615878720495
Bananas,957,43.3900320906526,High,No,29.603773040734392,923.8862944498894
Yogurt,755,22.99820330221133,High,No,40.04895319631581,722.0948755677867
Pasta,361,37.84600912065636,Medium,Yes,12.09541700482423,568.4024957467457
Butter,463,28.90706022323761,Medium,No,28.89389907079646,349.9900797059826
Pasta,590,42.287276014195264,Low,Yes,13.809640570388613,669.1721968711352
Flour,530,24.14775797778599,High,No,33.76490626916021,550.0666648501557
Butter,338,7.780721483300935,High,No,10.91041366257679,512.9807134760604
Tomatoes,403,30.05706698971119,High,No,11.691221479960346,549.2313548761252
Butter,397,12.708074960045293,Low,Yes,19.76923587325693,478.64353955898287
Apples,175,48.44829345588152,Medium,No,23.085789083277376,158.92438580979282
Tomatoes,799,28.713337962147122,Medium,Yes,27.435184273282427,870.4058319534871
Milk,432,29.91014572267672,High,No,31.131809150316872,501.41766686965434
Milk,999,45.826957076666794,Low,No,26.096621891624686,609.71686051144
Sugar,857,33.10633603180287,High,Yes,7.053742495307388,1223.4418522309218
Apples,741,18.622821973536823,Medium,Yes,20.455716961345832,854.3313778512836
Bananas,573,18.324257761101702,High,Yes,7.762187546008897,976.8636316506339
Eggs,926,27.571039245790526,High,Yes,10.313769846589716,1220.502742615266
Rice,382,43.99737030181215,High,Yes,9.177060549262595,773.4246780985912
Cheese,690,40.76282033313254,Medium,Yes,12.114299170334963,911.7742216597535
Yogurt,171,48.323326372558014,Low,No,41.58142400104517,10
Tomatoes,362,8.234875528349164,High,Yes,33.24075784867715,667.5102330854793
Potatoes,802,17.074673103395238,Medium,No,27.80514095389333,696.3921000685684
Yogurt,978,8.60934685161767,High,No,37.95158807352806,917.729861998028
Potatoes,986,38.79856372560963,Low,No,48.25506992168639,503.96105058073
Cheese,674,11.337516011767264,High,Yes,23.795381537537057,896.7438854540395
Potatoes,991,9.494884309892303,Low,No,21.533537416339204,683.5906857098985
Milk,111,30.27524931948009,Medium,No,48.99981038020879,20.16826508388622
Butter,240,23.516812045362133,Low,No,39.70986644120616,10
Butter,865,37.17956024431102,Low,Yes,39.97000518566075,770.7791055925443
Potatoes,654,26.915692626512282,Medium,No,31.997403275989456,481.8057518651787
Yogurt,116,24.140056817320374,Low,Yes,27.815379303258013,188.13635015837514
Pasta,162,24.14752019361369,Low,No,29.776626961179566,10
Rice,352,44.23443711794846,Medium,Yes,34.34382728112701,495.0002818847101
Flour,564,22.785154282510987,Low,Yes,21.957770773035154,603.0418524642489
Apples,475,20.00287074963351,Low,No,40.20326440591079,217.9533326234666
Flour,903,20.234078466022822,High,No,45.91494246168315,837.9890751086617
Bread,619,13.847035856670063,Low,Yes,30.707765877456826,634.7347757507748
Tomatoes,936,43.73099827582953,Low,Yes,22.16640303159319,886.1749190719763
Milk,189,11.598386676241171,Low,Yes,36.301540319424475,203.62643034833448
Pasta,819,45.88748320098224,Medium,No,13.19740493812507,723.0461866621304
Pasta,903,17.756047485995282,Low,No,48.58576917026658,490.2501132156795
Eggs,895,45.47420699782311,Medium,No,34.60943095915981,674.2677836556587
Bananas,729,40.586929556655974,Medium,No,8.040592538890746,645.2897429349873
Cheese,960,31.18943844276614,Low,No,28.83875321833014,594.3403652235596
Eggs,274,35.126150176336964,Low,Yes,38.765333716648286,283.85151633309135
Bread,175,19.66298408712175,Low,Yes,17.503066628520745,285.25815612894183
Apples,712,30.840287644744805,Low,Yes,7.294529313378058,768.4324050709893
Rice,762,18.158130532701367,Low,Yes,27.012309705497287,713.1067448526592
Salt,499,23.102276625070775,Low,Yes,42.51309995593905,398.3173813689342
Sugar,881,39.40981498531601,Low,Yes,16.31904675761202,848.3617369003683
Rice,170,15.97696537145973,Medium,No,37.26559011969985,77.949048988626
Potatoes,279,42.7480707126892,High,Yes,23.350580723670543,614.318845203118
Potatoes,223,21.914728414924845,Medium,No,7.683442616219432,247.27615333501774
Cheese,480,28.947648238528142,Low,No,18.678337241446837,273.1163928207433
Cheese,392,47.3882219403293,High,No,19.125608237071106,512.8229508886085
Sugar,896,35.65650335840937,High,No,45.70989314512159,804.0396854509763
Sugar,294,34.052185078008236,Low,Yes,49.17866729469959,180.45614021819534
Yogurt,327,37.02234774222631,Low,Yes,14.439550833850339,469.08318576775395
Butter,530,46.31501024422526,Medium,No,24.37307807017052,437.76546919645483
Tomatoes,535,16.18311691496799,High,No,48.95165543003758,441.3393026717643
Flour,886,32.59585426097023,High,Yes,23.32706720257443,1113.755801852976
Apples,560,23.017723447264352,Low,Yes,20.712699411411144,526.6060681827646
Apples,717,5.533488194460976,Low,Yes,9.944668061721048,722.4571634881105
Milk,120,10.638540338274915,High,No,38.89780255603848,247.83446771138858
Potatoes,163,19.624635286861476,High,Yes,25.115250140436526,524.0324033452023
Butter,264,30.424998703186205,Low,Yes,33.7398328430331,293.39510796250516
Tomatoes,126,44.66636495133222,Low,No,27.94355476902584,10
Salt,410,40.600135319064776,Low,No,12.85417123677598,243.9633679654807
Salt,384,29.90001525902467,Medium,Yes,12.936640804240612,638.6076025243545
Milk,759,8.324168805836043,Medium,No,47.289034639630856,454.07212334354773
Bananas,380,17.86578306777404,Low,No,45.02836157761611,109.48156468778237
Bread,937,21.501889155150977,Medium,No,32.47853022451353,723.4951045214226
Cheese,930,32.977273334172914,High,No,5.055991371656822,987.1029922792276
Flour,263,7.92156303409285,High,No,24.498303835650436,397.98789342461396
Butter,997,28.858709952521302,Low,Yes,28.869260235131414,867.1907799413674
Salt,323,45.565905926511824,High,Yes,25.224701333226385,665.7398994791075
Milk,883,36.74447130638313,High,Yes,46.64522509673186,999.8396650521917
Flour,245,40.86845629532404,High,Yes,6.8389628656346995,712.7012608308213
Apples,967,35.67540417615831,High,Yes,34.47178279712674,1126.9849949307384
Bread,129,14.29651004776665,High,No,19.122637939366143,269.5379479073038
Tomatoes,144,9.97177190297084,Medium,Yes,30.176467510939645,370.2020324703568
Tomatoes,886,42.3270802852209,Medium,Yes,34.51628045709602,906.9366218391525
Pasta,570,36.29769962069878,Low,No,24.83695917777209,259.0364369132626
Milk,133,30.87777014673657,High,Yes,11.676847277220595,588.5065673160406
Eggs,752,13.517728923571068,Medium,Yes,28.35671583597809,836.9342433807813
Tomatoes,526,32.1505234390289,Medium,Yes,46.9830274684515,580.1823000318292
Potatoes,929,6.40948033499719,Medium,Yes,29.11460805010903,968.7706398833736
Apples,985,10.347761047728174,High,No,10.532292693457851,993.9731491482123
Bread,320,19.035056741199107,Medium,No,42.087336110009694,221.44952001902405
Potatoes,967,24.968222483502394,Low,No,14.978519922332422,711.5177286299343
Bread,633,10.425402311990016,Low,No,21.659763915239523,392.6910916730457
Bread,791,10.397308273589111,High,Yes,24.294070666616474,1069.2640051601836
Apples,466,37.6652147262636,Low,Yes,20.286466127318924,526.847501996312
Sugar,940,30.637373294006853,Medium,Yes,23.20032817824172,1020.3739814554837
Rice,842,29.018389134994926,High,Yes,40.796628241129845,968.8524755747869
Milk,649,25.359552280289748,Low,Yes,15.051155445702994,690.2485261748144
Eggs,681,48.944439785505374,High,Yes,26.16883518392516,969.5502546238718
Butter,215,7.241012730246954,Medium,Yes,5.900385432678425,556.6730079357386
Sugar,338,13.128222927270984,Low,No,27.844966368718303,126.39017179937964
Pasta,434,34.137849083055684,Medium,No,10.02598900006498,446.9598618047425
Sugar,540,11.13645442330586,Low,No,17.700617400566436,331.231337881884
Bread,247,31.52214221041282,High,No,19.619302744180608,415.0676716335673
Potatoes,108,30.549255146648598,Low,No,8.705868153885952,68.01144907194049
Rice,387,48.69523326378389,Low,No,21.22547735359111,140.23952001864149
Eggs,487,44.752391917206005,Low,No,27.41258308844923,263.6389212451747
Cheese,149,47.549900469535366,High,Yes,24.399293959734866,590.5471115106046
Rice,949,10.112106626329084,Low,Yes,17.619139157429252,931.8159009628746
Rice,616,44.0666796764385,Medium,Yes,18.268473231942718,808.9370128163717
Eggs,954,10.809079777773768,High,Yes,33.511236592271075,1120.8263812068606
Milk,737,33.4819480344795,High,No,37.32781466196115,671.1087475570527
Yogurt,686,37.4035172305101,Medium,No,30.943879334995252,519.0935562580016
Flour,776,12.238407416717862,High,No,48.92846183113658,657.9650076486193
Bananas,377,33.469671916829284,Low,No,47.51933284674591,10
Flour,935,7.3607221810397325,High,Yes,9.431102967002161,1241.9842826487215
Flour,399,18.19697385842736,Medium,Yes,16.76184822275126,651.3837634697774
Rice,901,46.45213222703525,High,Yes,44.077735079184876,988.2295449753502
Tomatoes,688,12.727902330584113,Medium,Yes,6.334858138057265,917.7357147957271
Yogurt,909,7.937149660264737,High,No,31.648872498138015,869.4405809072209
Pasta,748,24.965518984495674,Medium,No,47.95247928788299,487.11537120529744
Pasta,717,43.27781938372722,High,Yes,35.54229536555716,939.1453767196942
Pasta,706,8.450257188573048,Low,Yes,9.136999037019098,776.9696537565509
Sugar,234,20.999091435368385,Medium,Yes,38.65179789321116,372.2684794067759
Apples,679,45.489867555169674,Medium,Yes,21.941809854969097,842.5727355294769
Tomatoes,246,10.316999747500445,High,Yes,46.46901264971842,526.1147496839757
Potatoes,589,18.980082766037597,High,Yes,17.884232850036653,969.4930478949568
Bananas,577,40.028927519106674,High,No,26.295441553695706,608.1154707853337
Bread,258,29.444494421246194,Low,No,38.59732319957478,10
Sugar,483,42.45499132851124,High,Yes,16.58929869644483,825.9720292695586
Butter,262,10.021792687195928,Medium,No,13.180205634671182,324.0375818060393
Sugar,540,46.42493771208752,High,No,5.121866376645114,678.7172882641655
Sugar,952,47.071030753184395,Low,No,26.958282179822714,600.643760080773
Butter,288,11.989085906601785,High,Yes,46.78778623952488,599.295719542032
Flour,514,6.5243958983037516,High,No,17.66692297314301,579.268829018374
Apples,438,49.5428621880006,Medium,No,6.952033808377701,451.57300367345135
Butter,706,26.7013216536091,High,No,32.91940769516438,685.0086282719926
Salt,280,30.74339318159441,Low,No,7.527646148872675,163.4718039478076
Tomatoes,387,32.71571301499593,High,No,27.81105055130163,425.58601185971975
Cheese,933,40.53508082512262,High,No,22.16883684698366,895.3706933531007
Apples,286,41.5394586070663,Medium,No,26.39407341846596,213.81718269027567
Milk,983,13.726635094389824,High,Yes,12.318812886744247,1282.814833395549
Butter,237,15.648653328508695,Medium,No,9.059084626318516,312.05348358197097
Flour,229,44.457486302586744,Medium,No,38.70458949868269,64.08402483783831
Bread,293,41.87829221377639,High,No,16.055004202681218,397.13888420355295
Pasta,415,32.79287216992799,Medium,Yes,41.019084294451226,526.9448082781262
Eggs,884,49.76146216061824,Medium,No,39.130127691808845,655.6364062625505
Bananas,963,38.083277459809565,High,Yes,13.927049182143117,1187.813321482659
Salt,243,14.7126545658612,High,No,45.873072698680936,283.9069704356973
Bananas,115,43.09898289497052,Low,Yes,12.25758161403937,258.74345867235144
Salt,401,23.662968636656302,Low,Yes,40.871558684061355,377.02287935981195
Sugar,522,6.626869724358013,Medium,Yes,23.92401743277284,669.1143648006823
Yogurt,344,19.46395750152518,Medium,No,13.235734206012294,307.588638571985
Milk,206,39.35980553267234,High,Yes,47.21500924916737,449.7854412861335
Bread,187,48.20927932339129,Low,No,48.34658688802243,10
Pasta,228,17.426138733643725,Low,No,28.01178103118859,24.022687824983223
Bread,986,16.093234598437178,High,No,26.112853293205983,938.4831971034095
Eggs,440,30.362746351923505,High,Yes,45.53787797531769,709.915913393266
Potatoes,103,41.525775484810104,High,No,31.8261504923908,151.51216409140565
Salt,426,38.593655697242596,High,Yes,16.97173804781015,761.2982603928925
Pasta,509,30.198150615326746,Low,No,24.133876558457636,258.87403093890623
Eggs,978,33.41253567265153,High,No,42.61950853139361,853.3157414690334
Sugar,405,15.89445307968548,High,No,43.68034883096424,418.981446283365
Tomatoes,706,24.465841925150777,Low,No,47.2663761566681,342.1960547823633
Butter,820,16.4914531934135,High,No,17.971739922990363,890.191282131738
Tomatoes,324,44.7988088680087,Low,No,35.59787406354698,73.2548537626185
Sugar,447,10.06495283144821,Low,No,8.077496555054672,260.27941595481724
Rice,420,35.58832510353669,High,Yes,37.665619498703826,629.9467038653753
Milk,658,16.712743872426056,High,No,30.343986052058593,700.7423969685854
Pasta,280,26.40098343733099,Medium,No,16.239474189031274,312.08093286659516
Eggs,717,18.473575111098476,Medium,Yes,34.45843618642249,811.1516637006873
Potatoes,810,19.54603926767623,Low,Yes,11.083194593902675,808.2029117640368
Bread,485,16.717685612495988,Low,Yes,20.02128335306447,519.8590968251966
Milk,717,38.87568145379474,Medium,No,23.041111945727838,576.990666000037
Rice,891,21.457213573057118,Low,Yes,39.97117236981815,721.473591554337
Pasta,871,37.68606579713372,Medium,No,18.895293793749772,741.251957150642
Milk,207,25.523146854680576,High,Yes,7.2065593441506755,731.4697192907554
Pasta,630,29.626071894512926,High,No,13.13333124695956,708.6514931646848
Rice,509,29.44793640710693,High,Yes,32.364190887723595,819.558306350702
Yogurt,395,48.91334357046149,Low,No,5.686267122753169,236.55180112186903
Flour,917,21.517810506992802,High,No,40.65045225216759,773.4889403271126
Apples,270,14.34578429289189,Low,No,45.550403526134346,10.699962496721042
Tomatoes,430,46.0306373164971,High,Yes,27.29289236660877,727.9557962216734
Cheese,592,12.867768019200795,Low,Yes,36.84336882653069,571.0867345410873
Sugar,294,42.54902806299551,Low,Yes,25.820455573076885,378.95001169900917
Cheese,111,11.75967029601166,Medium,Yes,18.89434825316806,380.09618465606906
Potatoes,294,34.64259504023328,Medium,Yes,12.41898704044387,596.0742543823626
Rice,589,11.774336596904122,Medium,No,28.317302943562737,447.44467035649876
Salt,894,46.53886186577432,Low,Yes,46.84503057046525,680.9514422604697
Eggs,980,30.425372719377403,Medium,No,45.048747509817794,725.7118089687218
Flour,281,19.81732276130394,Medium,No,46.38316101779815,86.5413140366633
Flour,916,11.314524873361771,Medium,No,48.48858770441023,634.6530329344328
Rice,755,21.70365062656973,Low,No,12.441108983417896,568.4322330868793
Potatoes,997,36.72590156909653,Low,Yes,11.593640358023139,1010.7725628637459
Potatoes,415,22.32278977678462,Medium,Yes,24.249263353228663,586.6122543649844
Milk,793,16.074236124294984,Medium,Yes,36.019019125917836,876.5447038441127
Rice,129,30.983425173221775,Low,Yes,24.786226398443997,180.08922261737945
Bananas,695,23.801983377670382,Low,Yes,45.15594669230606,548.2981838790766
Pasta,777,12.461280621363155,Medium,Yes,37.28284177053321,835.8674369000028
Eggs,895,11.929459562485556,Medium,No,33.528686245079086,703.724372390213
Bananas,892,36.83578955998347,Medium,Yes,8.19670223656731,1022.7667870106324
Butter,195,48.86023529823154,Low,No,12.89009423679235,122.98771082828104
Eggs,480,15.489233188792536,Medium,No,24.266918941042412,348.59690361185176
Apples,877,39.79168703741705,Low,No,48.93686462110944,438.6459497744017
Eggs,543,8.942301610270935,High,No,20.04839143626716,635.5641168636704
Salt,397,22.170916357348176,Medium,Yes,33.34889581320984,487.3612727979429
Eggs,907,27.800966876371564,High,Yes,49.50077149398172,1053.9195411456258
Flour,836,17.093612538039572,Low,No,16.881127650481858,553.6332635234089
Bananas,944,28.831028743141268,High,Yes,12.500016045871066,1231.2380610652697
Apples,460,44.71764924487345,Medium,No,29.58499769602999,357.5573358276155
Bananas,473,47.49970830597471,High,No,29.835067573013895,461.8470692374883
Butter,653,9.525062946787227,High,No,46.48489846286424,553.0488276433235
Bananas,402,17.233067029289103,High,No,6.18935428362232,628.9275298848974
Rice,520,49.061026288297626,Low,Yes,23.33199798739609,522.8345476454908
Sugar,345,17.168828468100966,Medium,No,19.055667130608725,241.22552556935923
Eggs,819,36.171830801454846,Low,Yes,30.697376669797006,724.5695517483908
Bread,336,16.40541622416641,High,No,5.419865968730111,532.5109053130594
Tomatoes,633,21.03645169944672,High,Yes,36.99787137805073,867.4735367011604
Bananas,284,13.607554455360386,Low,Yes,26.824538412186087,276.30719862743206
Flour,567,43.533508716371536,Low,Yes,36.53101426487998,498.29891567987806
Bananas,853,44.71919437187768,High,No,25.151279614084924,809.3044424986597
Flour,462,18.361062856194422,Medium,No,26.33867749366637,385.357117393945
Eggs,382,42.06154208767835,Low,Yes,45.29973776325823,323.26062027893425
Flour,652,21.120874251664283,High,Yes,14.490416688101904,1000.5873033204522
Pasta,435,9.455874030282125,High,No,14.78699305320932,611.456295408154
Tomatoes,261,39.1134378781433,Medium,Yes,30.176446779963705,504.07815118899333
Yogurt,259,31.84008120044801,High,Yes,34.71009235494883,533.7213920461187
Rice,573,17.347209965183765,Low,Yes,20.960970506696675,583.4621319796618
Bread,700,16.384988323033117,High,No,28.37800252917085,732.2093454982071
Bread,421,48.90305167170446,High,No,15.253538095288949,532.2769002623189
Milk,111,43.81254684018911,High,No,11.115978003942274,229.63025519517095
Pasta,523,41.440924821819415,High,No,15.721819252981366,613.2940400061384
Potatoes,172,10.760796888874953,Medium,No,46.23678766378208,88.06007286051097
Eggs,687,38.98342734117172,Low,No,41.081809879673365,282.85699366125795
Cheese,957,14.654309954147895,High,Yes,11.311055517299462,1258.332702834731
Flour,300,48.98250244437084,Low,Yes,7.0952137751840905,372.8118359139352
Bread,621,7.344013458301596,Medium,Yes,9.193323733060785,873.2622638625244
Tomatoes,963,20.846231760210962,Low,Yes,18.20447618785694,926.2014316162223
Sugar,604,24.289152835042184,Medium,Yes,41.51115570887326,646.4571316815319
Flour,837,42.08913102030145,Low,Yes,19.46185189732015,788.7076890662088
Eggs,787,39.480026810182075,Low,No,13.354486847079382,498.11551022299057
Sugar,887,21.87464652259653,High,Yes,22.812849745608165,1164.8273899966805
Butter,138,30.45021320561184,Low,Yes,10.582413005359399,268.28230461768186
Butter,159,42.60178236234786,High,No,26.159758013302845,290.1092818231451
Potatoes,677,5.818981646797372,High,No,35.39993695908379,632.8335131648829
Butter,420,41.09801447860125,Low,Yes,21.598187887523647,523.4121363178112
Rice,534,47.610321140391896,High,Yes,12.812517317331984,936.1221949930732
Cheese,735,6.442903466787702,Low,Yes,25.393886694701443,770.0214532574882
Sugar,775,7.051144418518216,High,No,39.312015461456696,785.6302273702069
Pasta,507,20.503130250470903,High,No,8.446741323851679,634.0791024632222
Salt,485,8.949630369545353,Medium,No,8.192170491055016,466.04039429400376
Pasta,770,26.56742361322497,Medium,No,19.314983274477743,716.9254074388691
Yogurt,668,37.79198082904004,Low,Yes,23.67737543317442,642.8850032585984
Eggs,177,30.5104655764318,High,Yes,14.74123260777768,627.6351423062932
Apples,293,13.839435908273314,Medium,Yes,6.210978404092398,577.8049515572208
Salt,384,34.46650850136609,Medium,No,14.880183886120744,347.43883356833425
Apples,626,35.81845156305121,Medium,No,24.591644234319332,534.8313030009281
Cheese,623,46.96006800582566,High,Yes,8.57423049962999,922.9525999859998
Bread,712,11.605860381967208,Low,Yes,37.21513228897867,651.2166576002953
Rice,255,36.15512742093755,High,Yes,29.84453799846036,602.4339602907002
Bananas,439,46.014224848391635,High,No,24.549809891110282,489.53920565975517
Apples,224,27.570386899428538,Medium,Yes,28.342032944579636,424.43013920908095
Yogurt,970,21.28098559383754,High,No,34.51126919076639,898.2287972179339
Bread,379,12.683727239952121,High,Yes,49.76593275844459,605.1393021537089
Salt,721,44.0054098920391,Medium,Yes,39.88040281436529,776.0995727213867
Bread,945,22.74108686782675,Medium,No,29.316339997423317,723.5982818607647
Milk,968,46.619709947046154,High,No,39.674020925360296,933.6518093325018
Bananas,757,43.14912341588493,Medium,No,26.385090244681873,595.9321656286778
Bread,827,21.94879333087381,Low,Yes,18.99089162276227,801.7503188528016
Butter,773,30.826143902581812,Low,No,16.788257501687383,577.3863186068611
Bananas,227,6.222831633226465,Low,Yes,22.976567469514652,258.7343329281119
Bananas,413,16.84496312902106,Low,No,5.102747393111094,354.4914689026028
Apples,431,36.962278185616235,Low,Yes,12.963015982077966,514.3075842386274
Flour,249,35.505992563082,Medium,No,10.694000520765044,262.07170742702084
Yogurt,553,20.901625679378796,Medium,No,48.21539118561069,307.28266103647934
Butter,135,41.38736143592554,Low,Yes,7.918152076941366,259.64250724537095
Rice,784,15.6126223354942,Low,No,27.54377483631396,471.42010768686237
Salt,519,25.757173991852223,Low,Yes,46.38730690565411,428.7243767868718
Sugar,121,26.263878588990536,Medium,Yes,32.33840984855929,340.65090764690467
Bread,305,20.33675459915077,Medium,Yes,27.287108510298015,505.37656562623613
Bread,738,47.95997455063252,High,No,38.434702412849916,658.9402665438628
Salt,947,36.35078150817956,High,Yes,20.901888122770956,1225.1005429394293
Rice,455,29.26397008972857,High,No,13.717149814646106,660.9963591065275
Tomatoes,539,27.973179202489185,High,No,43.12771066353364,546.4136066622392
Cheese,828,12.168324161199344,Medium,Yes,7.546197153886304,1007.8061194190772
Milk,195,21.748410368064423,Medium,No,41.35072950891277,103.43450927394422
Eggs,263,35.27479916280983,Medium,Yes,9.651474047945786,561.4904752513185
Rice,247,46.605659885903016,Medium,Yes,33.1505545058139,456.6546898006688
Bread,629,41.740882672632736,Low,Yes,26.46712978946295,589.8484866971788
Eggs,393,18.517541178198705,High,Yes,49.93435264649363,576.5219431473361
Cheese,294,24.528048156047,Medium,Yes,22.45643489262259,544.6693402038904
Eggs,762,8.731288432075756,Medium,Yes,48.07790140612487,777.0361616029057
Salt,579,9.597754536601133,High,No,23.170122677831678,609.2876699454389
Apples,976,26.16036741494218,Medium,No,35.67652209122602,760.5044156068468
Salt,222,28.859873306769504,Low,No,33.96475709803528,48.493941694291514
Apples,499,16.881219306361128,Medium,No,8.89033783564216,475.4949150126646
Cheese,798,33.92522101336736,High,No,38.45146182790051,702.4500328129911
Bananas,551,36.6521308511062,Low,Yes,14.390042480318362,601.4256347237724
Milk,760,18.460225922538097,Low,No,22.479842563379346,506.77965905802165
Pasta,203,39.12911265683938,High,Yes,40.19903361977404,489.5928756197824
Potatoes,854,14.252221356761002,High,No,47.49411590062733,772.6360680924201
Tomatoes,561,29.491311977400823,Low,No,30.191164529314495,290.9197400879625
Bananas,842,41.192649210297795,Medium,Yes,28.37230254583425,941.4917727725488
Flour,817,29.16540885571499,High,No,27.721553756614256,778.7847854021827
Sugar,809,45.858322333447276,Low,No,41.74541132140966,378.71213419407405
Tomatoes,495,7.6325554793586114,High,No,49.69022359601437,433.53159351444174
Yogurt,436,31.47412304711623,Medium,Yes,33.511596970012505,525.1115535105297
Bread,698,30.278995364497554,Medium,No,22.038009191752558,595.3501905920419
Apples,241,34.71589978442081,Low,Yes,14.839894147238889,290.7414622150376
Eggs,416,42.50330774061384,Medium,No,13.946954176229193,378.2317588089681
Salt,810,37.663388795227775,Medium,Yes,43.526795072195284,802.9556070280473
Rice,657,40.56272309177788,Medium,No,49.65584259886335,375.6403310413184
Butter,899,17.996752657292966,High,Yes,36.40956981893973,1068.9631639112417
Bread,626,22.437382035603406,Low,Yes,48.01230271795786,499.64794281342853
Butter,655,33.20496383208037,Low,No,20.749798992394332,441.7255069353652
Milk,500,29.905766236622085,Low,No,33.241785504692174,187.61611100707935
Bread,780,48.24967437367414,Medium,No,28.025804910798147,620.4662569943948
Pasta,409,13.407552497048872,High,Yes,26.690817103798373,753.7149015981989
Salt,594,20.807526760301375,Low,No,33.45681362721891,296.87711194864613
Butter,655,30.773985497818465,High,Yes,18.965246651879553,948.8455231058613
Salt,709,44.05836964712684,Low,No,33.828005242601066,341.86103302651145
Flour,872,46.82068361109463,Medium,No,35.27876892570767,704.7527773264344
Yogurt,208,20.12163488724193,Low,Yes,42.625099992673874,195.39289767246345
Flour,894,8.019880768685823,Low,No,37.87166383035415,512.3650607672581
Tomatoes,471,23.97288640649833,Medium,No,19.389850840629215,481.51080533989455
Flour,954,22.74548644550782,Medium,No,25.28600144997922,782.0658471072273
Cheese,715,49.391918056836026,Low,Yes,10.417006004426078,821.5239438209552
Pasta,867,24.39775599308552,High,Yes,16.578236192994712,1106.0203756715423
Bread,990,18.757534968645324,Medium,Yes,28.442527697373958,1033.2944280268732
Butter,305,21.44198185407203,Low,Yes,9.534235138903615,394.507255971354
Potatoes,946,22.861682628071623,Medium,No,30.67728331098812,738.3190437268935
Sugar,142,41.96931719884772,High,No,22.562561826331873,275.9952945537868
Bananas,964,8.645670177406888,Low,No,6.564482395035731,720.3137953235689
Bread,344,19.242817199376198,Low,Yes,24.550154672483995,394.444476242569
Potatoes,386,48.484332135819486,High,No,17.651307940211655,484.022380543526
Potatoes,454,11.889612715945997,High,Yes,8.013981838599282,863.8740843546776
Tomatoes,884,38.41705946896655,Low,No,18.20164376276893,574.3094847069294
Bread,575,21.037707553923067,High,Yes,18.234280567672414,951.5943876272205
Salt,182,31.180348678753642,High,Yes,20.978315177198798,541.8557675215523
Cheese,209,9.479661732899693,Low,No,21.49137361288981,61.374213449966604
Tomatoes,289,18.788525030927595,Medium,Yes,24.33971771547099,464.32779402110594
Potatoes,899,27.538922374739972,High,Yes,9.138115747605031,1184.691608602751
Flour,350,15.426529617913628,Medium,No,5.237500202369029,374.2512945605061
Yogurt,823,29.384147437391846,Medium,Yes,38.12032792398509,849.1528755336635
Salt,390,14.889169132822234,Medium,Yes,20.18059022422121,608.915118954875
Rice,744,34.254524869274924,High,No,32.61252989558545,681.8082753549246
Rice,300,45.69594531126414,Low,Yes,18.81656689699336,360.6639990676197
Milk,896,8.846988680820713,Low,Yes,49.288430320068436,686.1999916717688
Salt,425,14.747721609923886,Low,Yes,19.194111694251696,455.59628762363974
Pasta,610,42.99903622671485,Low,No,32.226998113437986,339.3722802842792
Salt,508,33.41990684488809,Low,No,14.898706187693607,273.43695555631433
Tomatoes,706,8.541901271415435,Low,No,28.30110702696294,421.2640552690709
Milk,889,26.88575517992729,Medium,No,31.06988630016416,743.3498918974932
Cheese,936,14.439133175510076,Medium,Yes,13.227081783831352,1111.629777295138
Tomatoes,607,13.959337733153138,Medium,No,10.564493301409966,588.5586206822561
Eggs,830,47.32904045122357,High,No,48.812058056589215,695.7875702997762
Tomatoes,700,39.269369663424904,High,No,45.197042688599694,636.4793635962479
Eggs,171,36.33037670858647,High,No,34.703020943233696,256.2015239765993
Yogurt,346,15.751796768503638,Low,Yes,43.747442206486454,342.8656627935932
Sugar,740,10.335804486842772,Medium,Yes,9.300216784794479,936.3194461269583
Yogurt,823,44.18746795784075,High,No,37.82193117437947,777.2296609870455
Rice,954,5.264580620410292,Medium,Yes,17.85219554118529,1061.534956371377
Milk,707,22.464339066545882,Low,No,29.277193611284297,464.78675203181723
Apples,686,17.492562633260007,Medium,No,39.41662632733604,488.11519459602624
Bananas,665,30.666929015697065,Low,Yes,6.506569856484844,685.5656388440867
Flour,443,16.27287961486256,High,Yes,36.267718149456016,717.2561234561655
Flour,153,19.004241169773856,Low,Yes,24.569005571291935,262.99090574935246
Pasta,829,43.25179347469371,Low,Yes,24.78527923451523,816.5081441550753
Bread,627,32.14349705320335,Medium,Yes,45.82751450297437,626.5061346836908
Tomatoes,710,11.555713729821576,Low,Yes,43.688137366835214,541.448787924327
Milk,631,37.69121945731242,High,No,7.589018514025797,762.9106930997328
Apples,657,14.335664066594529,High,Yes,32.824194390554645,918.2842978219998
Pasta,292,24.485221855061603,Low,No,24.613077409260118,55.959844229960765
Potatoes,994,34.097325657768195,Medium,No,10.301650894103641,866.7551523620974
Flour,157,17.236829185586927,High,No,43.29731238297865,191.952422114077
Tomatoes,536,22.28480666041065,High,No,8.217998287146624,701.2612060124557
Eggs,210,38.03673187868679,Low,No,6.444382787010911,104.34855104945187
Bread,228,47.20599290409545,Low,Yes,13.888199297898558,326.290680062185
Potatoes,948,28.816027563176284,High,Yes,18.652066547004154,1204.1704460143499
Bread,805,5.448693720048023,Low,No,7.739634984234976,561.2341404974792
Salt,951,20.230868805882373,Low,No,33.85901565964768,638.4129455021384
Potatoes,425,22.938545068049052,High,Yes,24.671751088169795,783.1940180226101
Salt,107,20.262812900100982,Medium,No,23.548498772415243,86.67215920495568
Butter,128,24.632098750200324,Medium,Yes,11.540333028264076,398.8531275911291
Rice,211,33.46998142182798,High,Yes,24.700508763676993,547.3576836462481
Milk,772,10.450761214898893,Low,Yes,22.557467501393333,767.1895262563878
Potatoes,230,17.26837289903775,High,No,22.26392239645531,333.7347864118124
Flour,287,27.844163870793107,High,No,14.835515534228344,434.02052269277755
Bananas,774,19.20079886809888,Low,No,9.249680065653779,512.6265254523236
Cheese,808,49.59884021609117,Medium,No,16.731856911030256,704.1792833980854
Rice,574,24.41441601668697,Medium,No,35.027157420073635,439.21948928346853
Cheese,463,44.14096191164973,Low,No,8.281554654536226,301.3846795326577
Apples,303,45.3429426026239,High,No,22.204599856013818,414.5122665382996
Flour,311,42.62031498750574,Low,No,28.146930378455867,110.62742087795557
Sugar,720,7.110420842532552,High,Yes,48.34183156725351,885.735932594147
Potatoes,375,47.648602922600816,Low,No,42.972125094515654,84.74066329972085
Sugar,172,10.793415295992961,Low,Yes,46.24759997284741,115.92599356695456
Flour,778,6.548163247143252,Medium,Yes,41.900069367267236,820.9863986601999
Bananas,871,23.646632355795088,Medium,Yes,31.51015603051223,933.2294451515205
Butter,342,13.758531474103522,Low,No,43.735406203940556,84.10325152349535
Flour,886,13.288843834845629,Low,No,30.43613529335743,550.8860872919896
Salt,201,17.951882601926776,Medium,No,21.098659686883526,193.40993543013494
Cheese,784,16.17825223610847,High,Yes,21.75539002786234,1043.6199430006395
Salt,270,35.81579309675689,Medium,No,30.445777099251423,240.60007731986576
Yogurt,752,13.404978798623153,High,No,41.4247830226796,617.0880960592082
Yogurt,287,29.440323733876635,Medium,Yes,11.014370969512974,575.1430990161241
Cheese,540,49.38919457645884,Medium,No,6.7669348834143666,522.8592549872918
Bananas,185,24.457208943033,High,Yes,40.530588176991984,477.61008797203976
Yogurt,575,33.88428989579464,Low,Yes,34.141643115074004,512.4699663035245
Eggs,151,48.62172549784432,Medium,Yes,41.958963763419284,285.0186683096963
Yogurt,210,11.193754911861392,Medium,No,48.950443714682784,82.00729209212852
Bread,976,23.837315418187224,Medium,Yes,16.31273051390453,1063.4665156339197
Flour,953,43.25865800878643,Low,Yes,13.743138890636665,926.1057933774209
Apples,142,46.95375572351959,Medium,No,20.344034632968516,148.92577517318153
Bananas,310,32.05562260815073,Low,Yes,44.50830344930935,230.81814656992813
Potatoes,299,11.453927114310051,Medium,No,5.628374057965864,370.4473147636055
Rice,909,45.56622127764447,High,No,5.473951642311409,987.8148133474944
Cheese,957,12.850095478592415,Medium,Yes,14.75538741097404,1061.4290650581704
Apples,851,20.879503174945334,Medium,No,21.916233308004845,675.1366575775868
Apples,726,21.89785899930178,Low,No,18.6055739741794,452.45981430572806
Tomatoes,125,25.128119294268263,Low,No,42.12130292486874,10
Pasta,398,40.55746171689273,Low,No,36.037507354099645,115.65578610045131
Flour,176,41.096497014611806,High,Yes,42.70251568643953,498.5568754779851
Apples,236,37.38447829751514,High,No,22.269213254919485,347.74782321211774
Potatoes,119,5.995790348971173,Low,No,31.81146281285424,10
Eggs,539,30.41802959977182,High,No,28.19549521386098,594.7241280054575
Flour,310,38.637183014663,Low,No,26.36269467995566,67.46718147865016
Sugar,851,25.008135802769427,High,Yes,17.964644439702774,1104.7476712446228
Milk,650,47.52212204144284,Low,Yes,36.91492837210771,538.3319440087504
Cheese,534,42.071473484615794,Low,No,28.58133226882314,173.33700537144546
Bread,879,33.716977946907384,High,Yes,8.537125149002492,1210.6618852269432
Butter,306,7.809133265713102,Medium,No,5.023507295138008,393.9773267400602
Apples,538,34.35558114124122,Low,Yes,5.914357198485143,661.1510213567572
Sugar,878,46.021082056349854,Low,No,8.417751586145712,693.863552046691
Eggs,765,22.075042409642815,Medium,No,21.692938600991013,687.7087035696957
Potatoes,141,42.71596365224124,Low,Yes,18.754955923107126,237.64823855558936
Eggs,510,19.092251428798054,Low,Yes,12.04890703740567,621.4865501363334
Cheese,622,30.654648119628625,High,Yes,28.19521858011291,888.3673736411182
Pasta,905,34.179098826685205,Medium,Yes,48.65816359863029,850.8405396069294
Flour,709,35.509776690150275,Low,Yes,12.23134874199005,715.6210355499957
Pasta,526,44.71471915089567,Low,No,16.276615888944733,309.0308428207565
Milk,374,15.558002015282694,Medium,No,25.79463601133153,322.3169864300123
Bananas,547,16.80663133800386,Medium,No,33.837833879354875,457.44165467569366
Potatoes,983,36.681844698983156,High,No,32.01124958895404,929.8621820572976
Milk,841,12.973721561781714,High,Yes,28.453967573524626,1050.9040512990146
Rice,468,25.892168223378214,High,Yes,38.17706961300905,689.2447116071528
Yogurt,319,5.901547283474681,Low,No,43.06755016747191,53.96779723481361
Butter,676,11.344070164555134,Medium,No,49.95351083377064,462.43164163190966
Rice,966,35.54808732629876,High,Yes,25.947974747688704,1212.110364805036
Salt,331,38.635772156678925,Medium,Yes,49.773047950690376,388.5543402564208
Bananas,427,10.189356495704459,Low,Yes,37.87247346250419,411.22804017356896
Milk,542,15.246929768503865,Low,Yes,34.58037880304377,528.7494407738367
Pasta,151,9.4507000941673,Medium,Yes,33.78573795498504,306.61418268961717
Pasta,985,24.503577976630257,Medium,No,45.98349326425692,704.1638902352903
Pasta,475,10.675223183508496,High,No,47.65704377254838,463.50758779149675
Sugar,362,24.67832077251005,Medium,No,13.032199758066344,377.4115841856918
Eggs,366,37.944421511050926,High,No,27.20407284793809,435.3880249540506
Sugar,458,35.75248849145379,Medium,Yes,47.36524325673439,589.9958944903118
Flour,416,17.620721908333035,Medium,No,22.195077394621574,420.9298120991182
Flour,423,35.31931471611196,Medium,No,15.470444105570419,393.66999445438125
Pasta,765,46.74704589048096,Low,No,9.619393024489803,534.8377081117791
Tomatoes,969,20.6385974188212,Low,No,31.87479215948023,626.5150999392673
Milk,977,19.810361916392296,Low,No,36.51227733795642,587.4075674287532
Pasta,751,30.714739316690785,High,Yes,13.799659386975007,1104.5906056651572
Salt,662,16.047581496236234,High,No,35.313715092743905,606.9900314096184
Flour,728,34.32105175911134,Low,No,45.48286364826127,330.6041664428224
Bananas,520,42.451779680261645,Low,Yes,15.961075443382741,585.5261140640871
Milk,145,25.66933272943844,Medium,Yes,10.489995304325944,480.8278045580385
Cheese,920,35.57782962177721,Medium,Yes,42.59407877059409,860.813160164383
Rice,699,34.33484407473479,High,Yes,46.24008963738097,832.2102421116915
Bananas,819,6.739950283141528,High,No,14.668787410065214,828.1983051782322
Bread,988,13.253733282909938,Medium,Yes,37.46212471555989,970.267156361448
Apples,368,45.20885008181585,High,No,31.591375837356725,375.52226237330984
Apples,700,47.25014663142587,Low,Yes,15.763840390930897,723.7296576685226
Bananas,480,40.119783796002984,Medium,No,42.06459599514516,310.48726469499206
Milk,217,46.45616667474626,Medium,Yes,26.16968366069589,414.9086249807197
Sugar,665,18.776689291335863,High,Yes,36.5150243506521,890.8193776449722
Bananas,215,16.146993730057115,Medium,No,18.56402735284127,256.9335534379794
Milk,729,22.2935084402234,Medium,No,41.710172,482.23431317420966
Butter,359,7.490389934770379,Low,Yes,16.89286813598962,391.08441678426647
Bananas,174,41.44422285685975,Medium,No,21.415425946256825,182.7161152556769
Salt,579,49.287896830178475,Medium,No,22.616113646245264,463.74657221987644
Tomatoes,404,42.081318159647445,Medium,No,14.289207760183281,350.16024631835904
Yogurt,106,29.973890068364668,Medium,No,44.34662398560012,14.700274402509052
Butter,465,18.28768867173274,Low,Yes,10.106952797877309,503.29200552229713
Sugar,733,13.896404984461128,Medium,No,30.340807942321806,552.0201048316038
Yogurt,622,21.382829230849698,Low,Yes,41.636788215536086,457.06495581860764
Cheese,447,35.01362882966929,Low,No,31.140722426018414,192.1624295495291
Bananas,537,25.117769999337064,Low,Yes,19.710342297305587,615.7001086624579
Pasta,314,47.032691903801876,High,Yes,40.160977711972684,559.6834052003687
Bananas,528,43.43991543345796,High,Yes,27.46298249958795,789.6188033917408
Cheese,890,9.608027718330453,Medium,Yes,12.335578235003176,1099.0547067621444
Sugar,597,10.91863507485695,Low,No,19.25884736837455,394.6695031302564
Cheese,639,35.43076333850499,High,No,31.63729182735111,706.7113340080967
Apples,846,15.384577549115944,Medium,Yes,34.64494307590941,900.7070781367164
Milk,466,40.5963444655288,High,No,29.66594408005139,510.97122316400294
Salt,412,31.611116404685887,Low,No,17.24042460261419,270.9372041102717
Butter,637,15.34237374800075,Medium,Yes,31.718868808107317,738.8756241813292
Eggs,153,26.540905886626604,Low,No,19.960318993736035,16.743832625449006
Salt,640,23.2734331565165,Low,No,15.1214483706339,352.1170794573784
Rice,566,44.29217116352321,High,No,47.548789654092204,545.0410808434661
Eggs,964,6.447311373967262,Medium,No,19.169303140599077,833.8560530541516
Bread,263,45.312975071005546,Medium,Yes,20.10292046278473,484.0076271604377
Tomatoes,881,34.343720729588455,Medium,Yes,45.354940464377435,888.073787549683
Flour,433,38.18921843967704,High,No,11.42118389475743,534.755638704923
Potatoes,646,5.117335852668518,Medium,Yes,31.306769274343814,741.166128960008
Rice,897,33.27077453167546,High,Yes,40.266978588086324,1066.2297869925799
Salt,447,31.48187736699617,Medium,Yes,17.31494463738977,656.6051229718988
Rice,372,29.174250037383494,High,Yes,42.98364774374262,631.4935822178193
Milk,819,40.364008551764826,Medium,No,39.63420405571057,594.3260889707927
Butter,849,30.014199337842737,High,No,26.87423302700368,848.7380316839508
Yogurt,513,43.569373530193594,Low,No,10.342206714553768,297.28020880844804
Pasta,599,15.468416888433726,Low,Yes,48.65482217869939,516.5360247274509
Apples,192,41.26921650372649,Low,No,33.09036008147557,10
Pasta,784,13.069074777116258,Medium,No,28.269428188658203,631.0502955436152
Cheese,178,41.5903006386041,High,No,44.84523133379412,179.35541974594244
Bread,721,47.320858347285544,Low,Yes,23.961029434410914,674.7122670317138
Tomatoes,316,20.106236403967284,Medium,No,30.36386079762661,247.8003958917457
Yogurt,457,28.844884129108497,High,Yes,43.628584479611604,705.0896969590848
Flour,717,34.624806031541645,Low,Yes,22.683748233562152,719.9057884022499
Flour,606,8.576224963452258,Low,Yes,39.75762110266179,544.6991205797965
Yogurt,658,27.23363231918541,Medium,Yes,16.526199780319597,812.2783316181766
Eggs,280,21.2263239464711,High,Yes,36.60642959602362,591.4380834752941
Pasta,675,44.260503406308864,Medium,No,27.96956886339044,535.2305843778253
Sugar,345,44.450578341874674,Low,Yes,12.420805828113906,443.44263514594843
Pasta,343,36.535079279625656,Medium,Yes,11.120335717830946,616.5574809497351
Milk,605,34.50760135666242,Medium,Yes,25.5959693172483,700.4936256329419
Apples,521,38.01598066741356,Low,No,36.988119906143794,152.0438122244542
Pasta,419,21.46941054512632,Low,No,32.1483194905271,199.4236739194598
Butter,186,23.203366103778144,High,No,43.46262632378241,215.9439716257122
Potatoes,316,29.916712529991738,High,No,22.53477421874019,437.6456279048224
Bananas,589,47.211265731401035,Low,Yes,42.963896241824266,456.7479159174147
Bananas,618,37.57999433538031,Low,Yes,6.666280493482478,730.1453267249615
Apples,377,29.79451600233005,High,No,21.461207743744012,489.89907979658466
Bread,948,39.66858567035216,Medium,Yes,8.284237637015787,1091.7589910561612
Eggs,821,21.690064050729127,Low,No,46.365987672605115,422.6987811023285
Butter,268,37.871001551496676,Low,No,26.389047954101354,11.268241284412497
Bread,429,23.480431172721516,Medium,No,19.227040026921912,396.5184542000007
Milk,749,17.584763315674373,High,Yes,27.16194674466759,1049.2027005682974
Bananas,540,32.43758213850316,High,No,28.97807338340418,580.3492204706445
Sugar,490,35.9094901842583,Medium,No,43.080461230487714,314.2272390409534
Cheese,595,25.66821025308039,Low,Yes,29.409248131388207,556.6087171458912
Rice,480,30.447532910997566,Medium,Yes,24.412164034923297,679.1982618197445
Cheese,405,36.23297336851806,Low,Yes,48.26095013196176,351.50904197335143
Pasta,841,39.546952320087925,High,Yes,48.585116213147494,947.142621727167
Milk,919,45.30071655873843,Low,Yes,6.728755266246808,939.6652711305903
Eggs,772,20.954489281894766,Low,Yes,36.8080590625482,680.0488931389332
Potatoes,612,47.81647637836671,Low,No,21.72911294976987,369.09933223567583
Potatoes,847,33.67759145553894,Low,Yes,35.38398514270702,710.6595193903144
Bananas,287,40.44658472145265,Low,Yes,33.66150773253931,325.3524617305775
Butter,615,36.48960695666472,High,Yes,19.854703100829667,941.4382344521814
Flour,743,14.250727640678297,Medium,No,49.399642535932585,526.348584209239
Sugar,526,8.214727235397275,High,Yes,21.06992541648293,827.8826931756256
Apples,601,37.682890880815414,Low,No,33.43917148690244,263.0650998922841
Pasta,829,27.99737005075594,Medium,No,41.60238825734494,652.9712233716804
Apples,359,36.5996015783746,Low,No,11.545924158928365,245.58445712431666
Yogurt,612,26.457926176195688,High,No,18.52557761262624,659.2905192510375
Tomatoes,170,19.05055341874268,High,Yes,13.95377233587484,632.7504399476652
Salt,577,17.825805916680572,Low,Yes,40.18200911594578,487.80262478766934
Apples,277,37.87394588914974,Low,Yes,41.05438438806191,196.42981933820812
Milk,556,17.45510366595986,Medium,Yes,16.517473765393387,690.4775624313447
Bread,288,37.16045919164394,Medium,Yes,5.185858511232308,585.2308127705559
Bread,390,22.278205684282035,Low,Yes,24.050772218614973,477.4310707696868
Butter,619,39.69042819434611,Medium,No,35.92119263279132,491.390465627445
Milk,864,11.426446660220133,Low,No,33.0125980902137,558.2281348678785
Eggs,391,14.22409744419555,Low,Yes,25.05649059930074,455.30583147787786
Bread,855,35.86602225740736,Low,Yes,18.58737366218543,832.6510603727335
Apples,734,30.210400408921817,High,Yes,26.34743039417751,1024.9165705050195
Apples,910,14.174525417971964,Low,Yes,5.67962642928623,882.1880145673573
Salt,382,45.62721552770697,Low,Yes,8.324177875418853,520.8591404261688
Eggs,643,17.417486633569084,Low,Yes,12.32045558928522,660.4588239757726
Potatoes,945,23.948212918713523,Medium,No,33.143241065625716,700.9279966390167
Flour,476,14.102957384264208,Low,No,14.845964498878283,320.3942636000737
Butter,757,22.46124282536814,High,Yes,24.052051356824848,1051.971042408604
Bread,255,27.12410375501634,High,Yes,32.963487837548314,557.329256167146
Bread,607,18.28611745308136,Low,Yes,42.3759563309417,533.9629484413173
Bananas,512,39.60921529384175,Low,No,29.73454342155782,258.0106332933772
Yogurt,627,22.72698403908112,Low,No,12.970692688896731,416.0636264526051
Flour,454,37.82794999814452,High,No,47.82827862387468,409.7601576936953
Bread,658,14.31824789256095,Medium,No,9.050681729610012,686.4139888463742
Bananas,862,21.966597355693043,Medium,No,21.520368095586143,712.5678200026559
Potatoes,286,5.362623000299083,Low,Yes,46.459577331676826,236.4080421436596
Bananas,130,39.13869127611703,Medium,Yes,32.105005871644906,328.40583929028315
Flour,359,33.16489899487179,High,No,34.81935175511839,391.03218984125846
Tomatoes,520,41.80204962142053,Low,Yes,18.57616900286915,575.933202117476
Yogurt,628,25.502485464622097,Medium,No,8.534234990758613,641.0549010964677
Milk,650,40.98832896707776,Low,No,21.4592439886448,384.8095533992502
Bread,403,34.141214492194024,Low,No,23.09708105676295,164.14043313714308
Eggs,138,5.16258196404074,High,Yes,17.162256270262745,631.2546659569962
Tomatoes,588,16.41624327898304,High,Yes,14.696842574293758,942.3019497766562
Tomatoes,743,27.22511084928116,Medium,Yes,20.997891834387193,824.6621531313834
Yogurt,641,32.840930737038704,High,Yes,33.77375945436105,933.3789611905825
Bread,769,7.951588909908672,Low,Yes,47.70656362032308,656.4770174130674
Eggs,377,36.72859676827063,High,No,36.67013315568687,447.9253115187837
Salt,302,29.459124394126693,Medium,No,40.082138822550895,219.4871694118596
Eggs,165,28.660068806822856,Medium,No,18.77301362907726,253.15453931502356
Bananas,207,18.14205011440618,Medium,Yes,9.711161722762213,476.8650652582514
Bananas,367,31.767039477075958,High,Yes,18.118109546111462,713.2564902897648
Tomatoes,321,6.237180033429859,High,Yes,23.119439510277047,673.3163020292163
Eggs,903,7.911514872679482,High,No,36.04466059146576,822.5955534129621
Milk,629,38.02415392457787,High,No,47.2711355163691,551.5207809177615
Flour,189,19.485110414028377,High,No,41.41816314604461,219.66966795300522
Cheese,792,20.61351840310177,Medium,Yes,16.988012851555396,902.6666584757494
Pasta,354,14.377334146540331,Medium,Yes,41.91353066167635,440.210553914523
Pasta,554,25.05293114449695,High,No,23.528604886470855,604.2179174515385
Bananas,352,7.339704413508514,Low,No,12.894746838534147,247.78542712279742
Eggs,356,18.516345060700115,Medium,No,25.75640698563999,279.500486761887
Sugar,482,28.72057647999639,Low,No,30.344924536371746,243.81412364981014
Eggs,541,25.953436470161165,Low,Yes,39.353229921121006,433.41876444715416
Cheese,957,49.98513394053652,Medium,No,20.745342126864138,690.9137919989108
Bread,698,22.49440934526095,Low,Yes,11.605069446742922,735.1321951739807
Potatoes,189,22.4149576664439,Low,Yes,9.24590962813111,325.46271108226733
Tomatoes,848,27.661179983650715,Medium,Yes,10.06006925303794,987.816947820837
Flour,489,13.563639962205341,Medium,Yes,47.75105388549149,515.6974024485985
Pasta,681,44.43369903316211,High,Yes,47.828806483002616,812.2136636529162
Sugar,143,30.752050498900182,Medium,No,48.59404004324045,10
Bread,811,13.64484376397401,Low,Yes,18.61199908487719,772.0155012446518
Sugar,763,40.70487161174596,Medium,No,13.622648924654287,631.1688990232058
Sugar,697,6.544947701428397,High,No,49.14115128123222,544.7397508093753
Cheese,118,49.215389026344226,Medium,Yes,49.471884055556075,156.15066056479867
Eggs,200,43.93172006471171,Low,No,8.525769887764191,169.2379644839064
Apples,706,31.083775499030892,Medium,No,38.863764516992724,503.0418859315023
Bananas,865,10.008304824067991,Low,No,17.98987825907726,642.7827296817053
Bananas,456,14.687274798035213,Medium,No,45.9184434986763,272.53641124892323
Tomatoes,641,17.57458266411034,High,Yes,9.015125722440512,1004.6087833023495
Salt,860,15.846428205662495,High,No,44.98599811265047,764.3469140578896
Milk,132,27.38840047040506,Medium,No,5.117956966335322,235.5181343774616
Bananas,328,47.50521666202165,Low,Yes,28.489004285850893,308.80228665213326
Sugar,623,24.98776631455147,High,Yes,20.100373137550996,924.0110057420227
Bread,729,34.770405567803245,Low,Yes,24.230018914884734,703.8081554862616
Apples,961,35.98624426904704,Medium,Yes,24.52030570696877,970.1995771570328
Bananas,254,44.22113263645172,High,Yes,34.412142161105905,597.9488725033333
Pasta,522,6.521957940718366,High,No,6.039370548798292,716.0248908179278
Cheese,345,23.1948526706394,Low,Yes,36.11138487135932,270.7923578946923
Eggs,504,40.31308013387447,High,No,5.998915806373974,626.6788666463391
Cheese,943,41.66901567344508,Low,Yes,13.337319214738104,920.0243883374019
Bread,858,46.729967682830505,Low,No,32.30337432003552,526.773413858537
Yogurt,640,36.62574619181011,Medium,No,8.889684617388237,645.0225197033725
Salt,260,16.031927574713457,Low,Yes,49.59066466189378,182.91047170672877
Bread,846,27.75495843879702,High,No,40.29728396773888,831.5812212161309
Yogurt,801,6.4555379563503905,Low,Yes,36.7549667063562,702.3346177560765
Butter,216,34.11177534942111,High,No,17.04564528218667,363.7920488471261
Bread,370,29.943284517894053,Low,Yes,7.185420152012911,511.9529995984561
Tomatoes,869,35.00763263425819,Medium,No,49.04514482797178,591.794175043915
Milk,791,46.8563249024418,Medium,No,11.653172598202815,708.7524908045608
Potatoes,586,35.92744752741942,Low,Yes,42.37553036374001,548.8434586658582
Eggs,984,19.420246866864254,Low,Yes,13.888283607937943,965.4695767841454
Pasta,271,13.943149874157054,Low,Yes,21.834291513207383,321.12873909572005
Flour,373,43.45862930683947,Medium,Yes,36.2115315680848,470.4203809366439
Flour,358,13.744946447319226,Low,Yes,47.541420116650706,335.9991666538907
Milk,234,12.272431126791375,Low,Yes,5.890206023610647,422.12762893666434
Rice,782,14.297543630643911,High,Yes,16.734567104657717,1038.0879238271714
Eggs,821,27.897838165872805,Medium,Yes,39.423456133867546,797.5680433385327
Bread,847,10.588434942175558,Medium,Yes,12.802722570032945,1009.0438062127347
Flour,521,47.215324876851604,Low,Yes,10.015480346715325,611.6095870716431
Tomatoes,520,48.48141682580403,Low,No,7.078312015109818,336.026302208157
Bread,285,48.821083397734945,High,No,27.612049783117616,315.12410190683363
Milk,463,6.760616216887391,Low,Yes,39.54801431168265,385.5244682857739
Cheese,706,47.57888869160143,Medium,Yes,48.278055411172005,748.9928115175708
Sugar,477,49.88367196778413,High,No,17.036867715576665,586.3829257992022
Bananas,622,47.40930992054692,Medium,Yes,10.46175807161173,851.5890165830205
Milk,679,35.19225075932177,Low,No,23.114897292449694,444.9791876871567
Salt,990,36.55535685838254,High,No,7.494813565009597,1017.46806751313
Bananas,821,10.501382294305145,Medium,No,19.911184327609664,690.8023372061913
Yogurt,295,44.34336846837331,Medium,No,33.93859957232722,189.09515633653075
Potatoes,980,7.6837813082947175,Medium,No,12.56747106081229,879.8212991142333
Salt,197,19.29787459779379,Low,Yes,33.43445379531012,263.46393902743534
Milk,704,49.601824031668414,Low,No,48.73770669146967,350.8069980984619
Flour,121,24.004754559634787,Low,Yes,43.88899637758954,139.78170592429086
Salt,549,10.902030078436642,Low,No,21.057568456234446,353.10871793001064
Salt,271,48.618259792208605,Medium,No,23.967332754921735,280.45313292911953
Potatoes,482,49.28628411687812,High,No,23.869431512641743,535.457937505191
Rice,233,13.416920835742147,Low,Yes,43.69554006724227,246.88392822257188
Eggs,525,43.916171393307685,High,No,49.722218250299335,466.7792983556461
Sugar,124,22.56904967872513,Medium,No,42.165305681430844,45.53750827269505
Pasta,602,22.161580901902152,Low,Yes,30.115318014413237,563.5067817487628
Flour,284,16.821393435360577,Medium,Yes,9.38147183486975,530.0549658719868
Potatoes,184,7.011962354970343,Low,No,47.951786689680596,10
Bread,666,17.06040426583506,Low,No,43.702061009813036,316.23200087993047
Pasta,862,7.41996073998734,High,No,42.86348819317014,754.3092864618536
Yogurt,243,46.596742086198354,Medium,Yes,22.631805244094366,455.04055753777874
Cheese,962,34.777430257672776,Medium,No,25.122712037022293,750.1409209588388
Cheese,778,44.89801925073762,Medium,Yes,10.38477996837796,921.8247605884742
Pasta,511,37.278080666175676,High,No,47.204284267262246,439.7106359318773
Flour,323,10.907909198718766,High,Yes,47.44554634699891,525.8651662390179
Pasta,319,47.3261691530884,Medium,Yes,16.449857053732828,531.7832854440626
Cheese,278,45.49518741347452,Medium,No,36.320351493801965,189.46268700944518
Pasta,730,20.663423505546604,Low,No,14.15703818361814,546.5666348491377
Yogurt,532,10.019000315825442,Low,Yes,22.682618616568032,619.4405411010082
Tomatoes,364,36.686963785499316,High,No,18.607161743814686,467.8167080930908
Cheese,528,37.776258623152515,Low,Yes,22.53159489637711,576.8571009253885
Apples,761,45.35730701783182,Medium,Yes,18.9037718844206,901.6877048867954
Milk,515,7.369509175298596,Medium,No,20.538109654593285,448.50407475325557
Eggs,552,11.376672711231734,Low,Yes,40.59771172140105,494.9891969574468
Milk,826,31.921195679563205,Low,No,18.501221371673843,585.3970665448907
Milk,296,32.86091978915371,High,Yes,41.661295898612,547.1140283723681
Tomatoes,653,6.512434804175283,Low,No,30.556498038969067,350.72168195591723
Eggs,152,22.86194229777463,High,No,40.12001472118648,197.27555431880174
Potatoes,579,31.287277907422208,Low,No,46.350079270406184,197.00274326748928
Eggs,542,38.206009991828026,Low,Yes,11.229122772853213,644.3178565835217
Sugar,429,19.226781130024783,Low,No,20.47506129149027,208.295826825159
Butter,350,26.775657185982865,Low,Yes,7.500087311385332,461.4832804609318
Salt,906,41.632469254040416,Medium,Yes,23.310951570905996,996.7651005666701
Bananas,989,47.92527787539832,Medium,No,15.68313188244706,845.7314757454166
Tomatoes,882,15.364160392543049,Medium,Yes,30.725537691167425,931.9947300969291
Apples,222,16.38689926189533,Low,No,40.25254338060678,18.652473638303526
Rice,978,47.291818434524394,High,Yes,26.886468997079863,1155.4026714166305
Sugar,486,22.81600178432076,Low,Yes,20.013015062221783,522.1943450785918
Tomatoes,438,37.32567460343342,Medium,No,11.865036464134027,364.6094642252385
Cheese,877,32.55193529284443,High,No,6.207356787129664,945.1373173027621
Tomatoes,447,17.85144559073253,High,Yes,35.504735507673104,681.461902893716
Pasta,128,34.41029998811112,Medium,No,6.374560718097082,175.83409481172427
Sugar,134,34.5004655430638,Low,No,46.4377375815618,10
Yogurt,617,31.659943343408433,High,Yes,31.740351131678814,842.2931428831671
Bread,495,9.484737118228079,High,No,20.8982892493459,584.5143485918886
Tomatoes,722,49.782732006831694,Medium,Yes,6.886111566099429,910.9526230177181
Tomatoes,393,23.018740752687233,High,No,23.606894875568077,472.41299409001516
Salt,688,33.721294342864496,High,No,44.0284790618835,603.6498450346812
Milk,448,44.85927623506787,High,Yes,48.6420502033852,627.6103984872217
Bread,246,24.047981978892636,Low,Yes,8.821777338615313,389.62901642469825
Milk,166,39.82662755624968,Low,No,39.97121483606159,10
Flour,619,48.73209911057327,Medium,No,16.626092680328355,545.9529027086711
Pasta,221,21.152064211387174,Low,Yes,22.074660467047483,299.82179804513095
Eggs,439,23.237130660473152,High,No,29.645265222097095,478.3453177525938
Yogurt,274,45.75092265484559,Low,No,49.76279461531188,10
Milk,999,12.183929051683235,High,No,14.396670394667963,1039.2108878838296
Rice,790,6.286767726174904,High,No,10.87242724727857,873.5217091482518
Rice,696,45.90000521821003,Low,Yes,31.773964391577806,660.8332781760033
Eggs,550,41.97162083529111,Low,No,43.387204899115396,204.55763485410046
Eggs,656,48.76623646480994,Low,Yes,34.16971090454123,574.733147922769
Milk,235,7.620700221980521,Low,Yes,20.640938057395548,328.9272149183848
Yogurt,954,12.027979869844426,Medium,No,48.96421555531492,667.3184511872809
Potatoes,115,9.739065159041399,Low,Yes,49.776443808839566,60.732246492685455
Sugar,432,35.753725953216914,Medium,No,39.67920962495814,223.11825115153619
Tomatoes,294,32.27045331862145,High,No,41.108733451378185,321.965240229283
Tomatoes,595,21.170083972426685,Medium,Yes,39.237874813259516,694.2466582923881
Eggs,108,7.584056573101026,High,Yes,16.594743110245005,519.6055029949607
Butter,927,33.784789282094344,Medium,Yes,11.761886248042217,1098.0903571294466
Flour,433,30.65542183017755,Medium,No,29.945907714124125,281.9490754744661
Rice,432,10.080644497727707,High,No,47.936578893645404,384.1131351007507
Bread,426,45.900936701317136,Medium,No,44.52315301500732,296.4142412408296
Tomatoes,114,13.952736935239574,High,Yes,9.808688097081752,595.8582856231072
Milk,938,38.457911846473536,Low,Yes,7.5646024934082545,934.273705338207
Flour,713,44.82841381443267,High,Yes,44.319685449795784,883.9559409027518
Flour,325,31.07637458121688,Medium,Yes,32.58567824944722,517.4237174396783
Flour,524,16.10820073842131,Low,Yes,18.694446848985823,524.3188677149944
Yogurt,889,18.91618329313136,Medium,No,30.279566700869072,739.8798673574497
Sugar,507,44.85863901734746,Low,No,14.975086622106868,293.59415144793655
Bread,212,18.42157203694181,High,Yes,47.6128313828414,493.57660485621045
Potatoes,527,38.578571749278694,Low,Yes,42.223896430927574,422.7645251942259
Cheese,100,49.55743455149324,Low,Yes,48.300710755901655,114.22942859140461
Cheese,365,49.9917523713205,Low,Yes,13.417573143051044,448.98136800410185
Flour,590,29.006588672119914,Medium,No,42.96516918235613,352.8063572949743
Bananas,307,42.1950108553744,Low,Yes,30.212852988474758,337.54052237859173
Cheese,721,49.56124405645398,High,Yes,19.624639773916357,1042.933078556004
Eggs,811,21.8602800428892,High,Yes,26.5848509766007,1090.593500356723
Salt,468,16.358431328163764,High,No,47.497278897250965,431.53940095511723
Yogurt,405,10.140501012898245,Low,No,36.11537993009586,162.71510954977094
Potatoes,111,11.340483713290675,High,Yes,21.196199870580354,514.5017164192602
Cheese,444,43.41003636292985,Medium,No,49.9954857936031,251.24868248705
Eggs,564,31.49253906381833,High,Yes,20.558431414912455,893.545960877377
Bread,799,44.31691289266186,Low,Yes,41.61739025264441,572.0966116943763
Apples,765,40.52547900644758,High,Yes,40.29698075579823,910.2341914813474
Butter,593,35.3185083521608,Low,No,37.531698713270856,275.31759029051955
Salt,467,32.419048635808736,Low,Yes,35.12463318506943,436.71715170943907
Apples,945,7.175250688014183,High,Yes,9.889942666045748,1252.090336594985
Flour,519,44.25238382014365,Medium,No,49.77301746962254,296.88995930108456
Rice,988,23.802892775587143,Medium,No,12.246926743890926,903.4939494953533
Pasta,890,30.19040856821264,High,Yes,31.82603080430319,1098.3983082538282
Bread,270,5.987907584465932,Low,Yes,16.21165125694737,311.9690044528655
Potatoes,233,47.123307583825415,High,No,12.594988313233817,458.2946939161454
Bananas,526,45.62332074914006,Low,No,30.17594171535716,189.9122479291116
Rice,124,29.44751134631475,Low,No,42.63548743047801,10
Butter,629,30.979023492576083,Low,Yes,21.96255454079969,580.9681503949726
Rice,289,36.72577455815699,Medium,Yes,8.472600213429132,613.1773109598705
Butter,240,16.911270339626753,Medium,No,33.06915108088053,159.85863804328943
Butter,654,14.986203022098616,High,No,39.489361426552776,629.7884180396696
Milk,945,35.331032597073474,Medium,Yes,18.3238028105804,987.130671794402
Pasta,895,9.699010077150866,Low,No,36.07653538041565,552.6547130181406
Salt,757,25.432790212552135,Low,Yes,8.410564509935124,813.3198487063485
Milk,414,27.17421907995905,High,Yes,21.264277476567948,779.8112010809003
Potatoes,543,22.16016396118256,Low,Yes,26.335912627069053,570.1288535922083
Salt,418,13.33706790639806,High,No,40.18836424871346,432.14491088819267
Flour,540,20.98923189464096,High,Yes,20.216376912135594,864.1022573911515
Potatoes,191,20.19007641022025,Low,No,25.416490657848456,10
Tomatoes,278,27.46695535919377,Medium,No,33.275930804161796,178.99344198528667
Butter,155,35.360637871033376,Low,No,33.083598289565785,10
Cheese,254,48.570580558677676,Low,No,28.29920915315314,12.284975237940003
Flour,771,11.487346707844772,High,Yes,19.781361938770935,1006.8566437810234
Eggs,210,44.28576994734868,Medium,Yes,35.14660907430108,340.49808185285775
Rice,236,17.78801001756181,High,Yes,42.67194552956025,534.727547734149
Rice,331,31.611774650063253,Low,No,11.92163405027572,180.30037511546678
Butter,567,29.603162659274062,High,Yes,20.320780228162192,905.3293272188113
Pasta,831,30.062678838271832,High,Yes,35.09367808981068,964.2864377188691
Milk,580,37.55113752734658,Low,Yes,39.009897134923854,410.698688189606
Yogurt,167,22.175973758704817,High,Yes,40.16568407473673,479.6068498381588
Apples,913,19.3594983456585,Low,No,34.39724087692997,578.874833044571
Bread,348,43.37755579334648,High,No,26.522159504550416,372.7705679026644
Milk,422,14.904276812342163,Medium,Yes,34.06098219923528,575.6242471778473
Bread,617,13.111071679001439,Low,No,11.07700376648797,467.36735253542076
Yogurt,891,5.7023346494867395,Medium,No,14.349254820165974,788.0710523171007
Eggs,531,14.476000191313403,High,No,46.738896828960925,510.90024093962484
Sugar,586,28.333914499251875,Medium,Yes,46.497694228258325,627.856800633624
Flour,705,29.23289928563511,Medium,Yes,37.57477212245048,753.6216584867234
Bananas,528,16.448922103799045,Medium,No,19.717124406291365,490.22038314690997
Flour,368,8.252337651853994,High,No,34.197800200013035,476.6687577414824
Milk,808,38.50883583553428,Low,No,35.95062242000716,430.65723571566053
Eggs,636,39.108890685303486,High,No,28.18017215953511,645.7127438491857
Salt,247,49.90263783312027,High,Yes,38.683662210030725,499.50980638948874
Sugar,217,45.501330674062295,High,No,6.336091778831834,423.82528210219374
Butter,949,46.67279290329391,Low,Yes,16.52993582800275,898.5219433248269
Salt,466,40.91917215847739,High,No,40.75026670129653,483.3426387153843
Pasta,949,32.69762840221246,High,Yes,47.2415199660223,1099.2360310287286
Milk,165,10.78456809220297,Low,No,44.4239521213175,10
Eggs,912,33.004098385514496,Low,Yes,37.24220160358647,808.2898731207521
Cheese,469,7.518013718658199,Low,Yes,12.447356168555913,538.0591257975288
Eggs,274,44.83846000720366,Medium,No,21.592378202838347,210.17092143920044
Potatoes,930,26.681960093638885,Low,No,7.259570987513706,707.4656862873475
Tomatoes,687,36.38627743891101,Medium,Yes,33.79378115210308,763.0385632378677
Flour,594,7.35096486631838,Medium,Yes,25.24384560274843,805.2809559926282
Cheese,213,29.041179031527143,High,No,30.785534464741843,244.3024036726647
Apples,210,18.556852903401314,Medium,No,49.070881115352655,81.95459215765469
Cheese,860,17.823571958176053,High,No,23.101360025976426,881.6729374454982
Eggs,538,22.534516161643214,Medium,No,18.801956929782953,452.2642233827713
Rice,814,5.028775738724071,Low,Yes,11.777206756629635,810.772263397395
Apples,246,25.999739677407806,High,Yes,11.462442107254804,666.310064477855
Cheese,134,26.895500762357223,Medium,Yes,28.3358146381543,302.8278399706214
Sugar,408,43.84089121275788,High,No,38.71526426492158,454.6232171930666
Flour,637,25.183652354711707,Low,No,30.400810848117523,426.0259879824727
Flour,849,21.360033224045278,Medium,No,44.298169934014155,586.7906038668001
Milk,113,49.76361731131085,Medium,Yes,19.214259058513136,350.2680406757917
Sugar,473,30.704599607112332,Low,No,31.7770966254785,164.83646655518828
Bread,656,26.267594388536278,Medium,Yes,34.75587699929771,705.0027151437376
Bread,527,27.317112554677074,Medium,No,17.63106245265319,452.1027988093024
Apples,827,41.41315838789623,High,Yes,22.833684774266942,1112.9880351601462
Eggs,332,20.33043660365724,Medium,Yes,31.592294343530554,593.2635285430079
Sugar,804,22.512220820867554,Low,Yes,5.941879207972126,830.5497146259521
Eggs,662,39.01430117018594,Medium,No,44.89749115693633,408.5437917112776
Eggs,986,8.284268282619626,High,No,9.997882170011863,999.6286587112576
Butter,825,43.93261211644664,Medium,No,7.140105494812277,765.8568493399903
Cheese,762,24.359121341058646,High,No,14.676587901713466,834.3641271760418
Potatoes,539,31.158183897754178,Medium,Yes,27.60430833916202,680.627140424737
Flour,601,39.08642716669258,High,Yes,19.7913831717125,898.9707590460249
Sugar,374,16.972336509770518,High,No,24.806552355743595,507.4572109413075
Salt,949,45.0641393744293,Medium,No,8.79219945850492,865.6347638994943
Bread,175,49.06512375154748,Low,No,15.489708337515838,59.644811032110084
Yogurt,538,27.242346263275607,Low,No,9.39473583315732,380.9123065124504
Eggs,831,47.1621814264703,Medium,Yes,15.336796394356414,958.8532626423847
Cheese,959,5.050788013714224,Medium,No,36.64890620791374,709.9750270295041
Yogurt,798,45.240702333598776,Medium,Yes,30.88808576336363,876.9363704826884
Cheese,388,18.99703938880875,Medium,Yes,20.02869160436042,613.4529020119314
Sugar,639,19.017294112742086,Medium,Yes,16.755227011047374,834.9309519869566
Yogurt,990,15.263998914647273,Low,No,49.88875247254397,487.99121863502955
Yogurt,791,19.265625551790585,High,No,39.55404576175283,735.5753027044703
Flour,352,14.60680626643858,High,No,41.99198852460491,355.0766488235158
Cheese,225,45.764109783948726,Low,No,6.186408635921077,99.82798574031247
Potatoes,276,45.45606772460149,Low,Yes,7.681405729060606,431.51774581899593
Apples,136,9.599509171428014,High,No,37.06765117531503,223.98010124667732
Butter,509,11.428629298992162,Low,Yes,13.632478502504135,653.9469944297965
Pasta,710,43.790838755479996,Medium,No,24.15449458432709,589.8665725336051
Pasta,709,22.952199689273566,Low,Yes,13.287496116022767,730.3698007377661
Pasta,226,12.617225480267523,Low,Yes,12.96823575589278,356.4016434070854
Sugar,582,27.980123109645525,Low,Yes,9.908462826020278,616.9105862260914
Rice,267,23.750062246404273,Low,No,31.741704968730673,79.94188938873577
Sugar,691,14.862269918208433,High,Yes,38.26856178594843,913.4756146823322
Sugar,393,37.43384982249355,High,Yes,7.558007103164488,817.8569299817251
Milk,944,33.40801905497289,High,No,17.39983288801899,919.5702721067286
Flour,737,9.484772609994826,High,Yes,34.6265779389977,985.0947594827728
Flour,442,46.642402144640414,Medium,No,22.654221010858617,338.9457548203829
Bananas,409,30.13114845785311,Medium,No,36.70996493685453,261.9673157515956
Sugar,761,16.259201917859382,High,Yes,39.165269599564986,958.6071880511435
Milk,627,14.283131678256357,High,Yes,6.453231616432355,994.7639120398485
Tomatoes,639,11.117659161749069,High,No,22.13869002316865,671.1778109875149
Salt,518,24.108683287565782,Low,Yes,37.811252736286136,461.7853357218244
Rice,543,11.099345589087655,Medium,No,22.028719260068822,499.00693501713397
Tomatoes,784,23.71173856678518,Medium,No,5.262494134363205,765.8839479444772
Cheese,657,11.694669270535297,Low,Yes,20.13363195690443,690.306972028537
Sugar,939,34.55633846857502,Low,No,44.269374039688834,527.1621555740026
Milk,335,40.33589097588612,Low,Yes,47.83725021616294,244.37888165400133
Rice,538,29.728523638524138,Medium,Yes,30.22324891756039,698.0456710767147
Bread,313,35.60255936847038,Low,No,18.78620463684616,86.5906210229289
Milk,184,47.22704316878274,Low,Yes,25.972891168089994,256.7357007242911
Yogurt,893,33.726718830677356,Low,Yes,15.629158716380257,894.6296965262297
Pasta,843,21.38711891827472,High,Yes,12.565656241212746,1148.1694122677636
Salt,184,25.2266071403712,Low,Yes,27.20908743944147,226.87250629002708
Bananas,588,43.72363517324166,High,Yes,38.150779498732035,806.6725142381277
Apples,164,10.882414352754338,Medium,Yes,15.01091717170419,427.9763560436581
Tomatoes,745,19.65816601026947,Medium,No,45.92917908462675,521.9528413022258
Apples,762,30.977603103671786,Medium,Yes,12.570243743780008,959.6319894690533
Milk,726,35.437530623379544,High,No,30.128520940889636,725.8393234429217
Flour,163,39.357458394426736,Low,No,39.937246634134986,10
Eggs,442,19.31930581982392,Medium,Yes,14.602481721002283,693.7374651893463
Yogurt,974,11.563661030411764,Low,Yes,18.34000011354742,957.9948481147246
Salt,451,47.96776443544519,High,No,7.316791197497848,576.8839505091731
Apples,257,8.437649770941777,Medium,No,47.47767785871379,67.8529875221362
Apples,688,9.311241010409844,Low,Yes,26.91374870198013,669.5122357025147
Apples,590,27.272414385588597,Low,No,7.893777877416368,446.6264743529469
Milk,757,41.867196266461924,Medium,No,42.35570659260433,475.4609154534141
Cheese,954,39.8526847859897,Low,Yes,30.620487157233743,842.2361841113274
Bread,562,47.19646697873413,High,No,7.487812289231083,722.412775456316
Sugar,324,11.372115902584477,Medium,No,25.290345677661037,273.5684707753033
Sugar,412,21.907726567809622,Medium,Yes,24.548136918645945,641.5394809650561
Butter,714,17.696395792476952,Medium,Yes,11.573678004792004,944.4985798041614
Salt,958,43.73915555996024,Medium,Yes,23.916776408927692,1019.4651637726633
Eggs,912,26.975957912654017,High,Yes,17.72631571392283,1166.448251366591
Flour,565,6.208157048704986,High,No,36.49738528653205,555.9289151430899
Milk,187,36.858398307727846,Low,No,5.247137742780501,108.98076000301083
Flour,982,22.491414402197115,High,No,9.786917454004996,990.2146016513985
Yogurt,402,28.901604351695553,Low,No,46.33919640715768,34.70208385124136
Sugar,779,45.22043421544991,Low,No,24.499999729451368,409.94494129012463
Apples,534,16.553199858476525,Medium,Yes,12.928188860367829,753.647866572546
Milk,781,15.811910402547971,Low,No,40.69518965910666,474.5846445578497
Apples,234,16.84366268810402,Medium,No,43.32166700343986,52.454295170453996
Sugar,149,20.214859606686623,Low,Yes,14.504630607585502,281.0445308345009
Bread,531,9.830928859074483,High,No,37.111999658215346,527.8983152546559
Flour,439,36.37488473638652,Medium,No,32.68110610251267,315.04503960351593
Butter,446,14.332942302311144,Low,Yes,38.52755200961397,444.6998062826754
Eggs,745,46.676558627176355,High,Yes,40.45542886579684,893.7324900851285
Salt,446,14.70588412594418,High,No,34.74211353769674,417.34889445852514
Sugar,748,16.50389131889488,Medium,Yes,48.029763130723765,733.9707471420573
Cheese,344,18.365910296486735,Medium,No,43.890186165724344,176.53108394168447
Bread,208,39.584214365513716,Medium,No,15.30371695271158,153.1619178124622
Cheese,924,24.24229193489134,Low,Yes,46.11046083225359,753.891151756392
Bread,898,41.87005808137784,Medium,No,21.18187854979066,705.9751993941388
Cheese,632,40.31841705601048,High,Yes,37.6943833116446,844.4758894670776
Apples,189,46.827069024535994,High,Yes,43.1604642549388,451.09894244849295
Flour,395,39.047186979682465,Medium,No,24.63666919314507,291.07258140274297
Bread,211,7.336002635107828,Medium,No,7.31788459080726,305.2613910141153
Salt,912,42.677657316457626,High,Yes,47.734764552123465,1011.1435514689086
Yogurt,688,47.213266851743505,Low,Yes,8.26160237709617,737.1135016995137
Eggs,276,49.71601366473511,High,Yes,20.664931602421582,660.209522850608
Apples,442,10.637041735960931,High,Yes,31.840128399724687,747.7358865048803
Pasta,759,32.597297119694055,High,No,10.289151843684488,843.8055955992259
Pasta,200,13.975639964787172,Medium,Yes,42.71928469651706,314.6899976243579
Yogurt,857,16.812933841066954,Low,No,14.153997009940177,573.0561900601353
Butter,728,38.55129522002861,Low,Yes,49.37016484890848,571.0089534931186
Butter,703,48.99504729645771,Medium,Yes,46.23950482542879,677.8474869067112
Bread,500,31.768497565836032,High,No,32.205023924803854,546.9238648628445
Sugar,127,43.27630114200113,Medium,No,34.700454017932095,52.57338710477519
Potatoes,636,5.399771172297257,Medium,Yes,29.012291060390314,780.497019861416
Eggs,157,6.648423793232867,Low,No,22.599678588477467,10
Sugar,597,31.85259517966385,Low,No,20.826864368326298,323.3034366387114
Bananas,396,22.50423957201976,Medium,No,45.124470803311794,280.2917198724743
Cheese,233,45.039101673791926,Medium,No,30.947887675119556,154.65694995544283
Sugar,430,18.589186088858018,Low,Yes,42.048217949601735,401.86080496897074
Potatoes,348,24.442296237682136,Low,No,28.133196974272327,83.15525475257004
Milk,649,28.75591390242057,High,Yes,18.816121500892336,952.250587311417
Pasta,174,17.28674747988114,Medium,Yes,9.129176448337393,523.9815705654324
Bananas,753,45.882269035398245,High,Yes,19.566356135374278,984.6883994169692
Butter,933,25.904011309614372,High,Yes,44.60528813292943,1128.6810168634754
Rice,267,24.087002410355762,High,No,37.03825282476963,322.44139818500565
Eggs,870,43.238887202044964,Low,Yes,40.36234594419557,698.0007811546822
Milk,602,19.039028074155432,High,Yes,39.80453972452508,833.6162491326148
Potatoes,984,41.78594050299324,Low,No,10.398758775416425,747.5873069426069
Rice,454,10.502278372460726,Low,No,12.148725472602347,272.4384207188625
Eggs,324,13.225484001420483,Low,No,19.275766197530984,135.7475619063748
Tomatoes,763,47.78787497772806,Medium,Yes,18.54629504005605,901.2484888553228
Potatoes,630,42.91013708634686,High,No,7.9736467215079285,756.5673217893086
Eggs,245,22.455450565538282,Low,Yes,11.906217930614307,369.2880584324617
Tomatoes,340,33.730540192266325,Medium,Yes,43.53036276050508,449.5531080060431
Milk,983,47.43365852439301,Medium,Yes,31.507017709176658,1030.754558891011
Tomatoes,992,14.533650628883791,Medium,No,20.40273467508387,839.5187334047213
Potatoes,443,7.655471160035029,Low,Yes,28.6915054038519,436.37048199554766
Pasta,848,29.186062902738737,Low,Yes,16.759102621023004,829.3833469814067
Yogurt,134,11.416859539861697,Low,No,31.272904280622875,10
Potatoes,801,13.429359172011882,Medium,Yes,8.358389745615437,1002.2854781833463
Flour,100,45.11926353792107,Low,No,45.61928145340481,10
Salt,252,5.33315563902011,High,No,15.820096310762661,404.40277632317526
Apples,528,41.75690119087408,Low,No,41.85839758719258,200.10879057498647
Yogurt,607,28.262784935102342,Low,No,34.699948984603274,321.79831388297885
Yogurt,225,30.168247444038517,High,No,28.535312409050025,367.17204459467285
Milk,590,35.22955822053631,Low,No,46.840840732300805,257.0086791204126
Salt,581,24.415024653860467,Low,Yes,12.056593114451914,608.7315030073472
Sugar,444,10.202534968658664,Low,No,10.367486162104987,332.8168729808498
Milk,837,9.626910071217072,Low,Yes,19.483705932054693,867.9480226485209
Butter,320,38.946298963277414,Medium,Yes,42.359955193325966,407.480240066633
Eggs,822,14.946581447027821,Low,Yes,6.584065528560563,840.372372241532
Rice,124,6.264575762793989,High,Yes,15.773256828920298,566.4683894771415
Sugar,627,49.08262500945235,High,No,24.11159862590004,661.8856254582653
Eggs,281,49.1176183712312,Medium,Yes,37.08234448421938,404.32739354804426
Yogurt,598,22.016360180470095,Low,No,18.46908804248781,339.44433502599895
Sugar,940,6.148573005070094,High,Yes,25.16506008038213,1217.2725935178996
Flour,740,37.72690963667374,Medium,No,20.158272089202267,596.5463638575872
Yogurt,141,42.395542721855115,Low,No,9.142711462656605,30.680844093737008
Apples,580,10.625616055211438,Medium,Yes,38.240419317406406,670.7588589683231
Potatoes,947,11.095637670915632,Low,No,25.76207284000174,579.0674140517307
Milk,847,42.00007998635558,Medium,No,41.563045378764336,552.3179100621267
Pasta,971,46.485832492185565,Medium,No,36.26118126743624,709.3006064187791
Apples,538,40.58396765033673,High,No,7.601684008528701,696.8685016704608
Bananas,501,14.03352271262883,High,Yes,27.50341552233253,811.9062664234747
Flour,645,23.51845487453994,Medium,Yes,49.588503062691814,594.5163784636483
Yogurt,444,32.037909163966134,Low,Yes,18.854161783967363,536.594741723671
Milk,992,12.213206321937292,Low,Yes,27.183114522033904,925.5001052800192
Pasta,144,14.477112168462874,Low,No,34.341459965331815,10
Sugar,745,17.729873243084974,Low,Yes,14.101952017095302,771.5511252613198
Tomatoes,120,27.928097163087642,Low,Yes,36.612824466426886,169.1743159088696
Salt,733,27.98621992298964,High,No,34.68995043987557,768.7467035743355
Pasta,169,41.64325337063987,Medium,No,21.873221002376944,181.42799425201616
Potatoes,963,38.88545903094315,High,Yes,17.79976702908946,1220.843462135274
Bananas,972,46.118105379947394,Low,Yes,46.35962155751446,735.9298091298094
Sugar,147,42.48057752710684,Medium,Yes,10.716060771371167,447.7149783414547
Apples,590,16.424489673754458,Low,No,24.441385609048325,364.7801923424749
Yogurt,650,19.908354618679994,Low,Yes,39.51426326999578,559.018982628305
Yogurt,386,27.51904596346402,Medium,No,11.66616929639242,371.0260652701114
Apples,109,5.642201055364007,Low,No,46.98173900934237,10
Potatoes,641,45.675590282767466,High,Yes,28.681358304406004,866.9136862800601
Rice,855,6.995489565305265,High,No,27.716704451919533,867.957643580157
Cheese,373,19.509857186748633,High,No,24.09248348596904,455.11575085019825
Milk,699,30.6128656038383,Low,Yes,44.03525861725467,510.0433828096464
Cheese,855,28.30286248730896,High,No,47.679863396617726,717.8066328079663
Bananas,480,34.45069517716436,Low,No,22.103061179800005,254.54560407668777
Tomatoes,428,28.738407888239408,Low,No,29.40771426125321,197.56704049980223
Pasta,578,15.305064156636547,High,Yes,19.194040977447074,921.8887989924777
Salt,114,14.048518450724234,High,No,21.560754275210765,237.65845245378844
Pasta,615,45.82611810839744,Low,No,6.275010228016109,441.3747107811246
Potatoes,290,16.878503153101665,Low,No,40.36709679846876,10
Tomatoes,267,17.643975524578103,Low,Yes,48.61999133415707,200.87141749991997
Pasta,620,23.582880324515507,Low,Yes,39.62869483314592,506.11812280718834
Sugar,720,11.274724721748829,High,Yes,28.319513934265604,977.2378578593198
Rice,236,27.82727799904582,Low,Yes,42.23794969135016,307.6696533894617
Tomatoes,253,34.92642927659591,Low,Yes,43.604556938738305,272.6072701355247
Butter,487,40.370022143481506,Low,Yes,29.503518391772552,441.9362263937305
Milk,308,37.015440883890314,Low,Yes,47.17208685559468,244.01017536020169
Tomatoes,371,11.643618383611866,Low,No,6.357658687564564,249.77032926719892
Salt,242,25.523021523691575,Medium,No,5.454320442284194,307.82768673570615
Bananas,710,6.73637903636803,Medium,Yes,8.665671387410281,948.7927267398684
Apples,988,5.800909852442718,Medium,Yes,7.603597195405324,1145.60188552392
Yogurt,919,24.805868822321028,High,Yes,24.107494450199038,1130.8926610979897
Sugar,168,16.383222250593306,Low,No,47.3144496764894,10
Pasta,346,35.751235769301324,High,No,35.385059749637136,344.9781157934941
Eggs,360,37.59083540660357,Low,No,34.675378756000555,101.5068042753087
Pasta,887,45.2931676051215,Medium,No,22.319871905159584,680.7709651844981
Yogurt,178,39.23071310925674,Low,Yes,29.01949052806563,196.90499602382747
Yogurt,757,7.170985541144376,High,No,18.687861344499044,830.918864007859
Butter,722,21.723035466099546,High,No,28.302698273119923,704.843247849852
Cheese,869,17.286050828845497,Low,No,38.59974089216326,437.26141883066094
Potatoes,704,22.375960242222256,High,Yes,30.141160891398446,929.6255017241594
Apples,624,12.203404653591571,Medium,Yes,23.84923276506033,748.9590047295292
Potatoes,871,9.396684666076705,Low,Yes,43.021492876719364,689.1232201023919
Flour,720,28.44430441287803,Medium,No,17.93492959076383,638.6058012620048
Rice,429,37.417158988987744,Medium,No,26.666911756600705,294.75248127564373
Pasta,288,36.58599058693743,High,No,49.01662717871903,249.38574435663793
Milk,194,25.29249449793022,Low,Yes,48.52947328352104,153.90862149633733
Bread,716,28.502554383002575,Medium,Yes,5.28280774974465,921.8509870290922
Bread,107,28.234792512888863,Medium,No,28.9505034019514,64.60436832540992
Butter,166,36.12066699956253,Low,No,20.161366649382174,10
Bananas,595,7.156632918021083,High,Yes,18.1050741386042,895.3327141542516
Milk,290,36.945324899205076,Medium,No,31.831348037390622,185.26777231878233
Tomatoes,465,31.199040534077938,Low,No,25.083694543738297,250.70878929540564
Sugar,867,13.91489216022084,Low,No,37.97789366977886,483.73173054374973
Flour,620,7.207648418581902,Medium,Yes,6.221038566297331,866.2986094423626
Butter,216,9.88375057510498,Medium,Yes,46.7100880953911,367.8212258662852
Flour,366,28.611110363867134,Medium,Yes,30.54169814575325,543.780077884476
Tomatoes,710,39.128383854107724,High,Yes,35.78300159967386,881.232404219216
Cheese,584,20.05957792060255,High,Yes,32.20639136203137,859.5770506999665
Eggs,608,22.060575981734974,Low,Yes,49.51092228393337,509.2451860415354
Bread,397,47.03658867707506,Low,Yes,49.38342985833716,279.6985787267131
Butter,263,14.58558878146592,Medium,Yes,32.44511457523841,393.31290854264273
Flour,475,9.668724105890824,Low,Yes,35.77834826703908,433.05302913248846
Salt,752,20.453455121000808,High,No,32.835643041657896,732.8367285975808
Yogurt,367,38.566495377152314,Low,No,18.980641577281386,197.18578424679365
Cheese,648,33.17347809752593,Low,No,13.66761004128213,417.852821589605
Pasta,173,23.710794771630614,Medium,No,23.124341831609726,99.85823978401677
Flour,607,48.41386397743237,Medium,Yes,35.724057003572504,644.4805303102843
Yogurt,172,38.0748397232558,High,No,7.518980944058101,391.7653034228614
Tomatoes,407,7.78376409724822,Low,No,28.143734306494746,240.70968709254552
Cheese,298,38.508414973432174,Low,No,23.37787973328754,101.59800148562229
Cheese,229,6.081735015763625,Low,Yes,28.73681785785284,325.8613620318627
Apples,857,34.26454954028325,Medium,No,43.71019848911965,568.2080777751805
Apples,923,14.471727633169643,High,No,7.1424561900676204,976.0226912707935
Flour,671,36.339899406690094,Low,No,39.36308222127658,251.60610553852746
Yogurt,890,18.940080499150827,Low,Yes,35.010945137013195,788.5646571440475
Sugar,714,44.28528385800042,Low,No,14.173159143790437,451.3828207769609
Yogurt,907,20.16112264661572,Low,Yes,38.03826512876462,793.3011434253614
Potatoes,931,32.88631349319336,High,Yes,27.3367376095531,1126.6036721755877
Potatoes,586,17.866740184429474,High,No,26.64611580549852,687.2904410343435
Yogurt,952,46.27496953139802,High,Yes,26.738173172601133,1208.5676987654347
Cheese,250,40.14481914626776,Medium,Yes,47.715532801307425,272.2488044497565
Butter,768,15.94862943550714,Low,No,47.496402785155674,386.6799958951772
Eggs,305,47.69585206513968,Low,Yes,46.11236210083702,217.291318897215
Apples,278,21.07209153093027,Low,No,44.90339330952923,10
Flour,296,34.333922645023435,Low,No,6.691464120698071,145.8633194168801
Pasta,834,38.428395400147835,High,No,23.026771720046423,876.0889602930139
Rice,188,6.030597265921054,Medium,Yes,45.26946785865444,351.95813104668787
Bananas,898,48.15353057707608,Medium,No,38.980695004741634,607.0071909911446
Eggs,533,20.49985877393142,Low,No,25.549691104778173,282.9622964631164
Rice,887,13.540050204405091,High,No,39.79638667477247,808.7199233015785
Flour,847,43.28185062778241,Medium,Yes,14.368362161612934,1005.6968123660497
Bread,282,36.63046772705365,Medium,No,31.990966044925713,196.97149223971078
Tomatoes,308,8.903447268050865,Low,Yes,28.98492268512472,370.61482854375316
Butter,592,10.26700616195463,Medium,Yes,30.809615990483415,712.295437128328
Salt,229,37.183634179414206,Low,No,37.480793897590445,10
Apples,764,8.365246518158779,High,Yes,47.74109410616347,877.2759521794761
Rice,112,46.27289458058293,Low,No,16.880529557613976,10
Apples,733,38.3693061626435,Medium,Yes,39.112284891498334,806.1576013727232
Pasta,970,20.097149268514496,Low,No,34.03134359647454,638.12732672858
Bananas,831,21.33224506514022,Low,No,36.28152803418483,477.917426344876
Bread,205,27.792324329184563,Low,Yes,24.3013849254518,275.62285934211934
Apples,474,21.24362361418431,Low,No,47.50603683185269,172.08903311219154
Cheese,681,40.25608481472421,Low,No,26.584531249441852,388.7214500733182
Apples,806,48.863162484572705,Low,Yes,10.471630522960393,852.3460808060909
Flour,797,31.30346819471869,Medium,Yes,35.6311841248215,840.5930455844868
Bread,198,25.0716797450388,Low,Yes,10.799110119313479,343.0685667284998
Tomatoes,693,15.024836312069773,Medium,Yes,19.520375054644816,816.1441553758327
Pasta,686,34.404503866151,Low,Yes,15.260255481101568,667.8179939455067
Tomatoes,985,35.85095878169287,High,No,29.252047725078008,953.1581657177582
Bananas,951,35.833577315646366,Low,No,20.63767474527117,691.3794098790768
Potatoes,291,6.214326614082155,Medium,No,12.193395657653792,321.89723399069186
Eggs,424,45.460494529721196,Medium,Yes,40.58664639879664,508.55077553832353
Eggs,825,20.214795354312947,High,Yes,26.082122919715722,1100.1612350502826
Rice,926,38.48745931167241,Low,No,25.450206781479324,604.4261864112012
Butter,566,39.19131081951439,High,Yes,44.88633290318906,686.823002505482
Cheese,993,34.27497404655078,Low,No,29.24709621998585,660.8372022106544
Apples,466,22.768993541493145,Low,No,36.94532431392605,136.5817537633738
Flour,417,32.37728975674365,Medium,Yes,19.76294424363144,618.2450238950872
Butter,243,6.808941106604445,High,Yes,30.25802707114602,576.4608016465071
Apples,483,39.285310648455784,High,Yes,37.68866088377295,709.0942829727874
Sugar,315,9.481489174775252,Medium,Yes,18.341240149163,556.9611812044416
Milk,460,22.853791660982075,Medium,Yes,35.98403669132725,603.4617468377406
Salt,423,9.662845444923496,High,Yes,30.59434237303095,731.5364988027156
Bread,114,42.66835006185925,Medium,No,24.538692342758903,139.46920605688476
Eggs,316,29.763607704618163,Low,Yes,37.083630274097565,348.52007112262584
Butter,591,36.09298040761726,High,No,19.260696642101074,704.1961557234695
Tomatoes,646,35.716197642917585,High,No,37.15262360150998,611.503360786614
Bread,282,42.8722804246327,Medium,No,29.800133332009267,190.8166570594643
Milk,369,10.96562315053106,Low,Yes,16.052173480586852,458.4453952956591
Apples,566,34.687766318219786,High,No,35.07239601383142,593.8538019451029
Butter,969,30.881032448164582,High,Yes,44.81439773168409,1117.648398372665
Tomatoes,711,6.390370515709192,Low,Yes,18.950629694239893,642.9954359196867
Pasta,618,14.064030897026115,Medium,Yes,41.55493482605284,688.7687886399739
Bananas,641,17.040719362019935,Medium,Yes,20.125866038308537,732.6099366416368
Apples,566,8.265036894312477,Medium,Yes,41.95045572915555,638.3431551440461
Butter,404,20.962391265446065,Medium,No,7.301796743605488,410.33971023339086
Pasta,243,6.224112892196406,Low,Yes,5.324689124403755,389.55690307671443
Milk,210,29.89325715159783,Low,No,10.09679230709456,128.04707906323753
Flour,331,14.517543226090428,High,Yes,44.3274263498543,566.4855138355658
Sugar,790,17.915139747913937,High,Yes,29.01748338768457,1027.6698737422685
Salt,683,45.971223177707785,Low,Yes,31.73455827883839,586.7705614561708
Salt,821,27.626758210558645,High,No,42.899246076241575,730.7020472340606
Sugar,831,17.10562690599871,Low,No,7.279061231373554,648.643792777681
Tomatoes,691,31.93077912116298,Medium,No,22.419816916331055,548.3992252333401
Salt,599,14.075214569037303,Low,No,33.939066175207614,321.66515725441093
Eggs,694,8.34780585938832,Low,Yes,23.210607396059515,686.6676474162753
Yogurt,653,5.94078594801209,High,Yes,6.445859029135564,1038.6199040216363
Yogurt,372,47.818807041931535,Low,No,34.29246443760451,91.7160387768525
Tomatoes,802,37.60748708644023,Medium,No,22.613058255775947,682.9331815591586
Rice,272,40.997666673157205,Medium,No,5.86440507373521,337.90667557788305
Potatoes,106,49.14129776804744,High,No,12.673327264401136,292.8596697074023
Apples,254,46.92329165360478,High,Yes,14.791198227528676,661.8627117289809
Rice,621,38.16109393868822,Low,Yes,27.97771272595804,610.1201742374984
Bananas,645,36.229418141869374,High,Yes,13.386870546503072,997.1965147031791
Butter,647,20.15824986209195,Medium,No,21.25972725916886,542.0231385514974
Bread,617,9.680776330779596,High,No,38.77995935967048,629.8310502693313
Apples,314,30.81751467654092,High,Yes,41.34739501944769,604.9784021238667
Yogurt,233,30.931398278986652,Medium,No,40.79358413310093,180.30355075901858
Sugar,384,47.85067784370848,Low,No,36.27872826824399,54.793937104309855
Bread,225,24.91568629977692,Low,No,29.381554157215998,41.69395524351623
Salt,538,36.086343093773074,High,Yes,29.778363242388554,848.0276987486736
Pasta,948,30.87367823285248,Medium,No,47.902440186530946,683.6059732987048
Butter,785,12.954210309547218,Medium,Yes,44.50409357360936,791.421035270742
Potatoes,251,31.64289384897125,Medium,No,34.24028538509721,122.88242821556706
Eggs,430,29.305251921326903,Low,No,26.082272470355267,245.12565001258514
Flour,637,27.225769725920998,Medium,Yes,37.808168709289845,692.4939482791426
Tomatoes,482,28.104032014181367,Medium,Yes,7.822215387956183,723.5735604736665
Eggs,214,12.379458738149172,Low,Yes,47.50736884977343,239.46989021659215
Eggs,993,25.856497905380053,Medium,Yes,29.64107730221102,995.0729385294982
Bread,581,32.25439723197185,Low,No,27.625570439428362,335.1115879954285
Bananas,383,27.025213940849273,High,No,18.08756719460336,479.83592740742716
Pasta,998,26.990878780676628,High,Yes,5.15252726460894,1285.869939585998
Tomatoes,174,8.48829694068436,High,Yes,7.755943659166221,651.2057150955578
Bananas,265,13.584836840752384,High,No,16.835380609251715,441.3219225012129
Butter,288,19.443771174897527,High,No,29.36958164173816,402.3362273606133
Bananas,177,23.870614726665796,Low,No,8.761114258934828,118.30331645790089
Flour,701,31.72718497363719,Low,Yes,48.742340402254904,530.0270775252823
Bread,787,43.85052970353773,Low,Yes,23.493235231351715,705.9027507764093
Rice,120,12.162413213989428,Medium,No,19.234286342931888,133.46804475852898
Milk,665,5.6789613594812725,High,Yes,28.63384159486676,946.4156710873785
Cheese,283,25.21567088491621,Medium,No,7.924396642159028,318.00103707741556
Cheese,970,24.444630383523265,Medium,Yes,43.27028031081333,838.4801188364341
Cheese,321,29.835554832282757,Medium,Yes,25.71247108451058,458.50447242672044
Flour,926,42.49497971171753,High,No,13.025093514619044,947.2128494321347
Eggs,427,41.106224794211506,Medium,No,12.278049325246052,435.31266656425083
Bananas,278,9.501947799350503,High,Yes,21.242945918243848,634.29489527152
Apples,887,47.029791500450315,High,No,30.80132659894284,854.0706056040126
Tomatoes,211,9.968647760350011,High,Yes,23.76076360725838,550.1287482092666
Apples,835,33.555672884040625,Medium,No,31.855880228476096,649.6098180543814
Apples,825,35.2582832118009,High,No,36.74649852053365,766.5239270716338
Eggs,158,35.594486925038964,High,Yes,38.68199430531287,479.254953461316
Bananas,426,16.94080272539259,Low,No,23.04300018174185,186.86615347575747
Potatoes,720,19.865529129424637,Medium,Yes,37.265149020069366,733.3124986009559
Salt,996,29.69045938172286,Low,Yes,11.36769589439346,996.8978485786757
Pasta,768,13.981437311004427,Low,Yes,28.089329012756156,671.1778749282709
Cheese,290,5.913971052500805,Medium,Yes,8.263162258698575,564.5999123455389
Bread,299,30.296500452885905,Low,No,15.98475336333188,185.87846171169681
Tomatoes,411,25.937535740540326,High,Yes,31.24340102749314,714.710895438763
Bananas,807,34.55290428005579,Low,Yes,38.31893084938641,697.7915133675345
Milk,134,11.601525912514695,Low,Yes,9.28892135250285,323.69670245832873
Bananas,478,42.841620256543315,High,No,14.318143103325957,607.0620641014386
Milk,486,11.579966980723729,Low,Yes,49.63541965380792,384.19442328651024
Rice,857,45.11046221960106,High,Yes,20.1945939546778,1085.0291478019005
Bananas,336,25.228452766806637,Medium,No,17.781834517969074,397.79833548777975
Rice,715,29.741236671771265,Low,Yes,8.836569118054225,754.1674946929796
Bread,618,45.346160118379494,Medium,Yes,36.267924440138955,700.3186930692374
Butter,382,18.496087181468013,Low,No,27.871402298964632,170.19911987981777
Sugar,100,13.182214830851818,High,Yes,12.08978950324304,546.9714313212407
Milk,830,25.058822936875412,Low,Yes,33.48042051174832,721.2978170406656
Bananas,563,15.996525283746804,Medium,No,28.659216081248164,493.75263847681975
Flour,329,28.752976019314268,High,No,30.422538412965025,374.541494637159
Bananas,271,17.386603899994242,High,No,49.7684662506387,271.6372621656388
Rice,186,43.90202910179556,Medium,Yes,6.287572757380872,522.2867387078196
Pasta,652,32.32960665159767,Medium,Yes,46.1737472425871,668.1421827937739
Rice,222,5.010830138430602,Low,No,42.88508427120369,10
Potatoes,942,41.24631806059212,Low,Yes,23.69042710970708,893.2318598322464
Bread,397,19.859555152676567,High,No,44.64258591372632,380.3368086990211
Eggs,984,19.40935928697307,Medium,Yes,34.18525590677821,944.252792730189
Potatoes,789,22.237826546051032,Medium,No,45.02095325155447,590.0928208254696
Apples,674,33.36181376378363,Low,No,31.762889701841562,334.44038021181956
Pasta,583,24.892731967740037,Low,No,14.726715769363079,386.7843579518975
Bananas,264,33.28859959563661,High,Yes,30.929962282329797,550.3725393905077
Milk,798,11.605132473610656,Medium,No,13.057801156856176,701.9820473802434
Apples,482,48.65740090358386,Medium,No,11.337256745928187,441.49043892691515
Tomatoes,308,37.83228291877388,Medium,Yes,34.43275543646406,460.54521418696766
Milk,838,16.259319823027234,Medium,No,47.63644774410132,547.7741332839886
Milk,531,37.58764586336491,Low,Yes,31.482319064335027,558.0796207940798
Tomatoes,488,30.876145531773773,Low,No,40.81044348420019,171.64567418099867
Potatoes,659,9.91350483815816,Low,No,12.576396346979934,485.79252041906545
Flour,323,13.018839205465675,High,No,34.43946647850239,379.42761574108243
Potatoes,102,6.858866386465916,Medium,No,37.983986217341226,68.1686784097917
Butter,471,41.41571322536065,Low,No,6.872653423146255,258.70937568779476
Eggs,786,29.826713866785575,Medium,No,9.37239426696479,695.8823067035327
Bananas,545,19.253689189259536,Low,No,40.171139623775716,209.86357961066298
Potatoes,710,10.685520591269,High,Yes,24.797750965797775,972.7719199043431
Pasta,215,26.782064418217065,Low,No,23.251145129699506,57.913577268680335
Potatoes,369,28.636760602307245,High,Yes,46.41663186226302,616.4134095734665
Bananas,546,36.58768254412274,Medium,Yes,49.63846209591323,568.0923037860496
Butter,467,48.64717447011912,Low,Yes,39.39730416075393,400.8110006168681
Salt,352,24.57254886833186,Low,Yes,40.66671984432584,389.1954762063126
Sugar,416,23.271539296746617,Low,Yes,14.374444890812205,509.0298092236022
Bananas,514,21.646850206555513,Medium,Yes,13.650144905299953,665.3696323014934
Cheese,194,42.211575903508745,High,No,49.13072668780221,211.5439505757565
Pasta,884,12.034274962965704,High,No,36.279127366875116,836.5711822863287
Apples,991,20.471580663579026,Low,No,35.90194090907239,637.8348524721772
Bread,123,37.62368621939259,Medium,No,17.878458697261983,158.14781024989696
Tomatoes,727,5.706272090410092,High,No,44.891570775998716,627.146371555656
Bread,762,18.02213256225626,High,Yes,6.999817873742613,1142.2899809531903
Tomatoes,949,33.86512232396194,High,Yes,17.35656604091111,1208.4637873058682
Bread,149,13.367844410036211,High,Yes,13.1063595838595,628.3692093100708
Cheese,601,18.6219756105922,High,No,36.99932353999027,632.9293658998665
Salt,817,26.872028351745314,Low,No,37.1907495675973,450.55425010601476
Rice,597,23.991060468635922,Low,No,29.062916953978057,346.5637939830047
Cheese,434,9.771223547992047,Low,No,5.2366798594028765,347.14059331373954
Sugar,178,47.22058950150347,High,Yes,44.318989485590826,451.95725385518335
Flour,681,6.993172426194175,High,Yes,48.00142098475303,910.0390157704791
Eggs,126,38.73842403902681,High,No,14.104060478903365,342.2767863375302
Apples,370,8.214024699102087,Low,Yes,42.90047272644187,309.8289836755328
Apples,661,26.028311136128572,High,No,48.79789032807296,579.5987733460227
Apples,903,12.893508124493497,Low,No,19.713835551424047,643.1891352706948
Butter,346,11.349400839301637,High,No,13.32755728693523,562.0901957584667
Cheese,875,10.665408944377628,Low,Yes,48.989302342539034,718.3464815041027
Milk,690,25.375398651290407,Medium,Yes,7.688448132145006,909.5538636178677
Tomatoes,486,28.196820922428152,High,Yes,17.4182288870517,875.5248751976866
Eggs,801,11.002302209427794,High,No,38.391317004153485,736.7586361101754
Bananas,658,49.07280786198078,Low,No,32.78090667338667,308.2595995509205
Tomatoes,460,16.59946490880004,High,No,35.802982089061715,501.7980478471359
Tomatoes,965,25.647860282125244,Low,Yes,36.864119321845266,813.5104255019717
Cheese,587,14.73213009208586,Low,No,35.876490081664215,364.3245526592485
Tomatoes,451,27.22651904522955,Medium,No,20.40085566846874,402.77156015689434
Tomatoes,800,39.02074621093319,Medium,Yes,19.017510197410523,946.6981455414157
Yogurt,355,28.449590643252286,High,No,24.28099450521735,429.52047926592104
Butter,321,17.854199182312485,High,Yes,41.345760919026354,629.0821084986637
Tomatoes,983,16.177847393027214,Low,Yes,47.22219659075074,791.391621656807
Milk,852,39.15204828021741,Low,No,25.486074814781077,530.8575101510728
Cheese,880,10.320717907681846,Low,No,8.859476174732995,651.5265968375807
Bread,100,21.648492248264127,Low,No,47.223433954742426,10
Butter,645,11.816722249424842,High,No,8.619269385386211,759.4794933329022
Butter,545,16.608912318251686,Medium,Yes,12.159932292646495,783.2808563863819
Cheese,178,11.87074546182285,High,Yes,44.045510582150136,419.8754871752154
Yogurt,335,44.9047628844092,High,Yes,29.816534323112514,677.1150176621455
Bread,433,37.935688955586436,High,Yes,20.870878903839763,765.0276073791642
Rice,988,30.24172607199176,Medium,Yes,46.8909358961062,948.1662595080111
Apples,448,15.099135012298989,High,Yes,48.222787497809385,592.7160631086011
Tomatoes,197,27.96020722396377,Medium,Yes,19.884321236048773,450.9479020274957
Pasta,181,28.437494290140755,Low,No,44.07908648002587,10
Yogurt,601,31.56816765442578,High,No,35.533798334419345,576.8031735515628
Eggs,576,7.703832075022915,Low,No,17.352111780450997,323.16355878472126
Apples,803,48.780588703851784,Low,No,47.36447064836263,354.73090551139825
Milk,864,25.944753677014543,Low,No,7.838110068497128,634.1303233757733
Tomatoes,649,46.693929834459645,High,No,19.307403463863153,691.1634450618196
Cheese,113,5.441365162128936,Low,Yes,22.831772482168773,250.0563655227213
Tomatoes,491,16.1401278035889,High,No,36.079394790938004,448.2908284137692
Cheese,446,9.679800664100103,Low,No,6.729486188878203,316.77158985853197
Potatoes,409,39.632727980964724,High,Yes,45.039960583174626,629.211354390635
Pasta,485,19.405627231762004,High,Yes,34.659632456801646,741.2648121885654
Butter,308,42.82216287870861,High,No,17.37602740159293,410.71260494174754
Salt,456,42.457341457213566,Low,Yes,34.6253942250905,453.50967061133457
Eggs,700,35.05076567629564,High,No,29.161576396365273,758.0981421590154
Flour,667,34.96018115947897,Low,Yes,20.13240929336823,614.0360272245509
Potatoes,193,36.50718614329108,Medium,No,6.286841168216972,226.98665142578028
Yogurt,192,35.31937255833985,Low,No,29.79953043860941,10
Apples,439,22.410876095795707,Low,No,8.698168165887726,288.0580700817403
Bananas,696,35.727244005584566,High,Yes,41.45793601164815,919.3220681356929
Bread,544,45.383313613656135,Low,Yes,8.983654350264647,633.4201856100915
Eggs,856,19.965807134448063,Medium,No,24.293267390757947,698.7351822908514
Yogurt,121,47.52000617967291,High,Yes,24.554830648064563,500.7567205185495
Bananas,390,5.611171455444638,Low,Yes,30.029074795268116,399.4786606764187
Pasta,584,20.708714221935672,Low,No,6.7778550554326635,445.11577251076665
Potatoes,883,10.94442807779331,High,No,14.172460139213293,955.875539122257
Sugar,405,10.697892307026066,High,Yes,13.977553280223514,816.5022249047857
Milk,733,41.69432723052057,Low,Yes,31.953677661073943,589.8882094205072
Rice,227,46.32657416375553,Low,No,16.863598968592157,74.51294079284735
Milk,724,39.99912144048435,High,Yes,11.48877413951032,1046.1604975714768
Potatoes,372,48.94770735466519,High,Yes,5.8258882534327014,823.735813432736
Bread,947,14.734803657482182,Medium,Yes,42.824517587570845,943.2832066220902
Butter,541,11.335996049436071,Medium,No,48.719668870437616,350.2358139110658
Rice,602,28.431670191782608,Medium,Yes,36.64678969886802,669.2913050246555
Eggs,229,42.306692663417806,High,Yes,23.572059149687075,622.3683092879985
Potatoes,231,6.792759087712686,High,No,10.490492386415376,465.965600419231
Cheese,696,49.80045474499469,High,Yes,26.379718317274186,901.1914397161263
Bread,581,32.10106681423953,Low,No,25.579477548953406,281.96640824547165
Milk,961,49.05238154816198,High,No,23.89443390215169,947.6752506287364
Rice,489,21.428673495519963,Low,No,22.023661154046856,265.1955886401585
Sugar,692,25.611071924011515,High,No,27.353905702316126,734.8863461253445
Sugar,424,38.85626490788265,High,No,8.29313205950714,585.5608310741525
Apples,168,40.67152027525934,Low,No,6.723256852785168,101.23398701412538
Salt,759,15.486487400760812,High,Yes,7.878212767423699,1087.648571070433
Salt,547,46.84104888384752,High,No,13.999931605344964,654.3736327921579
Eggs,627,44.03404048256279,High,Yes,17.513161501358812,952.2961291481683
Eggs,918,5.8192386396439355,Medium,No,12.625592880469608,797.6955962880522
Butter,716,10.785564763483238,High,No,16.33625210001926,815.7767614214182
Bread,264,27.324369788318034,Low,Yes,13.362682851191636,323.8647516553784
Eggs,587,25.74299813509322,Low,No,11.783446682247778,404.0424786190723
Apples,812,36.877588476567595,Low,No,18.18421977649302,501.41778669415544
Milk,808,9.037011922386531,High,No,22.888068342464486,796.7721030738325
Sugar,525,34.018488801370694,Low,No,38.49200485863817,240.11033795501103
Apples,796,32.736646901056204,Medium,Yes,47.99974742771186,747.43519431439
Yogurt,933,15.512881931511997,Low,No,46.35343895821952,472.61219410433296
Bread,364,29.407728392077978,High,No,26.417020217431315,461.8207009181254
Rice,974,14.999324314819187,Medium,No,25.76052900397013,759.5741703020861
Bananas,711,11.611536219527284,Low,Yes,10.656405281883087,790.258491287537
Yogurt,441,30.791072059433173,Medium,No,48.728305697133514,263.1010909454752
Tomatoes,931,48.986342523525664,Low,No,39.20440087198096,500.95550850731337
Cheese,825,15.662000712728526,High,Yes,43.14057172434901,1015.8774114876825
Eggs,377,20.990126720981834,Medium,No,15.537364954313615,305.2610373372879
Potatoes,773,16.5457951695521,Low,Yes,23.0488692833738,759.0574974423224
Flour,538,16.990691974092265,Low,Yes,9.619029665541907,586.4225599578735
Milk,256,23.18864603840063,Medium,Yes,47.336589740656486,340.82374589155205
Eggs,521,36.58349797927791,Medium,Yes,17.862314860718996,695.4353787077353
Tomatoes,350,6.746203581392532,Medium,Yes,31.820439305694887,555.966621221373
Milk,977,48.07058880585021,Medium,No,11.849901302782317,833.2768213276264
Sugar,708,7.082594577016137,Low,No,41.125849476724426,354.87087339580506
Sugar,629,44.65639318750519,Low,Yes,13.385510026865816,650.7990490695342
Bread,426,45.24701444428995,Low,No,41.42229759775563,81.58580038490169
Butter,994,28.60201344161855,High,No,23.079314657517315,934.5933826314212
Sugar,196,11.164857287853536,Medium,Yes,30.99906574566814,405.4840924536597
Eggs,612,30.431568675062472,Low,Yes,17.136895134107185,637.9080713802118
Rice,315,33.28844719562824,Medium,No,44.724940538951486,184.60657112361423
Butter,231,43.599153101320006,Medium,No,39.1940799734723,109.76812030113702
Pasta,359,29.790291909630636,Low,Yes,20.94232837794057,411.30344585755677
Pasta,224,23.48192281565022,Medium,No,31.341381938997397,183.7247170995214
Salt,181,42.72310372343512,Medium,Yes,10.804480656154595,458.25281712735654
Milk,382,49.142830880867855,Medium,Yes,12.221253076451244,576.7346072246783
Rice,782,34.029644232107,Medium,Yes,29.015492926423885,888.9341229185326
Tomatoes,158,44.34741667862643,Medium,No,33.826944502910884,64.77733851020659
Cheese,643,31.94308007730789,Low,Yes,30.084427117804665,600.0129211731263
Apples,260,36.04045961346375,Low,Yes,30.173359904261353,270.31755799202404
Eggs,383,35.96752028970134,Medium,Yes,38.40305634062021,467.22590660158147
Bananas,205,36.715414407811934,Medium,Yes,45.60833663435119,260.6389578340932
Cheese,204,19.445604976788513,Medium,Yes,22.441889546053464,451.44271943528383
Pasta,538,30.904762832227053,High,No,29.161998295746734,467.3201917101536
Tomatoes,327,31.736101278820794,Medium,No,45.18607929707476,208.75189616008387
Sugar,799,19.178223202095438,High,No,25.892539544253797,831.1086734839096
Sugar,681,20.743356546664863,High,Yes,25.031703042526303,931.9847404534211
Pasta,417,39.301104425752165,High,No,39.49315057110507,464.13128223363225
Apples,563,31.22257282777621,Low,Yes,44.47855066608456,524.2199360437155
Butter,901,11.714501658342586,High,No,38.19525132829438,815.7669983931715
Pasta,698,42.693664490729255,Medium,No,9.505597588289234,651.8542930287612
Tomatoes,981,44.74014291834439,Medium,Yes,25.914694705962773,1036.9445440469106
Potatoes,973,25.976351658101635,Low,No,14.538633034522308,738.1271384387361
Yogurt,571,14.400834441031712,Low,No,19.280655446892638,311.41733520844207
Milk,155,47.642292293220734,Medium,No,26.093948150148957,112.88802592163411
Butter,724,44.702130403380934,Low,Yes,14.968790081438963,759.5869201329352
Yogurt,112,15.997178585382732,Low,No,28.21701518429723,10
Bananas,539,9.301718133621383,High,Yes,33.9474147062151,805.5278220554691
Milk,117,24.829412339709805,High,Yes,44.3704250348509,451.1025008449729
Tomatoes,793,35.43786439221828,Low,Yes,14.515727803348987,801.10677863647
Potatoes,212,12.892486334897482,Medium,No,18.975426371027723,221.68763047888848
Sugar,328,28.094569629428662,High,No,23.261021649090548,452.9588976555033
Yogurt,270,24.14369724226325,Medium,Yes,15.10460463396736,526.5782685512557
Cheese,394,45.074801694625954,Low,Yes,19.941803179803458,444.4614302491465
Potatoes,288,24.330498476320788,Medium,No,44.75077339634175,120.86212390616316
Potatoes,525,29.019937718076694,Medium,No,11.239465640502827,587.2947927347791
Potatoes,178,47.987878820082,Medium,No,24.968641714699586,129.36046573152345
Apples,757,18.486129464355407,Medium,No,18.993513910241447,673.2666992306652
Milk,281,18.00459193738736,Low,Yes,8.47241247948155,480.6973571166727
Potatoes,598,40.98177859739192,Low,No,9.325639811763427,370.99631572712053
Tomatoes,897,17.48925437647859,High,Yes,40.31959606183113,1075.5926293698874
Rice,861,42.43396415329423,High,Yes,43.35498586605547,1001.5029696371639
Eggs,965,9.299102421274023,High,No,38.363342027497225,929.3756869183239
Cheese,925,10.006756128926078,High,No,29.26530744519828,861.3937512917514
Yogurt,807,45.559551837324726,Medium,No,39.76967593153624,551.4042021918293
Yogurt,934,29.336552711709587,High,No,11.840709096237154,971.8309331367559
Butter,170,37.346642001240745,High,No,40.10907202682775,201.9758871679533
Salt,347,15.138000133814494,Medium,No,24.056384843810974,285.9707471168025
Salt,245,12.482346577194873,Low,No,38.7641990448499,56.79071117192768
Bananas,717,42.572941800468804,High,Yes,15.248722748887484,1029.8811964100137
Cheese,874,21.138053316046197,Low,Yes,42.464453932866064,702.7681406727128
Salt,395,25.47646786048975,High,No,30.565244559495525,438.7350407513588
Rice,681,6.2587353773911545,Low,Yes,5.330187966013917,777.1664392617405
Rice,569,22.36463303868349,High,Yes,28.367022566161303,862.3035981917857
Pasta,605,39.66970136562403,Low,No,18.96257657414097,352.0343539340017
Bananas,292,41.95738297787762,Low,Yes,7.587583785,375.8424388463316
Eggs,167,36.44396549971438,High,No,25.128931504471716,288.217151944278
Cheese,593,36.148088009468395,Low,No,19.016156982799416,358.9173233200796
Butter,916,27.780766996872106,High,Yes,14.197557375479395,1178.5379229911794
Apples,151,29.224819816692037,High,No,20.71049011260357,341.02853251061083
Cheese,981,38.418428606591455,Medium,No,13.082324730030944,867.4164990720559
Tomatoes,462,16.128580947247528,High,No,18.491542746019633,573.1225467433293
Pasta,896,15.41826807107252,High,Yes,10.190046956318607,1197.3192924069685
Yogurt,573,47.74661707613246,High,Yes,8.794066560011238,992.5472173662389
Potatoes,945,6.246044904144892,High,No,45.95087420188725,788.4884213128661
Butter,620,11.275945864933169,Medium,No,45.62446105594305,397.34183986966616
Eggs,862,30.66495917905616,Medium,Yes,42.26023393984088,849.3953081721136
Bread,530,38.20256774142568,Medium,Yes,15.364649038815399,737.0442893368189
Bread,943,29.205098734325528,Medium,No,37.66507746189775,721.2986082345827
Cheese,397,20.977879827419788,Low,Yes,31.537045951879154,359.32859175779674
Eggs,534,49.00892537088354,High,No,7.305503615713699,645.6297184963611
Bread,795,36.67337083097806,Medium,Yes,45.48135878817589,803.685852435933
Butter,790,42.41258784801856,High,Yes,49.909193920754404,891.2933382833342
Pasta,297,6.8111093384691825,Medium,Yes,36.89246477445325,437.6788388586095
Rice,227,15.616404971302266,High,Yes,15.417851682638238,651.881880166256
Eggs,631,21.837699211621104,Low,No,29.948431737787207,314.74122728455524
Bread,510,13.217062913702511,Medium,No,9.9221221337951,510.1091975555542
Tomatoes,939,8.280467271911624,Low,Yes,18.445064887026103,923.2112370309886
Butter,164,15.12912490676061,Low,No,37.27652087362113,10
Bread,793,29.013603405666917,High,No,18.548340446653334,869.9130105169113
Apples,340,36.30853617605173,Medium,Yes,11.624265717366365,617.4870786870343
Potatoes,468,39.83094153342864,Low,Yes,5.336203349462856,576.5758605201205
Pasta,635,6.9321269690472676,High,No,30.76314819044298,641.0754520933174
Sugar,483,24.259377749566603,High,Yes,48.59017352607996,733.9610206829879
Milk,530,10.49952126134153,High,No,26.785985558618343,564.9765984635087
Pasta,182,24.40401739001023,Low,Yes,14.567537329128761,302.3951279878738
Butter,930,24.52891321041328,High,No,25.84760103392814,890.2030373638686
Flour,796,27.419525902050967,High,Yes,32.09376744168692,1024.5555015335153
Flour,927,45.177378181845775,High,Yes,41.06157425783283,1131.3581284553056
Milk,710,41.229297618084026,Low,No,25.370537484176722,427.93284506733994
Rice,673,33.652438031137635,High,Yes,12.782842906461266,997.9973446723872
Salt,385,44.84332953200888,Low,No,13.46044772417246,223.9362437933367
Bread,633,35.53108774270805,High,No,45.48767074019326,521.8103441741183
Butter,558,41.848473234338385,Low,Yes,15.630884993650094,591.6878061860081
Tomatoes,311,30.370023544285697,Low,Yes,37.760793129541,345.9335512539036
Rice,225,28.63482132339053,Medium,Yes,17.102695103365107,500.0288137603975
Flour,512,37.58437592475731,Medium,Yes,37.42529271772212,640.6103680711406
Eggs,598,5.886019038908799,Medium,No,8.526367840754139,613.2255434295347
Milk,524,36.06699072341405,Low,No,14.332687220248207,308.2390797609424
Rice,653,47.05331982819641,High,Yes,23.391558104397944,989.2751967098366
Salt,709,37.12739359220393,High,No,28.18924610269743,654.4086163366096
Eggs,642,6.655717593374833,Low,Yes,20.882797802214835,665.8330738490893
Potatoes,257,22.004853834772575,High,No,30.808234749958036,278.76689750977533
Bananas,211,41.43115860220787,Low,Yes,19.641642646569167,248.47697908955206
Pasta,501,48.1373847519989,High,Yes,35.5297525577196,777.1494993606387
Milk,858,21.657351003636975,Low,No,28.00431682890667,514.8097571775659
Flour,221,42.853732514460866,Medium,Yes,36.72991727847102,409.0701146824799
Tomatoes,372,43.87144438856809,Medium,No,24.394053254685556,238.4629881688749
Bananas,393,10.54788796967225,High,Yes,44.44250616673906,634.2582791658583
Butter,497,43.06048100234093,High,No,22.19597478497024,528.6116118232428
Apples,570,19.59124530373768,High,No,18.86601512527523,642.0186621967487
Potatoes,306,31.69569747044378,High,No,30.06882580240547,425.058480712277
Butter,209,29.253295371038945,Medium,No,27.912760430411975,216.76361656828792
Potatoes,539,34.83742386812543,Medium,Yes,28.314413301451474,687.5970890161725
Rice,377,38.32090929251286,Low,Yes,40.825854092591186,280.4716864873517
Milk,667,24.839649392836105,High,Yes,31.486854618745213,877.5453556366283
Yogurt,986,44.973986996710956,Medium,No,44.836945649721756,696.9299271170343
Pasta,668,41.427428970270256,Low,Yes,32.85936425026671,575.2121971276374
Milk,581,40.34394916915369,Low,Yes,5.976551484248642,684.4844441420445
Eggs,902,25.62110788704313,Low,Yes,44.167709482366746,788.2286524451454
Salt,213,6.690779863007457,Medium,Yes,42.79030217128027,323.6230023913758
Potatoes,992,27.1515382870525,Low,No,7.198244037928227,717.1811638740755
Potatoes,996,45.430049036488235,High,Yes,10.63780063600964,1235.4829169120494
Flour,919,13.57025700233835,Low,Yes,30.036020483488766,820.6070013078594
Butter,952,49.216661240476455,Low,No,6.92836555388832,703.9166660062667
Potatoes,576,41.34607790059271,Medium,Yes,23.502559025453614,723.2616104118923
Pasta,809,36.94234065269292,Low,No,48.89122916352246,411.2032424749585
Tomatoes,420,35.472198106504436,Medium,Yes,12.77492673622615,666.1784156585215
Milk,278,31.416164687019318,Medium,No,14.274312045577448,283.55893287783965
Tomatoes,996,37.43016454621094,High,No,35.43567716842925,902.1339941392863
Flour,318,23.985750029869422,Low,Yes,6.979019407288681,460.07739144293527
Apples,888,43.03796486090584,High,Yes,41.93087726803901,1027.4925105456207
Rice,627,36.33556802428764,High,Yes,13.956401864028148,943.3367667077454
Eggs,591,39.70639005707971,Low,Yes,28.919937384017548,522.2549988854456
Bananas,990,40.66193399746908,Low,Yes,16.194342242350842,944.9656362462999
Apples,160,9.143152056900615,Medium,Yes,34.6496871699455,335.2009814587449
Apples,153,7.503834770948207,Low,No,31.4247241507512,10
Butter,779,41.044364081813114,Medium,No,47.5897880184428,516.8883582788152
Bananas,637,16.67228094672108,High,No,25.05203400096758,676.4511230084638
Potatoes,947,31.18864133803164,High,No,44.3695533225929,849.6921239299922
Yogurt,164,24.96698848485438,Medium,Yes,30.911982643478805,322.0182424055183
Cheese,711,5.9917641650435405,Low,No,46.15081934850261,388.12749560660023
Sugar,685,6.812656617482217,Low,No,18.131992869558815,388.3843214078091
Butter,803,42.22063590254581,Medium,No,29.739247157312846,666.1173171209406
Flour,270,32.34549026699257,High,Yes,22.551333870549765,643.0956954350434
Yogurt,372,28.57293854315802,Medium,Yes,7.965379285443962,627.7653271317155
Eggs,988,47.49584375622876,Low,Yes,30.841961122708636,818.2931814455889
Milk,798,12.79017616679802,Low,No,40.74027802634355,410.3188329139405
Bread,634,16.608687784645934,Medium,Yes,30.029163246099518,743.8395281416628
Salt,490,39.05325852060323,Low,No,17.570397387003197,290.4689254113373
Bread,792,39.88558525810682,High,No,16.872306650798127,872.6635957753881
Apples,426,23.2203738397624,Medium,No,15.702734342185448,402.87856734564144
Bananas,207,47.7940295589692,High,Yes,49.083423279971434,455.87548956600097
Potatoes,946,47.22145599718268,High,Yes,22.964879355274842,1178.868288994495
Tomatoes,261,5.558437177707179,Medium,Yes,19.259139363927677,499.8989545712326
Potatoes,913,12.754755605332626,Medium,No,23.831063408535833,749.1010973783854
Eggs,551,41.90987487577421,Low,Yes,10.21090669324179,615.5819555836473
Bananas,305,20.084750817170374,Low,Yes,13.820878772757416,433.6468690036603
Tomatoes,689,9.295820541492278,Medium,Yes,27.900596380575347,779.6612453153466
Salt,115,40.32496284906126,Medium,No,40.94812237830701,10
Bananas,426,25.456257750884426,Low,No,44.43920105516853,116.56604266005873
Flour,707,27.158485402191733,Low,No,43.96931454126248,299.87967941540467
Eggs,758,13.386622496727707,Low,No,47.513789079073774,365.5472489756829
Eggs,101,34.740277427251755,Medium,Yes,10.659718570018375,393.7609415292091
Flour,109,29.805859315517797,Medium,Yes,6.843662795368118,453.2373432633612
Sugar,533,14.300282200508411,Low,No,9.757904812225938,411.67502432232004
Bananas,224,20.314917879764305,High,Yes,32.0334013999603,542.5367182982317
Potatoes,180,31.859567930127742,High,No,30.02535435994585,300.674469474213
Butter,584,46.61925149450346,Low,Yes,35.204452838164066,523.8862056218614
Butter,751,46.41693576446713,Medium,Yes,21.699078818707786,857.5815214857549
Flour,937,17.955765697886733,Medium,Yes,22.621496267808794,1027.713587707365
Rice,249,38.10294399919482,High,No,29.550879043621293,371.33283798934747
Eggs,899,39.898358623571426,Low,Yes,8.557525104372845,901.3086000835741
Sugar,972,41.39703949922576,High,Yes,40.9942474761246,1141.2034684953549
Pasta,439,30.684302813816604,High,Yes,46.52849966439623,649.6163552978542
Bread,228,5.472859914481451,Low,Yes,22.43053403281759,275.138085845173
Tomatoes,537,39.275432845081184,High,No,38.28075922680358,514.1562761123444
Potatoes,850,9.796885242320752,Medium,No,29.697562412459494,631.9045747622056
Eggs,600,10.259212379918083,High,No,15.620386744777173,687.2370972510045
Bananas,157,32.25311611907687,Low,Yes,8.05090054262389,308.5353871972481
Tomatoes,297,49.25842344613857,Medium,Yes,16.065450980607444,587.1492031111294
Bread,310,15.914276296960992,Medium,Yes,32.22077695899506,527.2200062840656
Salt,144,34.06148960230434,High,No,6.810339921174121,366.679489085229
Eggs,196,18.664414058192044,Medium,No,42.62858288260484,120.66557150200043
Yogurt,378,45.442675112473836,Low,Yes,48.663778714054146,274.4274941727226
Yogurt,634,31.708260145123884,High,No,8.757586037440912,704.7406211825057
Eggs,509,14.336479744541188,Medium,No,16.101406882595644,485.3595222971785
Tomatoes,560,16.79589727004427,Low,Yes,35.403512694991,523.4259697240674
Bananas,490,24.461632868815443,High,No,41.27361455412936,445.2752240550012
Eggs,946,10.491960291341572,Low,Yes,20.56973412594635,871.9062709351848
Eggs,143,8.543001571856674,Medium,No,28.185729364690605,147.38685530738792
Flour,126,35.60276280865803,High,No,45.129173133332415,106.84685283981068
Yogurt,893,23.322427794010412,High,No,22.297925387722827,907.9945914359986
Rice,196,37.68016063416247,Medium,No,8.66922230581292,235.1795342394389
Apples,647,9.952619019692968,Low,Yes,49.770235485304326,530.5594212655348
Butter,720,32.443949655549304,Medium,Yes,13.11260924584473,923.8641507617228
Milk,666,24.94880570163832,High,No,7.195181791942371,758.1199737491994
Salt,803,7.609939450566285,High,Yes,23.479411883749954,1036.9927964019791
Butter,318,29.51608902241896,Medium,No,10.465858458204439,381.30125583667063
Milk,284,8.72619236215456,Low,Yes,49.04300229916083,225.90630050241398
Potatoes,168,42.24738865059536,Medium,No,22.135723522801822,162.4301231422897
Rice,928,33.4380859425513,Low,Yes,42.161500980909864,792.1965732277305
Yogurt,229,30.063539019220176,Low,No,12.947242527700292,74.59337706344718
Cheese,666,11.006105201134655,High,No,11.246664053758323,798.1224833414115
Eggs,989,17.935570107683734,Low,Yes,34.218190852154876,880.345856866735
Potatoes,708,27.17941537108847,High,No,45.91895611144258,667.3161977117163
Salt,947,33.49775811378596,Low,No,10.15414047319933,733.6579079565336
Pasta,698,13.245382343397,Low,No,31.516428454921492,396.098262558156
Pasta,905,5.398982516013053,High,No,8.822277113809323,999.7808084716426
Tomatoes,730,20.5142084271183,Low,Yes,41.547332480534884,617.3427695228984
Yogurt,819,26.72921545503096,Medium,Yes,45.918766110726615,816.5988863868181
Pasta,433,13.299507751856137,Low,No,33.295743645099506,139.40575258070822
Butter,253,27.147447763484262,High,No,35.97543961435758,302.214223058289
Eggs,646,20.231863635617092,High,Yes,7.494640907541015,965.3679076079608
Milk,178,25.479034974788348,Medium,Yes,8.283973409873731,484.1162015762122
Sugar,678,20.63559877603673,Low,No,13.085175019672404,506.2576083541666
Bananas,954,33.28105324040601,Medium,No,17.322281029934476,833.285945782216
Flour,512,6.930365494710726,Low,Yes,39.193525257793425,463.5346350988776
Milk,645,12.69073804749231,Medium,No,24.594316115580458,530.6217046901849
Butter,708,24.473789109994982,High,Yes,8.521235903601344,1045.347327276738
Milk,268,21.03335219983355,High,Yes,43.369027802810805,509.4828814217368
Apples,780,22.623438017921767,Medium,Yes,49.72220161596325,788.6373404551123
Sugar,762,41.16923126962159,Low,No,25.4761831717277,415.5834509879027
Eggs,682,44.884924621131454,Low,Yes,28.029380250900715,586.2703642115632
Apples,614,16.190095257390652,High,Yes,8.532924764043429,1017.571062939288
Bananas,413,42.637597712883746,Low,No,22.235784389928394,204.13787224534195
Flour,131,25.6455439380661,Medium,Yes,21.731196195055244,384.66600601978735
Cheese,386,17.321927867879936,Medium,Yes,48.46061808417009,464.0477631661016
Salt,693,49.345523195210525,Low,Yes,34.71941791221185,666.4327202253377
Potatoes,142,42.11608061453753,High,Yes,40.19824221111146,443.23191328744014
Cheese,716,49.74139935889412,High,Yes,10.774942276914018,1052.8533050999306
Tomatoes,100,12.568585299271458,High,Yes,23.76170967842054,566.6489000160961
Pasta,672,11.47292032765364,High,No,13.619876103825382,761.85642353765
Bread,369,27.652007882490768,High,No,43.70850402278621,414.6210142435623
Bread,279,33.73896920155492,Medium,No,11.856756886601026,233.83636791496974
Cheese,835,12.697704164000823,Low,Yes,24.749204855128664,753.0487187418644
Milk,617,43.71938006398442,Medium,Yes,7.414262678918933,814.6298390307153
Cheese,202,28.940606539851352,High,Yes,33.54324323901973,546.9332341432656
Flour,109,23.492382494929135,High,No,26.68661374764924,295.24045270289633
Sugar,682,32.09241528171703,Low,No,27.408504759805016,374.7866921991982
Milk,189,33.57291708375301,Low,Yes,9.572850976629933,365.896859127064
Bread,325,6.925247644270736,Low,No,28.129153334768098,183.00836173708691
Eggs,769,49.99517000172722,Medium,No,30.370257085215002,635.2939497788211
Rice,839,21.376380956201398,Low,Yes,48.32780390047996,656.7565880383589
Pasta,225,7.7694191109453286,Medium,No,6.495020747847792,319.6970719260204
Butter,308,43.354542864898185,High,No,46.52211242712034,302.29436682988455
Rice,196,49.68584056455405,Medium,No,26.58040060692131,129.27154369190703
Butter,173,41.73613291472406,Low,No,14.455153647093839,58.07495875576278
Flour,726,43.33471204369306,Medium,Yes,34.949573732805135,770.1704782461543
Apples,290,33.167080139875296,Medium,Yes,28.267349776383185,477.81032052328936
Bananas,781,46.50465101994198,Medium,No,15.203975739337768,634.1758644658061
Pasta,918,6.608234827736039,Low,No,33.20720806260053,512.171912665968
Pasta,815,39.50257383293905,Medium,No,26.29680238331952,642.1685943830591
Sugar,155,35.181960275033404,Low,No,36.005657826287916,10
Eggs,819,7.231323673580101,Medium,Yes,36.008461765822666,837.7061188869858
Rice,652,29.47881105394157,Medium,Yes,26.276689355490692,791.2660053271752
Milk,131,28.17771555910413,Medium,No,22.585829491473874,129.06448013899612
Flour,626,36.11904012846395,Low,No,7.845990864215791,463.0180762601876
Bread,673,8.488913522412764,Low,No,27.223096908237927,426.4092153583725
Milk,766,41.23754533977854,Low,No,15.940176308979265,552.787645073992
Tomatoes,383,11.27315489051771,High,Yes,7.396135908154315,831.8809048400877
Pasta,820,23.83990760578427,Low,No,19.867110369684585,535.88656412031
Bananas,931,44.65796033757362,Medium,No,8.93610584275123,833.4563732402249
Sugar,593,30.223922247297338,High,Yes,31.0883820317856,923.7215566525743
Potatoes,286,22.081591118963043,Low,No,27.665107912088448,108.99760623504207
Flour,597,7.169100892062655,Low,Yes,40.659304882823946,522.8650070796915
Eggs,541,35.25230827407748,High,Yes,17.043509463766235,875.4402843629146
Bananas,229,49.39460443880528,High,No,21.718807946150125,331.961477050751
Pasta,738,46.03083794412723,Low,Yes,36.00276748872828,601.7547870065847
Flour,391,37.278323490804254,High,No,49.682503410418015,396.9917222995102
Salt,213,9.738178621517527,Medium,No,45.68763908509045,101.44768670424041
Flour,298,15.774804203017737,Medium,Yes,28.437120429956504,450.2613712531688
Potatoes,112,13.408205875397917,Medium,Yes,35.50762831399762,301.59759777116415
Milk,370,20.995773811504037,Low,Yes,28.936504695919062,428.93424364547536
Flour,700,15.598275250619098,Medium,No,24.566248935700802,565.9614129690594
Bread,314,15.999775068726194,High,No,32.10339602922333,358.24853231465
Tomatoes,543,32.75284709189326,Medium,No,22.39246513965068,466.7643144659845
Bread,889,19.341619518262256,High,No,17.608476008347733,933.2313216946329
Apples,611,35.47232944126129,Medium,No,36.755325626075816,423.91672015458255
Milk,546,47.65503466157812,High,Yes,44.23880357963133,723.7923072087997
Butter,814,33.73150624759576,Medium,Yes,17.961093772279185,958.3463915282263
Rice,173,38.824550474466704,Medium,Yes,36.81012279824992,301.1917509787707
Salt,636,38.821118687727704,Medium,No,24.53085516610628,500.5891059348676
Eggs,200,19.881625477968996,High,No,18.593826673306125,353.47927645159814
Rice,275,5.673109756704598,High,No,32.94999403444343,374.58443653665216
Potatoes,526,7.4771583347396495,Medium,No,47.273650800986914,317.8629742637764
Apples,216,17.692711289805132,High,No,20.826116659703928,376.72166820625716
Salt,265,36.02944326459191,High,Yes,39.176568598087435,583.0834855647445
Sugar,140,45.80074123917316,Low,No,19.161413711476868,10
Bananas,528,48.14592179858358,Medium,Yes,41.17407715317236,689.144506609413
Cheese,443,6.163189872803305,High,No,39.19931259774061,497.9092093275255
Sugar,523,49.553926053474704,High,Yes,39.45347472312917,754.5292623963923
Eggs,465,19.51237482605122,High,No,49.896863060085806,407.3059016232765
Potatoes,219,42.93303027058019,High,No,11.323290731288651,380.4574346420045
Apples,708,13.113295731355116,Low,Yes,22.497765490521264,747.192625049372
Butter,756,7.830421592308664,High,No,33.386547499628705,740.2670428955093
Salt,827,22.025994082820937,High,No,31.57139625995946,749.5654427329926
Eggs,328,43.65164248388118,Low,No,40.128488807279616,10
Yogurt,924,14.937121214501722,Medium,Yes,7.11093117856445,1099.5500332807442
Bread,229,11.928079658832898,Medium,Yes,36.727302594842655,397.63280829086267
Bread,451,45.941194802758574,Low,No,38.19757804800528,119.33238931308094
Butter,988,47.22517411796566,Medium,Yes,7.7495502178106666,1082.6065572264274
Salt,417,5.5646689635009015,Medium,Yes,29.24070607543387,525.7214682594954
Flour,748,37.73460818369667,Low,Yes,16.024671702008575,726.6294352627434
Rice,935,18.9143481438197,High,Yes,41.07322676170985,1072.29425047124
Sugar,436,21.86169664852353,Low,Yes,7.23261227871895,572.4592273450331
Flour,372,26.109633872817046,Low,No,11.577386628318436,222.74823115349315
Eggs,216,24.205593657853377,Low,No,9.700419708044269,144.11472148619907
Rice,917,28.173820324194736,Low,No,7.934796745321295,697.9912509916167
Flour,467,31.206277208300733,Low,Yes,32.003314835781694,463.37718904223954
Pasta,193,25.95179771770659,High,Yes,44.084611515269096,500.3785028938004
Salt,267,36.57035932202829,Medium,Yes,27.993790609904202,413.74503035458054
Potatoes,814,37.33707482789639,Low,No,14.47616848613825,544.0633046312258
Bread,440,24.81616388417878,High,No,20.470832082138724,609.2801934676665
Pasta,760,11.410841663919886,Low,No,21.216479993152433,439.0253664529837
Eggs,794,33.828751459405524,High,No,25.323592894893316,782.7338836538693
Rice,251,39.7830520557819,Medium,No,23.924226467746514,225.5718015057885
Salt,685,33.71492845417774,High,No,35.20180635758943,598.8253947101637
Rice,976,31.462464463106702,High,No,20.29604769664295,941.0081193345475
Rice,373,15.323539605557285,Medium,No,34.83344267653487,326.4509065140982
Potatoes,653,34.03116683686662,Medium,Yes,29.60480529477791,762.4736047377017
Milk,595,20.068529655929538,High,Yes,7.182898117294711,962.8176725350181
Butter,823,46.380148826597825,Low,Yes,46.38524378974073,659.5978115088169
Potatoes,200,34.417404174199135,Low,No,13.008082710863931,60.46012455439073
Flour,656,17.51808545187362,Medium,No,25.31879851726337,590.8226122284143
Bananas,181,26.281710921376856,Low,No,47.64187405527652,10
Cheese,628,43.096157414827,Medium,Yes,16.12999406458436,784.5181858623847
Apples,172,20.09587780321914,High,No,5.997404684293727,352.79838579548345
Bananas,113,28.64482565685715,High,Yes,27.05224212173354,481.9530213213072
Yogurt,532,35.585148796318514,Low,Yes,15.076903821809593,577.1859328690126
Milk,256,38.953820247203375,Medium,No,31.191238544208368,215.23611707220942
Cheese,834,12.825147877913519,Low,Yes,41.76986507045469,671.4361656124994
Apples,231,30.43185371047801,Low,No,28.00489620400744,44.06844736378127
Pasta,437,46.048995522329065,High,Yes,34.02632051975334,709.045713519606
Rice,503,48.576190167936225,Low,No,34.97685781223335,146.45246968958264
Salt,475,34.52652691517112,High,No,41.92405234722809,431.3574538207069
Apples,987,49.264736187199354,Medium,No,35.95670640402858,712.2322429441532
Yogurt,658,30.683086203926337,Low,Yes,48.927746830621174,566.9109050572158
Sugar,206,24.917226340141998,High,No,25.529506389021524,341.06566115435413
Eggs,719,29.821435652671067,Low,No,7.2616268087156906,528.3212593363306
Potatoes,364,10.207057741858494,Medium,No,22.73121065670119,193.5786883235246
Apples,304,23.07721638584245,Low,No,42.794511919395305,10
Milk,178,25.62822738637379,Low,No,10.988044401710113,96.47930525642775
Bananas,254,43.188250942444014,High,Yes,38.11729336611786,564.4806914763789
Yogurt,882,39.13918667341012,Medium,Yes,29.104765623145795,918.2391324236833
Milk,346,32.06419633511604,Medium,Yes,45.52997436843742,433.9483763138281
Apples,630,20.627475569432146,Medium,No,37.90353500231905,452.87149173755455
Milk,957,13.416556356169568,Low,No,34.723584975472384,590.3571745949927
Flour,637,20.649425941158256,High,No,44.90950681842501,563.5676169495183
Potatoes,828,35.59118319316093,Low,Yes,45.869896728188806,689.7159771961467
Tomatoes,253,16.83670095882649,Low,Yes,22.32125169958875,365.55868228321606
Rice,253,24.209901306912467,Low,No,46.75312903298239,10
Rice,785,22.40466056967569,Medium,Yes,7.461410083826797,943.6594403439652
Pasta,191,39.45155287059771,High,Yes,39.31549825490808,462.61330535085375
Sugar,532,44.77041780170649,Medium,No,20.143892395205746,453.95686968984035
Sugar,437,36.47169305649396,Low,Yes,26.93286255045698,457.3687779368884
Eggs,579,20.372101741986537,Low,No,42.60874487063553,263.6237249260284
Cheese,792,24.492967203914926,High,Yes,33.666742573961656,1032.162460112056
Flour,230,11.450756932417464,Medium,Yes,25.587096104004306,461.21259927890554
Tomatoes,549,12.564385149497443,Low,Yes,12.376995925245389,627.9205825835436
Tomatoes,909,12.393165538693175,Low,No,47.266915797970036,534.1357034565339
Rice,886,10.87638609025896,High,Yes,19.961486444358947,1153.704375888705
Bananas,372,13.081155282910858,Low,No,9.552268563206383,260.9994844380598
Rice,687,14.120969116026092,Medium,Yes,30.386603622340285,800.21413672878
Tomatoes,276,10.033067470893481,Medium,No,23.28259060451557,244.17492094944126
Bread,795,33.81173248479021,Low,No,31.573002219678745,456.23148968125406
Bread,930,49.56806905619898,Low,No,15.508848306543445,681.3304269502243
Bread,742,44.563403509351524,Low,Yes,22.042798929217412,708.3973944098028
Tomatoes,974,7.05212257217388,High,No,48.76287681723701,821.279479907565
Sugar,148,24.037646413852617,High,Yes,47.14412940667987,398.5488578020281
Apples,666,43.66897606547475,Medium,No,43.897178471677705,454.1556823545252
Milk,765,11.06036680963984,Medium,No,40.06043880840758,540.8034816040769
Bananas,454,43.14403159934192,Low,No,12.045189869060165,291.35586952051295
Flour,811,31.67152870270547,Low,No,26.01187654743968,508.23656511185726
Potatoes,407,46.90843486682503,Low,Yes,37.75562536449493,350.54601518348255
Eggs,967,44.421760141899135,High,Yes,16.779540463159094,1175.6238907862394
Yogurt,984,35.466544492642285,High,No,6.488339592071254,1006.1483004730358
Sugar,729,34.6020196942713,Low,Yes,23.81445046958946,670.6705921513372
Pasta,874,14.592389107635867,Low,Yes,24.131362838360904,791.1260924104736
Yogurt,145,10.253883522110385,Medium,No,7.929511584003199,234.88353503650453
Butter,401,23.692704348595925,High,Yes,19.427701061277247,825.6904029195318
Yogurt,967,13.396101777190614,Low,Yes,46.27850269043559,770.1797334037391
Apples,507,9.608752295499153,High,No,16.263356316692686,607.9506018845088
Salt,288,18.604702997280206,Low,Yes,30.612191776308556,300.4992131952257
Rice,921,43.72204742584918,Low,No,26.954689113352167,605.8958335392031
Tomatoes,929,5.771666930826255,Medium,Yes,43.7956601505941,934.1265715934179
Cheese,228,18.168695677497904,Medium,No,34.409760968653984,150.76802465331616
Butter,660,24.082348334652153,Medium,Yes,12.129327266234302,818.918845474994
Rice,636,27.975638732687894,Low,Yes,11.42909270796007,658.6338468864251
Cheese,365,13.170987877234516,Medium,Yes,30.086925238684497,540.2386871347042
Butter,217,48.3899089927114,Low,Yes,7.090986306010817,370.6487326863083
Pasta,563,31.04928696074853,High,Yes,22.708892569524544,870.8476149130311
Cheese,243,28.49497461756698,High,No,22.95549856181746,385.3228336999383
Rice,541,5.397016501865352,Low,Yes,13.834990454435177,574.2492183876312
Bread,299,26.857192072820318,Medium,No,18.54554942016304,292.1513531775734
Tomatoes,256,42.69517832548328,Medium,No,19.84767086304337,241.653646184943
Yogurt,586,14.884004437305922,High,Yes,5.529136961875844,954.9741364118654
Pasta,959,20.804340577388587,Low,No,41.26511316024299,532.3252722620172
Eggs,233,5.9257159109463,Low,Yes,48.08508121466076,213.80562024190726
Milk,247,48.96173814052079,Low,Yes,18.016993587604937,298.8764135472127
Apples,435,7.9993308707618365,High,Yes,10.03935009436396,917.7167161904183
Bread,170,45.41995057593063,High,Yes,47.909846443325144,440.4136405221616
Potatoes,332,19.08444713812046,Medium,No,38.32479595215287,212.71369235073377
Bread,433,31.440038089364535,Low,Yes,45.10140927113433,347.6083645684988
Milk,910,35.56919929847015,Low,Yes,21.239426811871784,877.6643112506645
Milk,765,11.337312534400153,Low,Yes,26.782802409312737,710.0768457383459
Pasta,189,24.969172000115098,Low,No,46.86078677383515,10
Flour,433,19.645974511098906,High,No,25.679860119893583,551.7553603884942
Bananas,298,7.54711095224594,Medium,No,35.244288225916094,194.25823354833352
Eggs,260,42.49371444769313,High,No,36.71594576644297,307.25585439910043
Cheese,637,7.032549042386497,Medium,Yes,42.670122915229584,669.9267486242483
Apples,220,34.39660817677401,Low,No,48.88305460001005,10
Cheese,400,19.133481938893116,Low,No,20.07046998949778,227.49934211626615
Salt,823,13.645819724083998,Low,No,16.13528821956305,621.3875143158973
Salt,674,35.01887231009954,Low,No,8.496767713343893,451.0862585790526
Salt,535,30.854197153679262,Low,Yes,43.544188559146534,401.41573249857134
Tomatoes,167,19.186531581867342,High,Yes,18.170594235528306,575.1500449179639
Bananas,864,28.083233671665763,Medium,No,7.232575790646906,772.4820844903501
Pasta,558,16.080669554279424,High,No,43.9371712768616,518.2103976819295
Butter,613,43.86634065512115,Low,Yes,27.945924252909833,594.3968581838338
Eggs,497,19.12184511472227,Medium,Yes,42.72409420473415,642.3692986936744
Potatoes,719,16.031886329818914,Medium,Yes,29.9516881894511,803.8810551702018
Butter,385,38.8325169976843,Low,Yes,19.11783869441002,376.68243740251967
Potatoes,660,5.79166195972617,Medium,No,10.840171627482116,613.7640113974953
Butter,239,17.06052794387339,High,No,24.67226807467015,369.82422559641145
Yogurt,829,21.892784929302792,High,Yes,6.19470691670664,1142.191150750003
Bananas,655,44.70070828061218,High,No,32.11067492792134,648.1067448075257
Pasta,880,47.76988111467549,High,No,24.244908652084117,863.0149622425889
Bread,689,37.24150851112774,Medium,No,11.368563536369155,633.531980382558
Salt,827,27.16393014543469,High,Yes,28.860552086578416,1077.4549331182866
Salt,993,33.82796970759599,Medium,Yes,41.04098137223699,969.800369754917
Bananas,709,23.630047325659987,Low,Yes,48.866012878110425,577.4810416418027
Rice,847,18.44716243319005,High,Yes,28.731132413786668,1020.7519222975619
Cheese,381,47.780963066283284,Low,No,10.829793246945812,197.88917347834928
Bananas,760,10.19256030544657,High,Yes,41.48177835850261,935.2487981269819
Pasta,915,20.587710562254905,Low,Yes,36.310486504188674,759.9998379974409
Eggs,677,45.45900319822669,Low,No,47.92870613994537,279.4248477645077
Pasta,845,37.54136437643376,Low,Yes,29.084584900279847,751.4940943830619
Bread,556,6.309565309533946,Low,No,21.069676180325658,322.6428167562354
Yogurt,186,6.039485304091121,Low,Yes,48.32780542084663,180.65537415051057
Tomatoes,178,28.243060818105857,Medium,No,29.230006164629305,134.64309250723926
Rice,304,26.791387530350974,Medium,No,5.715755433870501,318.71423198574524
Bread,890,24.93461923953432,High,No,26.31510557076654,849.857490986033
Cheese,436,18.6054692827554,Medium,No,5.107011391957404,486.55882090701294
Eggs,353,49.39874239161376,Low,Yes,38.19685159953312,322.7076514930969
Bread,403,17.239429534252167,Medium,No,30.4675301101403,347.3208396227065
Rice,479,27.051809289825286,Medium,No,9.94105003956787,495.3658324804119
Pasta,229,23.220189357037984,Low,Yes,41.58550882611345,201.99035332396315
Cheese,695,12.661224168278395,Medium,No,29.13967567464109,597.036263
Eggs,375,14.117846860637536,Low,No,10.132716995727389,287.81195131702196
Tomatoes,798,46.32362339043978,Medium,Yes,12.200489386647288,900.6731546520086
Apples,657,43.62258752851798,Low,Yes,41.99467333418801,544.7687641675591
Cheese,998,13.956993761915857,High,Yes,20.996909395933272,1219.9417714250949
Yogurt,282,44.40481807592811,Medium,No,41.949323413197035,135.8366999075245
Bananas,367,14.413375853637914,High,No,8.127651107200657,521.2705323850314
Sugar,907,33.19458447864637,Low,Yes,15.973657803234682,850.8917922762091
Bananas,421,8.657623549431221,Low,Yes,39.40621680763688,412.4753013730674
Butter,611,44.61663318166032,High,Yes,33.87659544140149,812.0668594151593
Sugar,711,7.317513475946013,Low,No,18.80710335469643,473.90636349074555
Rice,177,29.97243001630115,Low,No,47.12118966048395,10
Rice,883,40.087018633117324,Low,Yes,14.497980595244766,901.9487620652708
Apples,438,10.257563138480654,Low,No,43.24008062424335,129.97183095104646
Salt,773,23.201612037508482,Low,No,36.30847422027684,447.61558842025437
Cheese,655,6.887756817052255,Low,No,10.45026839577209,474.15795304861433
Rice,608,35.723865980298164,Low,Yes,29.980203241572532,561.0397260847429
Pasta,337,18.835231773260837,Low,Yes,46.845841132938034,278.0043054761305
Butter,233,30.17278600873115,High,No,32.85032220013778,352.2819985805386
Tomatoes,291,46.97295216891627,Medium,Yes,28.796332926849132,438.409059454332
Salt,455,18.763614859767905,Low,No,21.484543580876366,170.71500639218348
Tomatoes,377,7.188236223587497,High,No,40.49546633105968,371.9226087975615
Tomatoes,117,35.403249546441515,Low,Yes,46.08766462476388,59.187428192818075
Tomatoes,623,40.407851053137534,Medium,Yes,38.899255466441986,712.7402310761892
Eggs,279,48.10408519449092,Low,Yes,37.6362211794769,255.6949726306296
Milk,222,12.101039466154962,High,No,13.662066609422764,428.0626797412917
Yogurt,345,22.646296630226743,High,Yes,42.5293853868975,602.9866722144892
Pasta,833,42.98632070114637,Medium,No,6.8313134795479495,761.0105535064542
Eggs,472,41.309212697099575,Low,No,39.081266444118626,166.45741003065785
Milk,150,33.115806830023814,High,No,14.489151550169957,375.3970674081289
Sugar,170,17.121584534121226,Medium,No,26.926757149302013,148.40124921924777
Cheese,579,17.781588079284994,Medium,No,36.28552761641426,456.1566633716892
Potatoes,659,10.580134758086414,Low,Yes,39.15852858824079,607.4722057322683
Butter,118,46.483415320365935,High,No,44.96377735373642,141.44065812866026
Bread,873,12.78191815877504,Low,No,17.716646493268634,601.2077729502076
Salt,183,30.779897053095787,Low,Yes,15.09441093628579,294.20391681702483
Potatoes,254,31.29581376419508,Low,No,49.831079331866654,10
Rice,664,21.632244853787096,High,Yes,14.340117595211991,970.4514291015065
Yogurt,718,20.86333074524548,Medium,No,34.94663360268591,517.5454147706185
Pasta,456,35.086478835122584,Low,Yes,47.87351111369931,349.6018839586959
Yogurt,915,22.473400007684255,Low,Yes,45.34501941409035,709.5936330211656
Potatoes,746,16.480192700210033,High,Yes,24.94685468422633,996.0867867174924
Rice,542,22.96092660800139,Low,Yes,33.691175200121194,537.7456464628141
Potatoes,168,41.34479349494957,Medium,Yes,28.80933273696332,389.2231090129117
Rice,622,48.49153048090335,Low,No,20.599501240267138,357.73452271265364
Eggs,242,33.617760370423014,Medium,Yes,11.498994547612384,543.3810144343023
Pasta,291,40.194555146784786,Low,Yes,41.1527403804325,319.3962625847827
Milk,486,28.97711875906746,Low,Yes,9.069875947808136,588.3554176672848
Milk,477,33.117041394204705,Low,No,32.43323216103987,245.4861022806963
Pasta,680,49.46389955314519,Medium,Yes,31.746612762979527,786.0826509124408
Eggs,634,24.728848911586017,Low,No,20.06709523544674,385.6669903124038
Sugar,792,7.981461362938997,Low,No,11.09338508742012,580.0612829728535
Eggs,392,48.065311301870956,Low,Yes,40.98367072987654,350.4374647089148
Potatoes,108,40.687777440659644,Medium,No,25.78659854527949,64.77402624310932
Rice,370,22.92396655386071,Low,No,37.63728011650787,18.074156480204323
Rice,486,49.207777413024594,High,No,5.7418610924000975,610.4645389451161
Sugar,192,20.549108765688175,Medium,No,8.352642392466043,186.81800520126362
Butter,628,21.74540882036129,High,No,12.913145803742896,704.4179637718673
Cheese,253,32.43791089354643,Low,Yes,10.122713774974063,334.3441392909329
Yogurt,504,17.345632376991052,Medium,No,13.626804693278197,502.79642146736455
Sugar,939,36.435716830882974,Medium,No,35.891963071526774,668.0444012049132
Cheese,248,11.878263677772766,Low,No,7.1148682630484545,173.20976951446792
Apples,988,9.86113937111691,High,No,6.703952544817269,1074.9477294855594
Sugar,366,29.069510340387,Medium,No,6.42434461175996,417.1887849817122
Salt,521,29.99721570774805,Medium,Yes,36.394210607338906,563.7802535874943
Flour,939,9.799478133336077,Medium,No,29.12609625778352,784.3491115064801
Salt,717,48.3879317509018,Medium,No,21.660908525099963,603.7116424805935
Butter,571,30.797899592318768,Medium,No,35.40235586492891,438.51724311526914
Pasta,992,11.796574662361675,Low,Yes,29.91219225116676,943.037039489096
Bananas,646,19.014913594953455,Medium,Yes,5.330067825922832,904.4721681861112
Rice,730,41.01053962699232,High,Yes,42.73473852329219,864.3414586415595
Pasta,625,28.545418753948933,Medium,No,20.758297243613242,551.534307630424
Potatoes,602,13.466675684595002,Low,No,22.980256845304325,314.85687111781186
Sugar,113,9.628203742781213,Low,No,40.20304797320546,10
Pasta,877,24.384848550686815,High,No,13.419086707832124,907.2152781920911
Milk,751,20.18366189088954,Medium,No,5.453233495005086,713.7465177903755
Tomatoes,905,34.516280861688806,High,No,45.89772551284574,731.9669668512868
Eggs,463,46.63611441280244,High,No,27.746521499384276,466.5179630056307
Salt,218,16.147862859837147,High,No,20.728720854487122,349.20189184707226
Bananas,337,43.48552699772803,High,No,41.85705108287933,331.89628786520007
Salt,645,46.42078903003402,Medium,No,6.183271093785381,599.0993976496145
Butter,268,45.590116976145566,Low,No,14.103086951240702,164.60308169630005
Potatoes,621,47.84347984754459,Low,Yes,11.987962811369876,675.647709753107
Bread,733,42.894887995817385,Medium,Yes,38.20238079152315,785.8263958372571
Cheese,756,31.706870242850158,High,Yes,19.043903780733483,1032.257675734047
Yogurt,834,23.443074441960885,Medium,Yes,39.78080354927847,814.8194898422121
Rice,982,27.125950371519707,High,No,6.866439977191779,1037.5812013830518
Butter,868,44.26754786949134,High,Yes,32.36520100100713,1114.6583200447171
Yogurt,879,18.56292698377321,Medium,Yes,19.31993259681012,1004.0502623605875
Apples,970,12.166776245349247,Medium,Yes,13.411397086623769,1136.2553992612634
Butter,615,11.336864816020782,High,Yes,41.754424658799145,864.7411709094796
Pasta,496,42.21475744572502,High,Yes,23.551255561845515,824.7225812363503
Bread,965,39.2668558848544,High,No,30.723331874454935,905.3581318373192
Rice,205,27.39404034708537,High,Yes,6.488772970079395,638.2271705547702
Milk,184,17.36921426414689,Medium,Yes,40.62310327752936,329.1464622339366
Salt,313,35.49259289941751,Low,No,17.909714549242697,132.27827371844987
Milk,220,6.729489384461141,Low,Yes,36.203276199719085,251.51874103255838
Apples,231,30.570251704999762,High,No,39.22135631537425,230.98609434667333
Salt,949,22.929132593275863,Low,No,10.270231586277948,680.2655549024188
Apples,296,49.00368352153858,Low,No,18.315525378855384,132.84100804844604
Butter,118,27.84021120997367,Low,No,37.55480368953406,10
Sugar,741,29.85204886026205,Low,Yes,15.447989635001342,723.1657347813513
Bread,111,37.05631985492686,Low,Yes,43.16782784245463,80.69024919584778
Bread,180,26.8042316506541,Low,No,19.038808889741745,27.231558352993854
Tomatoes,429,15.105587867453814,High,Yes,23.104859340496056,698.702161730821
Apples,965,29.177503094680162,High,No,9.488450625296398,987.5842249463419
Potatoes,873,47.49209919008242,High,Yes,11.64538033742199,1195.0096450681563
Apples,491,23.445994467581233,Medium,Yes,17.39397327087041,703.8234938240533
Pasta,736,35.58384297498529,Low,No,7.200897271225289,547.6047495032816
Sugar,406,49.011538499855824,Low,Yes,13.686452588577405,427.03123282976907
Sugar,366,42.34650408425707,Medium,No,23.40243619997605,292.18859761631495
Eggs,546,34.65653598874957,Low,No,22.098301109026206,305.50385488365606
Pasta,540,38.11984197487315,High,Yes,13.941247092214615,907.1646918458786
Salt,994,47.14174616076838,High,Yes,8.6202807734053,1311.853388589454
Butter,751,48.18884469801605,Medium,No,19.316652567532586,658.7640922873355
Rice,940,48.60356586448981,High,No,38.54059734196927,817.4339813487211
Flour,101,33.15387326911349,Medium,Yes,27.95448074792992,307.5761934890524
Bread,619,22.312024243935646,High,Yes,47.60617883989675,838.3735733503884
Tomatoes,861,10.991890803033497,Low,Yes,11.294884748466917,866.0275133875404
Butter,750,22.34966006031813,High,Yes,14.32930750941726,1034.7007913901427
Flour,735,47.432995463102856,Medium,No,17.61347901375486,620.002151459583
Pasta,408,45.040868626657534,Low,Yes,5.585085491586855,566.4349319073115
Milk,839,28.56468479282954,Medium,Yes,47.45212153055966,792.5109146455839
Milk,621,29.16532789672658,Low,No,25.04137241493356,344.1440781837581
Milk,568,18.90141573177363,Low,Yes,26.674226475402026,535.6728327828256
Bananas,311,25.452855053171664,High,No,12.103584192436475,504.2474813730019
Butter,211,37.15018222727278,High,No,44.27139605484049,237.50355051565117
Bread,107,23.109382654150636,Low,Yes,36.16845064893809,170.97946275904872
Salt,903,13.459274243421524,High,Yes,24.411244438575956,1190.564707132069
Butter,576,29.3386810471285,High,No,44.508717349074246,478.2240193617464
Sugar,973,15.14016101544476,Medium,No,45.745598221894205,669.3273872120207
Sugar,559,48.842940020567006,High,Yes,7.22662434671264,923.6397507523668
Potatoes,352,22.565296130537934,Low,No,10.369606537079509,220.53447003805192
Bread,625,45.934923722410225,High,No,6.243273471033568,760.993099017599
Bread,851,15.149929847163094,Low,No,31.17786111942188,502.59212065278894
Flour,537,13.51440523875994,Low,No,14.80747370793062,328.04718298232183
Flour,853,32.76055080678818,Medium,No,43.021763758984655,629.6106887683372
Milk,953,40.07205852364943,Low,No,25.966123723291478,628.9162777314667
Bananas,760,30.504405373356906,Low,No,42.69693858773572,388.73955781512007
Sugar,335,15.340805762236672,Medium,Yes,30.002235055798824,445.94565293645184
Salt,405,6.705246329779823,Low,No,40.827550873175596,152.70991742330378
Bread,577,32.822996953595236,Medium,Yes,21.733475368875688,742.0401989084036
Flour,778,10.896675141449673,Low,No,47.54272282458977,374.37867278764253
Cheese,119,20.442937416454903,High,Yes,35.022142510813,435.2878394874526
Rice,315,35.41031391520542,Medium,No,31.797074497907268,206.32203897119047
Milk,954,9.411054826231934,Medium,Yes,20.856050772088615,1027.4867960397025
Rice,234,10.72631659027801,Low,Yes,47.173279050701446,136.0432002055885
Bread,228,7.774979328833186,Medium,Yes,20.198048010245472,452.99661625703044
Milk,509,49.82356080080719,Low,Yes,42.61367458517477,371.24870976122725
Cheese,521,22.418454587071157,Medium,No,23.193869716775254,437.8074050861179
Cheese,393,45.76078254805856,Medium,No,39.523280067571775,209.38038237685439
Sugar,345,18.211353729092693,High,No,46.03450620113299,358.6198148031366
Yogurt,800,38.89411543132231,Low,No,25.952320263233673,440.86172021261274
Sugar,655,14.85799773405705,High,Yes,28.676084550804433,959.0329268548875
Flour,185,27.424611934171264,Medium,No,19.865430766975347,210.05898709632288
Apples,655,42.107708268310084,Low,No,7.461305274882883,433.6525479029202
Rice,941,41.73504795027872,High,No,34.361653909177406,857.2961920463806
Apples,474,40.742632281320354,Medium,No,10.383913604257504,431.27778069219846
Eggs,545,42.06804858673488,High,Yes,20.93265179130397,877.660697115343
Milk,477,14.516252658764566,Medium,No,20.727225943538432,474.7014486475309
Butter,489,26.699732265217392,Medium,No,11.795171876355854,504.3061948188167
Milk,756,26.81921635687214,Low,Yes,35.001964216139214,645.7487270824469
Rice,150,45.07261193065606,Low,Yes,12.856969886841147,286.6178830462971
Yogurt,341,18.360132322974295,Low,No,40.02513571308851,109.16212499015701
Flour,393,46.91731520250717,Medium,Yes,16.217558217524825,625.5816742832727
Rice,662,25.285808133774456,High,No,17.927936871310155,757.6207934732199
Milk,365,35.14041514298384,Low,No,20.467773592399894,191.62778101923158
Rice,219,17.09974005257005,Low,No,11.873865239836505,109.56855096324509
Rice,811,23.463414807408828,Low,No,24.541901898067298,512.274817063504
Cheese,347,36.941041943111316,Low,Yes,8.61463059004534,429.7292090157111
Bananas,169,28.07362138329542,Medium,Yes,24.220223811418084,377.0876292530534
Flour,952,46.88186052597502,High,Yes,20.296045959532677,1159.6246905331818
Flour,156,38.170623465386484,Medium,Yes,20.221945124454386,394.06457142669683
Yogurt,481,30.398131647976996,Medium,No,34.73034133303956,348.9356681743745
Apples,138,44.90013904934937,Medium,Yes,39.60602935152131,286.68176069877967
Cheese,900,34.9500374954935,Low,Yes,21.01993350148672,853.9012279343773
Potatoes,542,34.12942130391946,High,No,16.79066114269925,652.5090398059431
Milk,117,16.086709991643225,Medium,No,27.245724562535468,86.86045192779767
Potatoes,831,22.76856344876949,Medium,Yes,40.447358396359995,873.3188254090903
Rice,924,35.748664367180965,Medium,No,34.00578280940264,735.4417602940916
Apples,855,45.1306270167421,Low,No,6.7100606499031015,640.3388402119443
Rice,451,19.199636314021184,Low,No,26.596828568534463,201.88020688160702
Cheese,915,14.696852987434312,Medium,Yes,49.593427863914435,905.0847708308988
Bananas,397,31.71631904671351,Low,Yes,20.89073874563971,461.7675900551721
Eggs,382,8.02386941462209,High,Yes,24.83225606275375,745.9915137164428
Pasta,685,37.15437656525023,Low,No,17.933302913843203,485.8114419667517
Yogurt,209,36.64123444793664,Medium,Yes,27.39626103163222,433.1813581219113
Tomatoes,279,20.97347139437698,High,No,12.241459515606955,498.7340983294684
Flour,643,45.170494400520575,Low,Yes,16.115613798009235,656.7817678028545
Rice,845,27.598151369260737,Medium,No,37.02813387794486,614.1173935098451
Yogurt,893,34.05942278118216,High,No,11.222905715888153,975.7236321066638
Potatoes,124,14.431031687225202,High,Yes,46.67646936384324,379.0297551904945
Bread,942,23.78031508,High,Yes,18.85821838240792,1254.071032255997
Pasta,890,43.80878931213957,Low,Yes,30.8761293613388,824.7721799626386
Rice,837,14.582279643455426,High,Yes,19.482380490492865,1117.5254083744069
Sugar,156,22.5758469916611,Low,No,26.511384909866372,16.993360995956913
Milk,279,19.31344449926585,Medium,Yes,45.67105976216012,405.0579787868836
Salt,331,11.799958318915106,Low,No,8.085977683120593,179.7691788474232
Bread,993,18.0373063157391,Low,No,43.53541820183336,543.2155210769009
Apples,442,15.474752760884753,Medium,Yes,30.09081590397896,603.9809619841461
Pasta,576,46.56171337075973,Low,No,34.92820664093172,267.6644175333358
Bread,898,38.348546204425816,Low,Yes,7.514918005714932,950.8949946548181
Butter,675,19.224571180227095,Medium,Yes,39.26296027932978,743.1346382330618
Eggs,554,39.35025739592194,High,Yes,10.7500286619719,881.7131865351279
Bread,331,5.9962978865242125,Medium,No,48.416953090552745,153.35725623218735
Flour,388,28.6936119847013,High,Yes,40.967927431099056,663.5054690302183
Flour,312,16.26505536806029,Low,Yes,27.179059047728682,300.89370924752416
Butter,357,10.144493231383137,Medium,No,46.58751307535388,155.24942119679568
Rice,629,44.769133775231985,High,Yes,12.608297697412462,956.5942992314382
Tomatoes,786,13.970324041815767,Low,Yes,49.62487837452696,651.4919044175434
Potatoes,328,42.0075991825827,Low,No,37.25685702548358,48.60947252926154
Pasta,325,23.595020487129705,Low,Yes,9.427006112865918,464.8954382561728
Pasta,695,5.643084651831515,High,No,29.14661768621758,707.5898177583521
Pasta,902,37.963977318546135,High,No,36.98943658080793,813.4452657953697
Flour,534,31.836189119871555,High,No,32.58600177552138,528.7382996510769
Cheese,981,20.487734742551872,Low,No,24.07772295241161,679.3622868060842
Bananas,857,17.669567026681854,High,No,16.166428518314962,858.3050373828114
Tomatoes,501,8.316106356669563,Medium,No,15.720327201991626,461.0305982794109
Flour,721,47.36415176758725,High,No,46.712766715801266,653.937970678002
Salt,865,27.229319811143856,High,No,15.563333780735247,877.6412942665586
Apples,187,8.84860329092486,Low,No,48.30822653239521,10
Pasta,683,44.09058729850117,Medium,Yes,14.46016480891429,788.5490556025726
Tomatoes,992,17.547492776801754,Medium,Yes,22.292770042533288,1093.3506415774934
Eggs,641,14.162122208059467,Medium,Yes,5.554554188751147,899.9546363058978
Tomatoes,783,17.642184725399844,High,No,45.64147727285798,679.0446146543519
Butter,408,30.40571563732001,Low,No,9.695825389940627,224.5871645543258
Rice,442,8.332541802366642,High,No,21.079816673993182,539.6517345504238
Cheese,535,26.67906091052044,Low,Yes,42.91331964463683,485.43670537238546
Bread,276,45.30845503059407,Medium,Yes,40.63540724365784,356.88982877764306
Yogurt,238,13.467721813075574,High,Yes,42.867545903206654,551.0736421675996
Sugar,293,19.903494746850974,Low,No,46.13484158487289,10
Flour,285,22.825488427324373,High,No,45.99818548923647,252.486818539011
Tomatoes,317,31.379932018726034,Low,Yes,39.67246240042591,292.82603228102306
Rice,263,46.36644109368402,Medium,Yes,31.209064899355404,459.60103096783405
Apples,260,22.754264370909148,High,No,30.269716998715015,389.4235639125638
Bread,624,8.111877830499363,Medium,Yes,5.581379058498179,896.9898613566643
Eggs,907,20.65778876439466,High,Yes,37.515662062686324,1124.2607427350172
Cheese,700,13.553843566993017,High,No,15.20045218577009,782.6826319255412
Rice,935,34.32985154685965,Low,Yes,42.29138385020281,750.7305169659355
Salt,141,6.316794912529948,Low,No,29.921183832164964,10
Salt,309,18.136848698288304,Low,No,49.4261545954452,31.905923264556108
Butter,840,29.532807825467895,Medium,No,14.462306784695864,762.8467539565144
Bread,961,17.480039272229945,Medium,Yes,37.5559412552091,990.6570946010627
Pasta,374,29.794787750536436,High,No,29.639019582919435,477.86665791549063
Sugar,378,10.162054498423243,Low,No,46.93130800670241,72.92156737106976
Cheese,350,47.42624695953301,Medium,No,16.969716869536008,320.8223556982773
Rice,409,18.090806329844902,High,Yes,7.674691891120399,851.5467813594404
Pasta,819,46.535037772544754,Medium,Yes,29.473953498621928,898.890103762665
Cheese,932,19.662594777686543,High,Yes,28.472585946840116,1169.9645065269983
Cheese,239,40.18280860278445,Low,No,19.02682489972819,72.0163812767717
Apples,891,16.078431085756385,High,Yes,49.394200895766865,1035.0672894032346
Milk,645,35.13960060753205,High,Yes,8.137014086935645,1033.4736232258438
Flour,920,19.56722962202452,Low,Yes,30.628404407752296,829.4748414305681
Salt,629,27.912160814434646,Low,Yes,16.709761034183437,633.186075090494
Apples,156,35.32163655936563,High,No,5.086040524563054,418.9277086552303
Butter,211,31.499712734133226,Medium,No,49.453211186823694,19.494363868562047
Salt,104,30.932626697766242,Low,No,26.672577651906558,10
Apples,509,7.955637604592778,High,No,43.57357220732815,490.39500558988453
Pasta,513,16.20845744772163,Low,No,42.803025784301084,113.04365733346359
Tomatoes,281,30.732768043544375,Low,No,41.55252649988762,47.95976350399469
Cheese,112,5.824274324707627,Medium,Yes,25.655776373665738,358.8497481529003
Potatoes,438,16.278991480219084,Low,Yes,45.31668430347601,411.8615800213077
Potatoes,896,15.313335774403853,High,Yes,21.527250307317967,1205.6280885630003
Cheese,358,16.243524957237547,High,Yes,23.37741132204666,706.7462406692467
Flour,189,29.10242748049942,Low,No,16.506733813284534,94.57764881784213
Bananas,715,31.18821593086366,Low,No,25.163828415616145,398.78340714078
Cheese,990,45.904909746776504,Medium,Yes,49.39250912651345,935.0839131604564
Potatoes,797,22.371397206179864,Medium,Yes,30.795829801411717,858.2334628976989
Salt,349,46.696051271440666,Medium,No,42.39939872838044,214.74955777628588
Butter,354,34.33794552428766,High,Yes,16.850431289536047,758.2560760024294
Tomatoes,687,46.06971781552501,Medium,Yes,48.01643113367854,681.6857483864154
Salt,997,42.506244575602175,High,Yes,5.59279484227381,1314.7275436744237
Sugar,207,35.94120995334593,Medium,No,46.86103485117462,91.66540985422002
Salt,767,21.024765478353174,High,No,45.410175063749776,681.671346000563
Butter,693,15.849970145834833,Low,No,8.031029739810117,582.4910757844405
Eggs,688,15.00761459804145,High,Yes,32.21810272893496,927.6915203331081
Flour,584,47.847822685532655,Low,No,40.33598236095287,291.2718652005793
Butter,357,48.135822940821114,High,Yes,23.1713546424428,730.0370533173415
Tomatoes,738,37.6174118085939,High,Yes,9.133579130092404,1020.1265350948976
Flour,381,44.770819283441476,Low,No,42.32299673862641,115.58880890301994
Sugar,187,46.354827338557726,High,No,25.992424289421194,328.6788146729776
Sugar,303,28.020028843369047,High,No,16.84625456376061,447.58309032271075
Yogurt,115,33.30768607813275,Medium,No,8.188494819312002,195.46988754659841
Yogurt,250,23.843952406409656,Low,No,33.8077330079129,33.82308660884769
Yogurt,353,23.83208439283684,Low,No,6.903583748265767,277.22529836436723
Rice,287,6.729301339007658,Medium,No,40.59922388828135,160.84693386333709
Bread,428,24.521965721816247,Medium,Yes,39.68384019401129,579.2998887994249
Yogurt,643,35.30704151809325,Low,No,19.532421542097357,366.56260943527985
Cheese,882,23.989197474795702,Low,Yes,26.252930384368675,759.5367452957571
Butter,496,44.258435459463044,Low,No,35.114882261690624,216.90094561480447
Bread,616,19.96533285831582,Medium,Yes,48.16057352287639,679.7852516947415
Cheese,558,10.970692095238228,Medium,Yes,28.406796124863153,693.4931719055709
Bananas,429,41.520141082807676,High,No,49.85058826191994,305.2604289765207
Pasta,919,35.327656324786645,Medium,No,19.629760496979607,724.659160067131
Eggs,944,15.881876704426181,High,No,28.692137597619215,916.8868888076425
Sugar,268,29.140306521900484,High,Yes,10.20270011075171,698.5146976198079
Bananas,792,23.08335523672066,Medium,No,30.03978083325674,660.3878317448464
Sugar,465,47.2486899396046,Medium,No,29.134098930264553,354.89289226866214
Pasta,277,32.3299440914283,Medium,Yes,43.19662615061181,367.23424843299813
Sugar,754,12.127516753414621,Medium,Yes,49.844821291346285,757.1845688900025
Eggs,461,27.59668036866433,Low,Yes,49.3780150589111,388.5799462989347
Tomatoes,859,43.81505746357328,Medium,Yes,15.63355380583081,1027.6617351553161
Tomatoes,738,35.21735015146077,High,Yes,20.23004991481036,1018.3107946024442
Bread,874,42.91034342443953,High,Yes,17.359565014757816,1142.9697290829765
Yogurt,139,16.26796912395381,Low,Yes,13.985579810181852,306.51627433666454
Rice,515,44.975811967139386,Low,Yes,11.756120594738746,558.2732410171623
Pasta,454,39.00250993208774,Medium,No,28.028480565553902,375.65954446123624
Potatoes,354,37.80111899471354,Low,No,44.262445207860644,36.02599402342461
Flour,242,20.594348139358598,Medium,Yes,31.544040571735817,423.3153519418545
Eggs,851,44.94461286922377,Medium,Yes,44.26986426290891,837.0586644085928
Potatoes,839,33.709071982694745,Low,Yes,48.17725825626457,667.3468695181394
Milk,952,43.33277645882611,Low,Yes,22.241363942979568,936.1403084587151
Bread,809,21.24371551938223,High,Yes,42.605051302270525,959.483435461234
Eggs,676,11.554344097896042,Low,No,7.355084852288491,485.7225847504603
Sugar,999,19.955173109914504,Low,Yes,26.648291870969746,949.3830817946299
Milk,110,25.486895631883215,Low,Yes,21.573343433024203,230.73056037778034
Butter,719,29.003331881547158,High,No,14.21833487739047,812.6333309742511
Sugar,125,27.986414707019186,Medium,Yes,24.727676433950393,331.4608951292901
Flour,520,29.572456659645397,High,Yes,24.966614093555478,833.7737265668259
Eggs,762,42.87675943503264,Low,No,41.38428168170521,405.55148427289214
Rice,320,12.654556078467646,Low,Yes,44.10133752518202,258.93494544776723
Potatoes,952,19.222308282599187,Low,Yes,34.56276909453597,848.0297862292022
Tomatoes,595,44.98738206959531,Medium,Yes,33.50246708509522,679.8620479460321
Bananas,336,30.220619205124862,High,No,9.958207271573151,484.53603029364933
Potatoes,336,31.252544166630745,High,Yes,30.88678154453016,679.1355634811534
Eggs,318,26.51281450762785,Medium,Yes,17.35001456296819,588.5309137559399
Pasta,586,29.70385857437626,High,No,18.264322764923683,666.4883235555142
Bread,560,13.913587875204554,Medium,No,9.264859351884114,558.2400411610437
Flour,762,29.609010473815772,Medium,Yes,33.614066879918575,866.4628326585621
Pasta,734,49.872790756000256,High,Yes,31.271378428286052,944.0421007286262
Sugar,243,30.472140781588294,High,Yes,14.912265522418734,665.0600490177122
Bananas,288,6.998110952271365,Medium,Yes,16.836661559928576,531.1273331282997
Bread,354,40.83960399577969,High,Yes,39.785053372765525,583.3011911710062
Tomatoes,167,22.84139429255244,Medium,Yes,40.68200136338997,306.92986196825404
Bread,715,11.915426682570285,High,Yes,27.188809162421617,946.3499341805725
Yogurt,435,43.81339128020111,High,No,11.705121303159403,580.3343775048586
Cheese,770,13.908796499073542,High,No,7.501657148678511,848.3719086551969
Bread,920,46.434532543634,High,Yes,17.21609883942991,1134.7906275412533
Bread,973,24.880842069917247,High,No,37.903360230225935,898.7239831856813
Bananas,508,38.4255875637365,Low,Yes,32.03674845524528,497.33365004470863
Flour,399,29.614813265233423,Low,Yes,37.31480459399376,357.91062041247744
Bread,701,16.548206176185253,High,Yes,26.22865913592214,992.478652572508
Sugar,456,35.19905785231634,High,Yes,38.96176469121925,678.2087694083745
Eggs,355,48.10606479005666,High,No,26.636260742088517,415.59617078689473
Butter,452,39.63366350561356,Medium,Yes,8.780663870715964,710.0997532177532
Milk,831,32.18080984588302,Low,Yes,8.593623292696897,886.7555332551752
Flour,620,49.57826487196355,Medium,Yes,42.41762236592134,647.6495750181193
Sugar,623,16.939700030420813,Low,Yes,33.333095039262915,555.387381720438
Bread,936,7.805366955925132,Low,No,17.560717659968482,686.5689393808614
Flour,855,6.445888975216898,High,Yes,39.072894711883116,1053.7931744874063
Bananas,793,36.98095458014592,High,No,11.10808884124706,864.8307835083956
Rice,383,42.360456413037674,Medium,No,34.03595566440761,300.473558918142
Apples,411,33.579524186803695,Medium,Yes,49.526867739252566,522.7860646446774
Potatoes,198,45.726196884943924,High,Yes,11.750879585722867,637.7600069847628
Potatoes,296,36.40892213029642,High,Yes,11.387519386351489,693.9617889971245
Yogurt,581,21.692959088405924,Low,No,26.052548502890918,338.61005113746825
Apples,977,13.156623123344673,Low,No,33.91976337801697,580.824854951659
Cheese,325,46.60913653516204,High,Yes,6.194585133497434,792.9873890503106
Sugar,944,9.661871749886577,Low,Yes,27.485191038266784,841.8936259188404
Cheese,714,29.434478168588246,Medium,No,8.742665828987944,656.975218993663
Sugar,717,19.130356637308022,Low,Yes,15.859569956126487,709.606678948412
Tomatoes,464,17.213675338385265,High,No,37.05789289060115,482.76889585092766
Tomatoes,467,34.06256833626034,Low,No,38.2489226409542,171.8477312651495
Potatoes,669,15.40566218259663,High,No,37.8379602756451,660.5867461574853
Eggs,689,46.23642980340781,Low,No,7.9315850321947705,492.01312557615216
Eggs,174,23.271975909460586,Medium,Yes,40.40433989331691,326.930324009476
Potatoes,141,35.48189060283555,Medium,Yes,24.44931521947262,355.59607594938757
Rice,521,37.749007279786305,High,No,26.38893110230153,557.3904215657977
Bread,935,35.732376258139865,High,Yes,23.886071280747334,1118.9160660375953
Potatoes,280,45.653010840186056,High,No,43.566006875414644,325.154487443413
Bread,644,15.400888862269914,Low,Yes,35.598666338569984,576.6771692022024
Milk,170,8.872454510874555,Low,No,27.50116287607034,43.27885131231512
Bread,667,7.495956376927221,Low,Yes,42.54291598667957,563.5065704538165
Eggs,204,44.502986771376115,Medium,Yes,41.24135733812926,277.6779903665551
Salt,299,48.79791724726319,High,No,5.226987372781837,475.15428684023505
Bananas,200,18.613694354212072,Low,Yes,26.54959840812924,267.86697385207316
Salt,867,36.208126560873616,Medium,No,6.901074931451597,792.9510729139231
Potatoes,406,5.4010752877287,High,Yes,18.8233916727822,798.2876207951142
Tomatoes,685,13.48841795521945,Medium,No,41.172680455813,490.60880327700744
Cheese,782,36.01734721077265,High,Yes,47.48235584485687,910.0696592667548
Yogurt,476,7.964921269185477,Low,Yes,15.892999730803554,519.9028496408284
Butter,754,26.0829522463921,Medium,No,5.964131697568736,698.1468146110993
Milk,777,34.8162468968277,Medium,No,23.10513546983967,656.8019745106499
Bread,498,39.46811770874828,Medium,Yes,20.08034774059273,704.0165837157141
Pasta,872,25.42171611759667,High,Yes,35.463478222797846,1037.356040410997
Salt,320,33.362781777335435,High,No,27.277595260178117,433.14052649682463
Apples,694,29.28090333029276,Medium,No,22.948126856219215,592.890836268441
Bread,281,7.35375974374945,High,No,15.330001896807484,417.86058460773216
Butter,406,38.426210926693095,Medium,No,42.28161793626632,251.57995637201935
Butter,621,12.756286214841873,Low,Yes,16.17751790628035,670.6272792509615
Bread,495,6.43124890552286,Medium,Yes,7.463074056959238,723.5357212260475
Cheese,103,25.30255623297675,Medium,Yes,30.407472880880494,276.9522286573886
Flour,962,43.95369142766796,High,Yes,19.28069357944241,1215.434257751069
Eggs,947,11.787324694746289,High,Yes,37.05958118479151,1102.7801520903195
Milk,903,5.5785890352638745,High,Yes,8.639225079162593,1271.7776314025646
Cheese,380,9.949065609443771,Low,No,48.48384039913537,108.23825354966098
Bread,314,21.3646601449223,Low,Yes,13.408610702153709,437.6342950898163
Sugar,709,31.10773414960867,Low,No,21.06756037879202,474.8605342343692
Rice,519,13.685546029365165,High,No,26.642973202329777,544.4267575767686
Rice,200,41.08838022601568,Medium,No,45.05528789709983,24.222469819735124
Butter,620,38.89837042470869,Medium,No,37.51433989995975,434.736685926068
Apples,672,36.31386274694147,Medium,Yes,11.517280911244868,823.2598464225345
Bread,408,26.93614137419948,High,No,24.737613122606536,498.47299496275076
Salt,757,21.43476298102934,High,No,29.4310339246617,724.2171577668141
Milk,609,21.901397943416484,Low,Yes,36.59565759260151,548.9846872751818
Tomatoes,162,27.638174073008,High,No,30.731644921880303,256.92963080952455
Yogurt,732,8.479160909719454,Medium,No,25.58006990054047,622.580641208247
Tomatoes,325,35.70374582901775,Low,Yes,39.449644233258645,304.69006933106067
Apples,204,20.81783948041859,Low,No,22.012593281449423,30.6104196195011
Eggs,871,15.114145007240987,High,Yes,49.42277185736464,951.0774982566014
Milk,960,17.524718172438753,Low,Yes,47.6502128699388,775.8618941998601
Yogurt,524,13.113242837879802,Low,Yes,36.8321182069226,426.2084913204403
Butter,354,45.57056384875048,High,Yes,44.7175365890804,624.210242455299
Bread,528,12.606688236314797,Low,Yes,22.692898223166456,568.5001871751355
Bananas,533,44.731675350268816,Medium,No,31.16615995390902,423.4865997239297
Eggs,306,30.75095281858031,High,Yes,17.269482381391676,663.9925906844607
Milk,127,44.03529299249871,Medium,Yes,44.853768652170544,265.9959433921938
Bananas,781,26.332889760748046,Medium,Yes,26.196126718773694,860.6548373522711
Potatoes,435,46.74351737664831,Medium,Yes,29.126462534585137,583.4680200342269
Flour,687,14.517083462375759,Medium,Yes,43.90553590731211,692.8606948397112
Sugar,727,29.961128878127354,Low,No,40.877532856369996,359.7285154596742
Yogurt,168,10.66274107311511,Low,No,19.478443925834217,10
Rice,965,25.124912834106397,High,Yes,8.934242160109264,1259.9654150721717
Yogurt,845,30.645666349107906,High,No,12.294194090587759,849.874744381898
Apples,612,32.255384997792746,Medium,Yes,20.259313395784538,824.5891517900994
Flour,266,21.44879586082756,Medium,Yes,18.738087342420368,513.1973149695528
Bread,963,8.435103897490377,High,Yes,6.723974716606865,1282.7329809524101
Rice,829,34.48967321221937,High,No,24.442931295718832,844.0222185787742
Cheese,884,26.979433720397502,High,Yes,9.763265159149032,1155.9147527223888
Pasta,467,11.159548998676561,High,Yes,14.94003737640644,819.8975096116302
Yogurt,350,47.11441862327448,Medium,No,40.43674298398473,220.19087021686622
Yogurt,958,48.00508979825495,High,Yes,27.26957962275729,1160.8931969342843
Cheese,955,43.547282592411605,Low,No,21.782887512204404,611.72241873153
Eggs,785,42.974073523291885,Medium,No,13.344590041874048,709.2313843233219
Pasta,269,9.440207414062526,Low,Yes,43.98260478833463,249.64881096661355
Potatoes,857,49.70390493121555,High,No,45.66604020619488,747.5845646843915
Pasta,189,23.017130593867922,Low,Yes,28.340510773768823,259.6810352417214
Butter,660,12.340450214020109,High,No,46.457362276206695,569.1008735164415
Tomatoes,545,41.54457776977495,Low,No,25.915503313772184,283.3747654416106
Yogurt,393,15.157884580837603,Medium,No,9.825911312023344,351.9798154311761
Flour,249,28.677889430131618,Low,Yes,5.766780922383735,390.70218456289564
Tomatoes,231,10.760722934154636,Medium,No,10.777001276007486,268.17433323373734
Bread,532,26.35905754741498,Low,Yes,33.019534985891255,516.1253992964542
Bananas,158,30.116367203132402,Low,Yes,19.440733863661613,279.502674171043
Bread,935,25.066578197810422,Medium,Yes,34.1739051471443,942.0347311364669
Bananas,298,8.126907113869386,Medium,No,27.85892554598616,221.81574054811696
Eggs,314,26.82225637622435,High,No,19.985565864695282,477.07027145355147
Apples,997,26.102427954836713,Medium,Yes,14.840590977426192,1101.5285791511726
Rice,660,16.772912478080322,Medium,Yes,8.64696847142533,879.8061989783932
Salt,571,46.472071984584645,High,Yes,40.207597762094025,806.083434397976
Sugar,843,23.800654971421526,Medium,Yes,41.855188152445564,850.8386817108919
Potatoes,346,43.88521082883733,Medium,Yes,29.365286592920505,503.48116395592314
Tomatoes,481,9.934872333504885,Low,Yes,12.069260276665508,560.0263059766334
Bananas,338,19.349477789278165,High,No,16.858807074781495,461.15903574700155
Bananas,466,12.934888419561801,High,Yes,47.98153595712196,680.7119518197495
Potatoes,267,23.378485453168665,Low,Yes,15.167335720664683,321.40016886987786
Bananas,659,10.023650922689537,High,Yes,7.556216022854368,1023.5736004423344
Pasta,150,24.84656626305292,Low,Yes,29.752226236062928,225.0231121738685
Cheese,910,20.924183455170635,Medium,No,16.78612808986577,796.3176375040421
Butter,709,15.049177127330234,High,No,48.08457062624563,661.5844982348765
Tomatoes,827,33.898073537764176,Medium,Yes,30.86455524899241,915.4507122564214
Sugar,788,47.79101696665244,High,Yes,48.46166306169354,926.4439073886938
Bread,479,14.32010630973141,Medium,Yes,40.35094834005327,575.1450934054841
Salt,573,37.030587795430264,High,No,37.538816252730186,538.494628768846
Eggs,179,38.407140016553434,High,No,42.36640625240289,227.2624463340635
Flour,796,27.415423239163808,Medium,No,32.219849033534786,621.6977291377774
Tomatoes,466,45.395075574525514,Low,Yes,5.500458193444844,561.3717102366736
Cheese,560,48.487552972917804,High,No,22.660915231076906,584.4388968899433
Eggs,638,21.301090342423223,Low,Yes,14.855813950474744,673.8774407136868
Yogurt,551,34.29649841014344,Low,Yes,24.54407030278426,585.61160818382
Pasta,563,34.79956780550505,Low,Yes,26.17472858746795,555.4327945518468
Pasta,577,23.163598681362704,Low,Yes,10.75239800818766,647.1081358772614
Sugar,519,19.25559835225764,Low,Yes,6.054419700006319,637.99511193081
Bananas,806,47.018488920251606,Low,No,11.21901320066044,579.6353066058975
Bananas,313,40.549169719070385,High,No,43.584220939243764,319.67152830968905
Salt,468,10.150905468854486,Low,No,39.01343876835167,172.9949434832781
Milk,953,10.394783221319916,High,Yes,40.950180718607,1087.206243498343
Sugar,213,46.5144245983772,High,No,17.43379787003233,390.11950007698056
Bananas,853,8.6634394262116,High,Yes,15.624463550401929,1137.1371126611298
Milk,602,35.97896058094246,Medium,Yes,6.681758421079065,877.3715852399804
Apples,735,15.204121112498527,Low,Yes,26.25208075145163,703.7682938660677
Bananas,916,6.58334042337284,Medium,No,22.208398631905023,770.047073381448
Butter,687,7.683689573604059,Low,No,42.61487451417827,355.48313523749357
Pasta,410,21.808494665580294,Medium,No,35.68404013368963,269.07996739625105
Sugar,568,8.49148032602141,High,No,11.492867068523674,709.905941723946
Butter,923,31.84876399700543,Medium,Yes,49.42198131922709,878.8234590613862
Potatoes,807,34.126453011833405,High,Yes,39.67883298507899,992.4690488372255
Butter,962,21.806085739237204,Medium,Yes,37.41068820576589,951.1356809852094
Milk,143,38.429513407325786,Low,Yes,14.747701217321334,250.6576248189008
Potatoes,514,27.051913407630977,Low,Yes,45.732047027730445,364.0382805582374
Sugar,797,24.360282653093694,Medium,No,26.326434986949444,630.0700804806329
Cheese,954,23.314463995555627,Medium,No,18.394517878991884,794.2789870817659
Pasta,345,24.39979193054918,Low,Yes,34.46751146472806,321.441436672911
Tomatoes,183,48.55494424704884,Medium,Yes,14.528838244388272,446.0144852251269
Milk,306,35.663317701729696,Medium,Yes,45.84045338321516,399.6940353814709
Flour,250,19.1844431222495,Low,Yes,43.445464298013555,238.1726950257272
Milk,767,38.02369415925044,High,Yes,25.921011624312055,1031.956773386071
Apples,627,19.86203247453122,Low,No,13.57958397346925,443.28541920671387
Cheese,264,10.657170850310429,Low,Yes,27.342685560409752,339.9269731347373
Eggs,244,26.391216085504208,Medium,No,11.711219790086217,281.7076828795724
Flour,136,38.79607366122863,Low,No,17.143199810976945,10
Flour,432,21.994695989929454,Low,Yes,26.72295757659096,478.8609723906389
Potatoes,502,44.11283639213043,Medium,Yes,5.95128834719627,770.5857155621557
Bananas,513,22.41287168394919,Medium,No,39.45751715960906,307.44700308274685
Milk,144,20.74275614780293,High,No,13.861169473354897,330.33913439611655
Milk,501,49.920976123847,Low,No,43.997506577850665,101.74996550351204
Yogurt,305,26.711241034552945,High,Yes,6.001692233893745,695.9471487202376
Butter,161,41.234954437107774,High,No,28.945926081580136,248.18663651093786
Bananas,519,41.22446252269651,High,Yes,39.9492929724775,741.0015162981064
Butter,967,46.68662016946307,High,No,15.707679499070345,958.9929658492016
Tomatoes,567,8.820277450263664,Low,Yes,36.839887709509846,461.7077263104545
Potatoes,919,17.204912439207902,Low,Yes,37.43905210940355,812.6551595626689
Butter,118,39.54866411958953,Low,No,33.70296496613656,10
Salt,464,30.317067157935423,High,Yes,21.391372912865204,813.7658877598409
Bread,399,30.182672405954026,Medium,Yes,40.32791591671505,482.08595219766653
Pasta,106,12.479688584160836,Low,No,33.27951729539169,10
Eggs,860,17.65188563512684,High,Yes,31.567469411414407,1084.3472343029293
Tomatoes,527,28.460033857253052,High,No,41.86225711250885,487.5842825786936
Rice,216,17.473161410357953,High,No,16.008711939252965,389.13508700941316
Salt,679,14.462725671442179,High,No,15.46195791002328,766.9785189351563
Apples,606,8.949022509649826,High,Yes,22.390109921702052,875.5610419102102
Cheese,645,12.00767053655055,High,Yes,8.290988090084628,1032.8748861971044
Rice,805,39.59904931213878,Low,No,20.182706120833856,495.1585161690502
Salt,424,37.3450631263122,Medium,Yes,23.282243534024047,570.7843584273521
Butter,154,7.062515795692022,Low,No,27.277618228723366,10
Apples,877,14.147783840484996,Low,No,16.430605884541492,636.8077184647348
Apples,141,30.22049060297223,High,No,45.807910146717795,120.63911313102142
Tomatoes,396,19.518252990654794,Low,Yes,17.828526549954724,487.42817599813253
Potatoes,330,42.04623212057887,Medium,Yes,43.31978498807581,436.5645479364541
Butter,552,40.324518844796614,Medium,Yes,25.02285963098695,698.5534547169393
Salt,989,45.12112510811493,High,No,37.31705131656787,889.4544758044533
Sugar,493,30.331905417730216,Medium,No,9.990607459275523,470.57790684152394
Tomatoes,621,20.843441591409434,High,Yes,29.508674910872426,909.3035251193185
Yogurt,457,32.2729113283213,Medium,Yes,48.23716527242605,495.4808970567049
Salt,543,9.0111505885456,Medium,No,34.98130442141489,356.24211636370177
Salt,227,5.431370798366043,Low,No,41.91301671966398,10
Eggs,790,5.769208405415991,Medium,No,16.74817079798853,719.4152408134065
Pasta,504,23.339432207039728,High,No,41.0076014399816,501.2534366904496
Salt,491,15.263491734637848,Medium,Yes,20.806402154127873,735.5683009552696
Potatoes,292,12.080196761002146,Medium,Yes,26.828514502084136,485.82169480207045
Eggs,703,32.68967070281767,Low,No,13.458097296796474,473.94212295875286
Salt,980,49.77927691759315,High,No,26.85642746021918,917.8289453474058
Rice,842,12.998894162699138,High,Yes,28.206582948754722,1052.7783103779125
Tomatoes,177,29.588964089627247,High,No,33.00472302313293,247.58751444535292
Sugar,184,10.38773812999522,Low,No,44.08852074246666,10
Sugar,129,47.04063984824626,Medium,Yes,18.718301962950378,317.271813056234
Potatoes,824,18.128982585676326,High,Yes,49.28615490913194,936.2980501942758
Sugar,148,44.52529190195203,Medium,Yes,43.146047918999,281.11176822682444
Salt,876,17.738439766266957,Medium,No,23.13151787862392,745.1948160862236
Sugar,244,41.27236160840238,Medium,No,15.199863886949116,231.2948300082464
Cheese,168,14.422160005059771,Low,Yes,8.217255986105954,319.18096332615016
Apples,157,18.175524356904997,Medium,Yes,15.546388457103088,469.69888561567706
Pasta,796,13.661391443163529,Low,No,44.803531474026904,366.01644422875137
Tomatoes,673,16.891694503234504,Low,No,18.141413514003407,434.3488887299027
Bread,578,42.56895898999919,Low,No,11.20909173314349,413.78770226981726
Potatoes,919,33.75646238960138,High,Yes,6.020356524185626,1216.9676006096552
Pasta,544,23.26458509767508,Low,Yes,18.395615465502118,535.583561560336
Milk,395,48.71844621869703,High,No,14.726871956102105,569.2119045473622
Butter,777,25.91876872083082,Low,Yes,9.599105549538887,834.6239474566107
Eggs,270,48.639198706648315,Low,Yes,47.798861054683094,227.5971565019444
Salt,674,13.84641153098871,Low,Yes,17.042984395549055,694.3825872444207
Rice,246,45.70872922017272,Low,No,5.277957327393434,166.77466155170748
Rice,583,5.621999184387261,Medium,No,47.49240125917419,301.4153272585104
Rice,405,29.538644106459085,Medium,Yes,31.033093382821015,540.9463911292422
Pasta,772,24.037357743140667,Low,No,8.726583361778573,590.3754971290773
Yogurt,752,28.62895304623907,Medium,Yes,6.413988982502552,913.3384410513439
Tomatoes,945,29.905017437646457,High,Yes,9.853207861275925,1231.7778566940258
Rice,708,22.506410933046993,Medium,No,31.617088398295202,556.6512104650307
Flour,545,49.91890310987428,Medium,Yes,7.784222220700764,748.5911338938589
Pasta,320,48.942823563528165,Medium,Yes,30.566326857441865,478.9182096817165
Pasta,654,48.278541951706785,Low,Yes,34.36434589391154,588.8095471983286
Milk,903,49.05882713194645,High,Yes,11.640955167725313,1198.724985403753
Bread,477,40.685557944622936,Low,Yes,26.97947342373757,464.3375612746172
Apples,719,49.486571556184934,High,Yes,48.374596833505834,833.7121448729446
Apples,365,45.156210137381386,Low,No,42.641980092514615,68.09652044793859
Tomatoes,194,23.71696866645895,Medium,Yes,37.55139563648234,365.7591064438715
Bananas,361,40.31496987725335,High,No,28.298080600670186,435.8529224561053
Yogurt,924,46.04305303065316,Medium,No,22.742364016984588,755.9015195796177
Milk,996,37.067273311419164,High,No,25.314563125455045,961.8979101688398
Butter,170,24.025205325452177,High,No,39.40745035336291,253.2591286433676
Rice,318,7.960560890739137,Low,No,29.943408279128207,110.00125227817426
Rice,632,41.43636216772644,Low,Yes,39.409429338168316,540.7665173741278
Tomatoes,191,47.87342929069116,Medium,Yes,48.64428366948512,269.83604568767777
Butter,226,21.310846710346688,Medium,No,33.82313678470898,192.6052357322875
Bananas,179,11.835772294502283,High,Yes,32.13966008345929,492.89277173193705
Potatoes,923,19.69267277617501,High,No,23.27728768294253,906.0835300522577
Rice,337,31.21800611802108,Low,Yes,13.85392789349322,419.44914991090013
Potatoes,471,19.261805147700628,Low,No,21.83903340112152,203.16083954727264
Yogurt,585,32.47784285883593,Low,No,28.404373573191414,320.3535968493417
Salt,793,48.508350451008376,Low,No,6.568504579487528,571.2054487782273
Butter,124,35.183052198845715,Low,Yes,26.411226117003153,200.50862635184845
Apples,255,21.319671482852975,High,Yes,43.79671973367404,518.991780358153
Eggs,616,47.10888371621907,High,No,48.9480963140131,547.103376310619
Eggs,731,30.453587091551476,Medium,No,43.499690253988256,528.5187190315597
Salt,888,10.776757933965499,High,Yes,12.739178570744187,1158.277757197621
Sugar,629,27.45414523371927,Low,Yes,11.975593629438663,732.5551056338497
Bread,809,34.41364002095224,High,No,22.699049055779792,809.2926830634966
Rice,156,42.72144646175323,High,No,15.14437117662429,345.344835198332
Eggs,704,47.14145540184413,High,No,35.41975268542757,667.9399421438015
Salt,118,19.283726017237335,Medium,Yes,8.805114701403797,443.9039704530251
Cheese,483,11.998056383556655,Medium,No,24.967366229150556,422.2692067319021
Pasta,964,8.322288898724707,High,Yes,17.61603107987344,1268.5082218870205
Butter,292,38.225957121872725,High,Yes,31.793129914991937,628.8330788150856
Yogurt,336,40.78212137219444,Low,No,40.867925890728465,36.76892726441145
Pasta,486,23.421790711767507,Medium,Yes,46.56034137566615,541.7599312010595
Apples,525,22.816643322813306,Low,No,48.37337303999386,149.82001240275076
Rice,376,47.940666424458435,Low,No,20.803754028829744,194.2666357406167
Rice,326,46.250659628614734,High,Yes,43.513150182371135,587.8059756465943
Cheese,844,15.496965586266946,High,No,31.63833809204946,798.9963067052412
Milk,651,40.13634414874133,High,Yes,36.151493654485535,909.7696374165376
Yogurt,422,33.0215178304823,Low,Yes,43.30087549971574,386.7988877247672
Milk,252,11.940023260383796,Low,No,10.8550944452787,196.05969945635212
Salt,738,21.054697118895216,Low,Yes,47.633327061450984,568.011211041322
Milk,336,12.98628235883671,High,Yes,29.632869068820156,661.1368016226827
Flour,154,18.282021746982736,High,No,20.1201492893719,307.5629787109913
Milk,535,32.68855290980082,High,Yes,20.242906718427044,938.5525509959876
Flour,783,21.886946196954785,Low,No,38.79501515052206,421.77672870781123
Butter,208,22.732678392613572,Low,No,35.539693840849225,15.290351328424698
Bananas,965,29.28412816777354,Medium,Yes,37.826604107082545,999.2679437349759
Tomatoes,283,8.925086247877523,High,Yes,16.384797699090583,687.4951455067296
Milk,467,38.24587804322367,Low,No,12.658829726447603,292.84823707345544
Flour,297,23.076929003600302,Medium,Yes,37.48368438617946,454.32660787367945
Cheese,470,26.617868969104407,Low,No,18.431632812267207,308.26819852178556
Bread,472,48.843487798458426,Low,Yes,15.009626911402643,522.9699554864806
Bananas,596,20.49650997432143,High,No,14.65738265659024,678.0074230427667
Salt,698,34.16985211882664,Medium,No,11.67804196523635,660.8933961177593
Flour,300,22.66269427831148,Low,Yes,24.206704505383005,323.2290707964646
Yogurt,948,45.24272234076552,Medium,Yes,16.742685876122643,1059.6474135042683
Butter,608,43.10403201477678,Medium,Yes,45.223946384768766,670.5334400747121
Butter,421,15.873092229307295,High,No,36.01128365829941,461.71446152735524
Tomatoes,374,36.128557067490526,Medium,No,38.4737920123105,221.7574985492015
Apples,310,7.932739815374315,High,Yes,23.162472144582573,648.1842569918516
Sugar,603,48.34334252884506,High,Yes,32.00942831588468,883.7933894458623
Pasta,217,20.70455486063709,High,No,27.535902831682133,320.2982354189089
Potatoes,802,42.432924766314514,Medium,Yes,12.535315723513197,930.6647523497342
Yogurt,653,19.32941147347895,Low,Yes,7.153416277285303,761.1339362480924
Potatoes,141,33.47468335385924,High,No,35.758330463337785,241.30107212705292
Butter,414,49.26158563929493,Low,Yes,10.452760665241716,472.75317041714936
Sugar,887,44.453743840923366,Medium,No,7.580711894325555,874.8987214692932
Potatoes,428,12.216465945720833,Low,No,24.884029970222528,195.65565812955285
Flour,116,29.63697949172621,Low,Yes,38.21118665038557,160.44705710091725
Tomatoes,382,20.683930195161057,High,Yes,39.59907976545679,706.8601655097566
Bread,357,24.54524832417313,High,Yes,44.3061323022224,628.4433176622858
Bread,674,20.083240814844586,High,No,13.96463101244439,767.1106077990333
Bread,673,20.11816616879809,Medium,No,49.35309772165937,388.60742124414
Milk,711,29.414895969947512,Low,No,39.34440823838422,418.60137904477756
Bread,118,13.638380410541867,Medium,Yes,12.07460056775778,453.16190303628844
Milk,628,29.18279413550141,Medium,No,42.83245786979349,381.200697586931
Bread,936,17.553444673923543,Medium,No,27.453167261818503,799.0962432516833
Yogurt,522,18.00423069088098,Medium,No,7.994586561792023,520.4595188591662
Flour,565,38.24366130660302,High,Yes,10.941879732316735,919.8390365032581
Bananas,472,6.33171216019711,Low,No,24.525197685917625,234.6450466070945
Bread,857,22.14255932032132,High,Yes,28.872806522183634,1085.299540253633
Potatoes,862,23.339047106914027,High,Yes,47.63715876559678,1013.9835962880031
Potatoes,180,26.829956287317774,Medium,No,14.707061262417298,192.20893485632627
Bread,650,35.10549611282924,High,No,26.334702960926403,674.6012464137818
Pasta,647,21.635905223168894,Low,No,15.165026117482437,532.3753514727306
Bananas,523,14.591169693790476,Medium,Yes,30.12803100169104,674.7352495928326
Cheese,528,44.81927782458389,High,Yes,45.91931328373017,749.3710348006401
Tomatoes,487,49.14673820065453,Medium,Yes,30.54877570232933,583.5346805219194
Flour,808,5.9006611927819765,Low,Yes,27.95317425342288,712.9617090501414
Potatoes,769,29.591008295031408,Medium,No,38.75582331131829,600.5613630615273
Tomatoes,303,20.37660705991392,High,No,11.64260952639454,509.3707016045038
Apples,295,17.464530892424417,High,Yes,45.75267456957419,599.9201065067192
Yogurt,827,20.106787589147096,Low,Yes,30.993528783462555,744.1910834742026
Potatoes,384,33.74949903917903,Low,Yes,35.88392368165603,398.53504705237094
Pasta,295,13.582220460340771,Medium,Yes,41.853234230797966,343.31481079148705
Salt,406,46.07873202460776,High,Yes,33.57670324519185,700.1137443485009
Tomatoes,763,25.975153622276412,Low,Yes,33.85423333672615,709.1320513322864
Bread,113,19.65095749171978,Low,Yes,37.83296484346563,120.76094268391425
Yogurt,936,39.448909919641956,High,Yes,7.350645039984974,1273.997336402978
Yogurt,245,5.735599935628669,Low,No,22.1994728677962,76.74116244561621
Apples,156,24.43337895821166,Low,No,48.33215351958593,10
Apples,822,20.98866204505535,High,Yes,16.607113480856412,1106.3121122316193
Apples,879,20.21944594953805,Low,No,29.401495172319425,593.522337966082
Bananas,309,20.168211294076244,High,No,12.894235799187422,459.01379432412455
Pasta,628,6.407211998627034,High,No,19.54734418753633,684.1597336753282
Yogurt,897,11.84523813539779,Medium,Yes,37.26860192336747,899.6174787649393
Apples,443,11.384832169058647,High,Yes,33.93923108301763,717.9541561879969
Potatoes,814,49.48747271687849,Low,Yes,23.644236282705464,764.0851785628038
Potatoes,710,5.9974590150775295,Medium,No,47.213428614224334,498.09179749235375
Bread,378,12.51831453583992,Medium,Yes,39.87710669674403,474.1565807493346
Milk,308,48.837852889641354,Low,No,17.056572306297788,147.88532932044396
Eggs,740,33.27154672145019,Medium,Yes,25.945084110657287,863.997932301735
Yogurt,434,25.280020427302908,Low,Yes,44.51155276112408,334.0189650468873
Rice,387,8.544241987086645,Medium,No,6.010885105650179,427.1675527915649
Eggs,351,35.13475227347945,Low,Yes,31.165982819091994,354.8572555848304
Salt,364,11.201134445657054,High,No,15.438218502037854,510.62383104921025
Eggs,370,35.20337549716317,High,Yes,7.871905303395392,773.1391002177816
Milk,799,49.06294237400263,Medium,Yes,46.078748690994864,780.2097936130061
Yogurt,518,28.938769637762874,Medium,Yes,41.73273603876786,592.1990601679894
Bananas,825,14.633809452619735,High,No,13.338210146208802,941.9134828509913
Yogurt,894,33.13776878958192,Low,Yes,42.66259203474143,736.6603302894848
Rice,310,28.08183595060773,Medium,No,11.589233297363574,366.1653415114816
Apples,464,28.991311862479073,High,No,26.427261193647745,566.9913677194204
Flour,175,26.51481257539986,Medium,No,37.659798521520706,48.87453944915591
Bananas,759,35.318325840960014,High,Yes,29.021251848794225,985.6989017979333
Flour,420,30.73754130831509,High,Yes,43.28513218143174,696.6907677336992
Potatoes,824,49.41477848544678,High,Yes,32.75950377888121,1026.1283457459717
Sugar,532,42.16385394690435,Low,Yes,24.437824123423855,528.8374361526933
Milk,208,16.911426996995296,Medium,Yes,46.63229406031178,347.28371477778563
Bread,740,37.659043485723814,Low,No,6.633259563780475,572.0299366824786
Milk,621,14.643515722313053,Low,No,26.977948642207036,353.70736483068663
Rice,146,40.205588363662606,High,No,34.73516930860897,214.67373359167118
Apples,478,11.640093798980399,Low,No,42.622627568811566,92.55973589823913
Potatoes,926,26.309922509625714,Medium,No,29.35204362202214,732.2964255688327
Salt,195,40.577278923773356,Medium,No,44.84829739388102,50.03520120382309
Cheese,202,17.605071603795444,High,Yes,24.182457606390106,551.6893532366038
Bread,991,42.67036063092484,High,No,19.27078632913392,968.9508325252272
Salt,953,33.98678190652874,Medium,No,48.82154213545166,638.7765419262996
Apples,245,22.888504809824713,Medium,No,35.0231431475409,164.51498106866262
Rice,979,24.053751918782233,High,No,24.160018325497525,942.0029443732758
Sugar,126,46.66961902639349,Low,Yes,44.51853816460687,118.28242091687395
Tomatoes,831,14.800595000557067,Medium,No,35.73861863209872,633.9237790207551
Milk,629,36.201317682861955,High,Yes,33.707061757486514,904.7705128016697
Rice,778,36.828239258369095,High,Yes,37.784206841875985,949.035909201926
Apples,181,46.51023619326365,Medium,No,38.22318993322022,133.8244032449658
Yogurt,527,37.09239209408033,High,No,27.184252407759736,599.1497773395549
Bananas,683,31.301033812626873,Medium,Yes,23.86884026290315,856.0076065601644
Pasta,921,45.61351425573318,High,No,45.917720652363585,791.9876812474787
Bread,578,42.31094133417791,High,No,27.3761482803081,595.9242938095438
Bread,865,37.25494046754018,Low,No,14.711973705479195,583.6742351602222
Butter,261,6.466027207647851,High,Yes,28.47212536212763,665.7780517859704
Eggs,938,21.808418820816264,Medium,No,6.548994496113859,889.650662187239
Cheese,501,33.43503524908344,Medium,Yes,37.54932583823474,566.0923635906377
Sugar,607,28.501273596054425,Low,Yes,10.714282657646407,697.1064093122112
Milk,137,19.369324692402973,Medium,Yes,10.027591940415714,425.0165757406308
Flour,610,11.499076197939942,High,No,47.586026443039174,554.0490523737046
Yogurt,492,29.88484622100147,Low,Yes,39.7650506656428,454.6103013994476
Cheese,812,17.866290913799585,Medium,No,23.640294935358813,716.2046633173369
Rice,593,15.485022041404836,High,Yes,15.780926408252524,944.8791896212321
Butter,299,22.95312021747201,Low,No,42.95707162371286,10
Tomatoes,354,40.347114494642085,High,No,48.586272962483854,321.4190441118565
Yogurt,278,26.95340760648405,Medium,Yes,27.875934707318823,501.549016529009
Bread,646,14.742149472440149,Medium,Yes,31.103423251099443,777.5632598746957
Rice,693,10.260641402602177,Medium,Yes,15.93740711715454,869.0926311818823
Rice,488,27.454426869865998,Medium,No,31.516261882785347,313.1909811433584
Cheese,497,40.74648792900056,Low,No,23.02689357663859,189.05806462949369
Butter,831,34.376811064427315,Medium,No,43.051032475289006,589.1165126290688
Eggs,257,15.446699606446234,Low,Yes,21.97008589205492,302.58873077502096
Eggs,103,24.651796356027152,Low,No,34.19506168100445,10
Cheese,266,43.4853663504831,High,No,14.155970604783585,413.46919844473575
Cheese,567,12.994515853377752,Medium,No,9.080277613758657,613.9959175917446
Milk,508,28.943625680730367,High,Yes,6.815984896654312,911.5194377655004
Rice,511,21.030417894237868,High,Yes,23.70404467987582,851.3638715388875
Potatoes,303,10.588088967328371,High,No,12.358792462613158,490.4484134180671
Tomatoes,293,7.245676440990421,High,Yes,49.7066085619922,459.58749269349096
Salt,334,30.014212309060785,High,Yes,40.92725247918266,585.5719003071877
Flour,817,5.933699318317052,Medium,Yes,36.201791826914395,833.0232841407259
Potatoes,249,9.65507525118207,High,Yes,41.14933103201629,590.4419000844711
Flour,258,20.640392652278354,Low,Yes,16.823626637227378,307.38223980638855
Tomatoes,378,6.958408341009323,Low,Yes,44.56687922983583,313.4616799421978
Potatoes,915,23.02003519033482,Medium,Yes,49.80363777515641,863.6499718523191
Sugar,503,10.866426087960095,Low,Yes,18.043451108217006,527.1743398969904
Butter,992,20.744289081506928,High,Yes,49.309190925509924,1089.7246221517776
Yogurt,777,40.60218591905307,Low,No,19.41784458534118,502.94134341373007
Sugar,410,33.18639550144961,High,No,5.5275402963511695,588.6604702001581
Yogurt,167,25.043048500437912,Medium,Yes,21.524632597728914,428.5300518299296
Bread,562,9.132498853482218,Low,Yes,49.888175041263615,452.6974411918102
Potatoes,187,32.861734669162985,Low,Yes,33.58180646318611,226.67438776341848
Tomatoes,316,12.366934362907266,Low,Yes,36.29626407122336,348.5015614384873
Butter,100,8.44638547377267,Medium,No,15.725621843917256,97.65875260938247
Rice,234,34.879820785682355,Medium,Yes,11.566404288325202,532.9270630038861
Sugar,796,46.04269540194534,Low,No,44.84796969094527,358.167730161464
Potatoes,450,25.726704654673505,Medium,No,23.602649210515953,359.85143201485306
Tomatoes,239,6.844815977365132,High,No,5.184841321221066,465.4859532072983
Yogurt,717,44.613397283834345,Medium,No,18.24106793364564,622.4275921822622
Apples,232,8.013819475560833,Low,No,13.807944874140532,128.42498709896714
Bananas,719,44.03809592157142,High,No,32.16975158787277,663.9785387424587
Apples,277,22.631871795031895,Low,Yes,39.025542647631326,314.0921635728312
Yogurt,909,21.442754238039036,Low,Yes,27.387432476769995,817.005885721367
Pasta,457,29.42588207554033,Low,No,13.365456180613634,262.47756242501123
Pasta,479,48.06881678498985,Medium,Yes,7.6084008612261425,682.9655113464306
Pasta,970,45.44332452886902,Low,No,19.10903020600267,616.6177912409263
Cheese,757,26.164853973714525,High,Yes,41.26835149226524,894.1818415061734
Bread,549,36.31204539607183,High,No,23.878109081118357,611.0841831508823
Potatoes,685,31.119316355453556,High,No,16.35129961221021,768.809216437338
Flour,562,36.20577105784253,Low,Yes,5.932614984932259,625.9078889161315
Tomatoes,207,42.31973570279437,High,No,27.3227923509773,273.5698058942207
Rice,221,6.552222299086724,High,Yes,35.81699486843821,538.0895478583932
Tomatoes,116,19.659193426755387,High,No,13.564825851870584,318.064866120554
Pasta,295,48.16980987052403,High,Yes,29.173497780469397,623.936930690647
Bread,426,47.720133883621585,Medium,Yes,23.933242700883525,568.3451210961093
Pasta,417,5.504940048985813,Low,Yes,36.67764544802434,392.44341458853154
Yogurt,908,14.064805846506482,Low,Yes,43.727220621983946,797.746820581352
Rice,578,49.71965190549632,High,Yes,18.81719979605746,857.6112517076737
Pasta,351,27.177128415476865,Low,No,45.7146984760157,37.76409183250133
Eggs,602,30.778970178508366,High,No,36.812830922251074,597.1457923130791
Apples,218,12.488908348510364,High,Yes,6.6724750779928375,655.7568560819602
Salt,773,45.24510239413383,High,No,40.60593039009343,711.0872272444269
Salt,809,15.40689348421008,Low,No,27.25821785857244,463.02840349793695
Bananas,597,13.534143350879145,Medium,Yes,47.545740131545735,652.1397466707434
Apples,585,15.265508149414767,Low,Yes,19.563417375840324,613.8508546143612
Rice,144,46.38297661884539,Low,No,31.60461466113677,10
Salt,413,36.628101822958214,Medium,Yes,48.02657824089913,492.5830279236155
Rice,278,39.58683775206238,Low,Yes,17.202187986242066,339.7198296753654
Sugar,993,21.966636118291373,Medium,Yes,26.237909497987,1047.6278097984123
Rice,517,45.91296567187526,High,No,38.86229680392587,515.2370398179431
Salt,655,40.523357855272536,Medium,Yes,36.09944083011129,694.3078096312386
Tomatoes,882,38.77688131282945,High,No,42.74164699643824,756.6546993846417
Bread,177,48.69231276528283,Medium,Yes,28.390850574281743,409.08436756230793
Bananas,425,21.47885738570069,High,No,19.35145363471144,470.40908489039714
Sugar,789,32.49381410581465,Low,Yes,29.078807444591195,762.1192526975962
Yogurt,456,45.94683645397473,Medium,Yes,20.748201423803028,594.1579428936994
Tomatoes,515,40.590002443367865,Low,Yes,12.939374162260233,556.0300139515562
Apples,614,30.352053120152675,High,No,29.97363661809581,634.6281607572207
Apples,313,8.42961581510895,Medium,No,7.177124920396825,378.3937630093668
Pasta,953,34.372554780005295,Medium,No,6.645888634717231,870.923980240036
Eggs,173,28.695000059053346,Medium,No,7.905809274828282,235.94141513143384
Bread,662,13.288120766808188,Low,Yes,35.267502777976915,583.5370759118736
Butter,678,44.70139055041688,High,Yes,23.314408274351436,1000.3159861716613
Cheese,608,20.446186770443447,Low,No,27.23518320591914,363.1896817195634
Apples,431,22.436595208278362,Medium,No,20.45294882416231,416.58510525885225
Potatoes,192,35.25806969583847,High,No,16.413630104801506,341.26209563591584
Rice,787,26.995943391855842,High,No,21.123732308341346,740.6370097120465
Potatoes,756,9.017648432561723,Low,No,13.702017629147425,562.3819972639711
Flour,618,22.434872780985565,Low,No,35.54410586715304,316.15504128011844
Butter,368,9.25097530722049,Medium,Yes,9.578097253825788,647.3698651352427
Salt,475,13.583768140552154,Medium,No,28.260532193469313,364.8842099571817
Sugar,933,5.322849725770423,Medium,No,26.45721473432254,751.0089438642291
Yogurt,103,13.159088666809799,Medium,No,18.58656279852786,114.91614920075533
Salt,237,19.87013092992624,High,Yes,9.603022525194149,683.0048568275492
Pasta,330,29.219829517953258,Medium,No,36.651096971278704,182.06427624778502
Sugar,699,46.36747450322295,Medium,Yes,30.629316271994245,805.7480078033811
Flour,628,29.314709025892487,Medium,Yes,41.42643580358329,741.7093390797879
Rice,151,36.75215936139537,Low,No,15.598566752637677,10
Bananas,745,21.09546910875984,Low,Yes,40.62038519866635,584.5666221354799
Salt,822,38.823385710527035,Low,No,18.137557580103515,544.4400678109837
Yogurt,424,32.92109357231648,Medium,Yes,10.066582896290015,681.8632388292249
Butter,830,25.690730597368756,High,No,11.071232987613486,909.396086592401
Bread,816,13.71959577010516,Medium,No,14.94763161684256,769.2773586103056
Bread,822,18.65934085987845,Low,Yes,35.70930032513413,744.1979161488721
Butter,376,32.94257393190898,Low,No,15.978278078219878,150.089865539324
Pasta,635,24.172534596405782,Medium,No,32.174192957977084,447.96356494700126
Sugar,585,45.022395053707335,High,Yes,16.54352508758832,924.9407905712776
Bread,615,15.567812219101338,High,Yes,21.435055939591503,913.4162201582018
Tomatoes,251,8.288269351397254,High,No,45.03745667918077,316.92239370546224
Pasta,582,31.520685942746802,Low,Yes,27.516291771877405,534.1442175625135
Yogurt,358,44.872287808553416,Low,No,32.01133192977056,132.7284950401726
Apples,423,21.41325632479049,High,Yes,13.517457323477075,790.6258797504189
Flour,968,34.147010069067434,Medium,Yes,10.917773141717568,1110.60342490279
Bananas,267,15.41356799797169,High,Yes,23.593111612162158,613.0898821287559
Bananas,787,30.131236475270974,Medium,No,43.49234746098159,563.8384317876989
Milk,409,40.405644538819395,Low,No,15.841564742639306,259.97069317345876
Eggs,902,44.01642194495078,Low,No,32.97616048369511,542.3008430171355
Salt,578,9.73036084335785,Low,No,44.2443297931826,293.5871467339644
Butter,155,21.036853233196044,High,No,47.04846907578836,156.6261414667618
Yogurt,719,33.78399988711416,High,Yes,49.72056202596596,862.6442463156314
Eggs,572,6.56252906421435,Low,No,39.333072200568175,283.02885649297644
Tomatoes,395,36.077684006787216,Low,Yes,8.375455300119693,477.59054587140633
Milk,560,28.76152472617222,Low,Yes,44.21578969862569,464.4089165451619
Tomatoes,423,17.98548256490119,High,Yes,44.85365938416131,675.0601584941985
Cheese,913,41.65945027673227,High,No,30.077727764077657,887.0576318459755
Salt,945,18.05228205330988,Low,Yes,8.034424739859011,991.0570324945778
Milk,240,49.613677079171154,High,No,26.449939006962296,308.8715803761256
Flour,766,41.73665851010032,High,No,14.481501614515297,828.1719145261994
Pasta,361,36.859122562238944,High,No,24.894818038800477,406.44901668120167
Yogurt,884,7.760640108319071,High,No,37.58569149427483,793.6599961334352
Bananas,519,45.69396673942731,Low,Yes,35.039779095071246,461.9307285004879
Yogurt,843,40.55248875818979,Low,No,40.099632782151346,487.94641922869175
Sugar,340,15.306128568131102,High,Yes,26.443523328552896,697.9667761550471
Bananas,454,22.651168159710004,Low,Yes,27.98564374950038,463.14892724393366
Cheese,948,17.08841982286143,Low,No,47.106015705965056,527.7854128835319
Milk,869,49.298721538147994,Low,Yes,33.40326576941798,769.170427083735
Flour,860,43.438840016250175,Medium,Yes,38.639328378399206,884.1546390836281
Salt,688,46.86013862127961,Low,Yes,34.90327564393413,585.2012438115657
Rice,279,40.494840636894345,Low,No,33.82184361064138,10
Tomatoes,165,25.53567084816114,High,Yes,46.10939672456675,431.9864701226983
Flour,919,14.244541241660828,High,No,21.041860747063602,899.052591080652
Eggs,447,14.36360706093802,Medium,No,24.246064927494892,397.8262194169329
Bananas,270,11.825728176500466,Medium,No,22.08876813895414,295.51198015374047
Butter,573,29.599229763652865,Low,No,39.433860757646904,263.34029644480245
Pasta,633,46.398493528863916,Low,Yes,44.0788826909517,458.50218568413396
Salt,466,49.630913152059485,High,Yes,21.08760800740061,773.5489772454969
Salt,206,17.928491001654415,Low,Yes,11.40561810330458,349.35213597354107
Milk,538,36.37915431335282,Low,No,27.234797898170612,232.99254073130794
Cheese,934,31.869410702467,Low,Yes,49.294784600348734,735.7272668401863
Rice,326,27.002125259434,Low,No,14.16567942578185,190.55012214232917
Butter,543,34.95958897154186,Low,Yes,25.340042212419448,582.4857523799964
Potatoes,541,21.711335854103105,Low,No,17.212406148252555,390.44351206855504
Bananas,495,47.50181487920523,Low,No,46.520549763583034,103.90061951926455
Cheese,827,36.74519904678516,Low,No,29.791278840494055,490.77336214522245
Yogurt,680,38.939049139660014,High,No,31.043500657986836,666.1939767439906
Cheese,183,15.908994275273326,Medium,Yes,5.371756098354519,490.1964549484639
Yogurt,714,12.586190157392874,Low,No,34.375088995348676,395.9909140031277
Salt,650,22.745335689244534,High,Yes,18.785858963362223,962.2959473448335
Pasta,112,39.500261840126925,Low,Yes,28.103735471863875,197.74527859213015
Cheese,908,47.245815938878586,Low,Yes,28.898032228996893,848.9853487719821
Flour,924,24.229842168830352,Medium,No,31.650103704710872,722.8054788781237
Tomatoes,792,39.83705566237247,High,No,42.05927257499489,688.6836158526673
Cheese,592,26.168342876006427,Low,No,18.452058736069986,337.4899985797394
Tomatoes,367,18.28527122999587,Medium,Yes,16.527262289171425,663.0948791301544
Bananas,624,38.26693178266314,Medium,No,40.811398152917945,453.2158115922675
Potatoes,219,40.919096029159725,Low,No,37.34233567974928,10
Apples,452,14.12783573363061,Low,Yes,15.152672202902771,523.7932997492778
Rice,156,18.73262759203988,High,No,5.03763603690043,438.60186624533924
Bananas,139,27.264957956314802,High,Yes,34.9671342990507,467.94312400533545
Milk,985,13.393482339509452,Low,Yes,12.073011210758175,919.5746907499782
Yogurt,435,46.79754344392067,Low,Yes,48.064832681422764,342.22785750253536
Pasta,739,31.61002606523368,Medium,No,32.19832775279281,527.5691644926482
Milk,272,10.45414748172617,High,No,43.2343319685727,304.26408687608773
Bread,646,13.281343910710794,Low,Yes,41.252968321344106,594.2185110353553
Bananas,358,47.945990539618,Low,Yes,30.100897610464813,311.74725726431046
Salt,987,38.21758635634782,High,No,24.72578211279109,919.8732668241063
Flour,616,38.048228802724374,Low,No,27.35592836431365,362.93806633178474
Milk,829,8.262436730227455,Medium,Yes,41.13449332055954,838.412192789478
Eggs,622,45.288447696902615,Medium,Yes,33.82028174952508,718.3092991354208
Sugar,993,24.968091315137205,Low,Yes,14.257273145371459,973.1490044888089
Tomatoes,938,34.68727951879668,High,No,32.42098038495148,897.6385560000771
Eggs,216,48.186014860130626,Medium,Yes,23.209996052125216,413.25926273122303
Salt,283,9.50055711604506,High,No,7.758387827791065,406.3029090200495
Salt,973,26.702440676896043,High,Yes,22.157113719630967,1216.16915013094
Salt,215,7.23257314978693,High,No,15.242068905292653,345.1032565763652
Yogurt,261,27.479544049567195,Medium,Yes,42.73630402028757,409.43400427567747
Tomatoes,678,16.3516734719407,Medium,No,9.724975786518915,634.3313668902177
Rice,811,45.99794881732418,Low,No,21.228055218654152,510.77981062597013
Salt,642,22.932162242288907,High,No,36.29713915884854,641.3648912140357
Eggs,686,33.524260072343566,Medium,No,45.38263629831361,402.8693692282485
Sugar,336,43.7129269166547,Medium,No,20.089251952624245,290.49107007202076
Bread,938,49.26613362877294,Low,No,32.289733660969176,577.7544917099277
Salt,165,27.671871664784568,Medium,Yes,21.814231553141987,416.6782195652438
Tomatoes,169,25.509096628765516,Medium,Yes,14.12965109218509,437.13228260108116
Rice,908,8.408284038340643,Medium,Yes,19.65730104416099,1009.547342822294
Salt,546,5.573252450174676,Low,No,33.615597345408794,312.2326497202702
Yogurt,515,32.39609416243233,Low,No,37.235270237552754,237.00575160097225
Salt,631,7.945895846644071,High,Yes,21.67725224609234,922.5155950067615
Eggs,540,22.117052166731295,Medium,No,11.863942213324378,552.0755911781987
Bread,837,5.162289624790767,Low,No,11.280088056014245,633.2708454089462
Milk,563,32.68523745345519,Low,Yes,41.56763448034687,490.8708981227831
Bananas,495,24.14368221982233,Low,Yes,34.39730844315147,477.7393208665028
Sugar,810,10.715934640382953,High,Yes,37.76138629837026,969.4514682482536
Yogurt,650,18.336542307836993,High,Yes,26.971439793449864,971.1324502102236
Tomatoes,756,30.634731453736602,High,Yes,25.579390142908874,1040.1309153557834
Flour,656,34.55210156044897,High,Yes,14.50175590657225,992.3688725919453
Butter,494,25.805114584855104,High,Yes,12.575286644706232,876.7292058131644
Pasta,425,41.178160224092565,Medium,No,11.926100504935684,407.03616733040747
Tomatoes,992,10.059818526634356,Medium,No,49.63048913485991,673.3563797653427
Rice,190,8.80455751755835,Low,No,41.940128076859835,10
Bread,849,6.990992105801374,High,No,33.17583231812671,785.9631387826707
Rice,169,29.1122527752249,High,Yes,14.648176248378164,601.9239534948058
Tomatoes,265,36.780426690550605,Low,No,20.194646340956716,95.55750684040038
Salt,741,10.873462974013837,Medium,No,20.78535723109657,644.9919294944648
Flour,313,33.75255298349266,High,No,26.495303270649813,429.28470588725474
Potatoes,951,26.462649478529062,High,No,23.989855743072543,939.7195102028865
Pasta,700,49.43050250680018,High,Yes,47.03689328704621,870.907274972929
Bananas,434,37.286312416988515,Medium,No,37.43643481584276,233.17639229608977
Sugar,863,34.586300083623165,Medium,Yes,8.66323597953949,1043.6030715679672
Bananas,468,30.670238069255504,High,Yes,21.198056003035024,805.3262993563436
Milk,960,49.881478169736674,High,No,10.983318327284685,999.29441768983
Flour,683,49.12066268845598,Low,Yes,17.57095497202883,668.1125015252015
Apples,776,29.21518064725347,Low,No,48.1501851509335,399.9692441817421
Bananas,148,25.483250630041777,Medium,Yes,36.73685953287459,329.4869908674906
Pasta,151,25.795171521578855,Low,Yes,5.353348822222212,308.7912239173731
Bread,388,24.275407564551454,High,Yes,19.79875815991361,732.219065791309
Yogurt,889,28.9129238148345,Medium,No,24.741578166548738,750.1188536592529
Bread,725,17.31129205164668,Low,No,32.112564306474525,408.2228585976485
Cheese,338,46.7054952401492,Medium,No,27.487715809309265,259.46718101750633
Milk,232,27.060353665787087,High,No,8.139773777131994,425.439577622449
Rice,885,42.89035153273741,Low,Yes,28.199636090756677,825.8905588492496
Butter,265,26.3886653600429,Low,No,10.861667422388374,158.9672293027201
Salt,473,37.32306232596093,Low,Yes,28.363989592923815,432.3045146836688
Apples,472,20.159688401446104,High,Yes,16.07308744874474,807.8815878181922
Eggs,904,33.11630859799672,Medium,Yes,11.488653458406509,1049.3356050094728
Flour,577,27.426715045291374,Low,Yes,17.95653225974727,588.8127312559499
Bananas,854,21.520141544012443,Medium,Yes,9.482993533909779,960.2090229334692
Bananas,578,44.67003174806005,Medium,Yes,17.779267549391626,728.8178595346595
Sugar,931,10.072025723700904,Medium,Yes,44.0119717056285,911.34845185645
Pasta,749,26.911541674359963,High,Yes,18.822681372357625,1029.630773329905
Eggs,690,13.746608296976152,High,Yes,26.15999153654699,985.9496055051518
Milk,781,43.747479104791616,Low,Yes,28.391376119882366,643.9331914690237
Potatoes,734,16.40612051220485,Low,Yes,13.023084170050613,740.7105545420312
Salt,787,33.504365305031975,Medium,No,24.880300654653624,662.3161952084715
Potatoes,399,12.450358178840933,Medium,Yes,43.384150471217716,476.02421946066886
Rice,181,23.221115126187648,Medium,No,8.623718319741403,203.72912356113963
Butter,186,45.47107380422139,High,No,46.526882979901124,173.00904558735033
Cheese,324,12.472899998087321,High,Yes,44.20011060125177,595.3492152741104
Apples,115,34.84381214067528,Low,Yes,43.51232834111975,99.41434532060218
Cheese,921,14.202966675017965,Medium,Yes,13.934424905170953,1038.277620375747
Apples,457,23.708707363947465,Medium,Yes,26.794111933241837,634.2284877260158
Eggs,262,29.32775979685697,High,No,32.72699617276556,342.5471665100667
Potatoes,709,30.978788818538654,Low,No,9.497746580528599,466.31692641441816
Eggs,767,32.113010189891995,Medium,Yes,30.058048064101886,850.0968329657828
Pasta,613,33.8059136925915,Medium,No,42.801944608752066,370.5027657008653
Cheese,449,17.229591395320888,Low,Yes,47.14492726035397,399.96330796151943
Butter,780,23.06153685727216,Medium,Yes,17.52478369450717,961.781228529704
Butter,563,6.679339860877898,High,Yes,17.993269510954462,898.463777462804
Potatoes,926,39.59406394391188,Low,No,17.182877781646006,667.0374275871303
Eggs,936,42.669477580500605,Medium,No,11.905253290125966,795.2525669996598
Flour,474,13.96565435684955,Medium,No,24.38211892170073,396.1100727844847
Yogurt,191,14.064978408335683,High,Yes,40.301098171070294,476.7183410722637
Tomatoes,280,6.891638098568932,High,No,37.04398882781896,334.5936193347912
Cheese,842,48.66727202566194,High,Yes,45.514370809308204,973.6818633713044
Bananas,400,41.32339556527531,Medium,Yes,21.008366721947134,594.216576694281
Yogurt,759,21.231644130771443,Medium,No,30.74986632898437,590.1293349188769
Sugar,891,26.685872216142137,Medium,Yes,39.49409725620111,905.8052022723512
Rice,288,18.138513229289085,Low,Yes,45.417798683883085,281.90346434888943
Bread,958,31.875978574493796,High,Yes,44.22894403954828,1018.9910159224539
Cheese,961,37.27887855500787,Low,Yes,25.94829174933081,928.0467450190972
Salt,413,25.131581509634245,High,No,45.80860251581502,378.2678694288604
Potatoes,592,44.31173869812306,Medium,Yes,24.982509168181064,724.1944440015308
Bread,227,28.26616379984645,Low,Yes,45.62744980949635,229.20871383898668
Sugar,618,11.491397108501484,Low,Yes,39.96368631026178,557.0365405258264
Tomatoes,525,33.00311191269387,High,No,14.974156498668359,644.6782276111934
Cheese,658,25.800393465851116,Low,Yes,46.83504533688994,566.6935022084278
Eggs,664,47.10523383867766,Low,Yes,15.91090659202171,673.1501268050918
Eggs,286,22.635226442116107,Medium,No,45.878898298138196,165.6583608966332
Apples,649,23.128958261754683,High,Yes,32.67990812520708,856.42140044869
Eggs,552,34.284802540172464,Low,No,35.03192482402956,261.8237011535469
Sugar,570,28.71437982468926,Medium,Yes,9.920006735798227,808.8972779345665
Pasta,837,21.850244489229567,Low,No,7.958346279764911,653.2646435835458
Rice,664,49.53984870560403,Medium,Yes,48.575346095313776,684.7883090266599
Pasta,323,18.598347949973757,Low,No,20.161747657657926,154.4266282744271
Bananas,253,17.488795639326284,Medium,No,42.996700408869316,119.14380752925679
Butter,659,43.899243283494656,Medium,Yes,36.70139525855433,711.8811412605487
Milk,450,5.1517824597749975,High,Yes,32.186227151904404,736.8845351588535
Cheese,246,14.056392240720843,Medium,No,35.834447845085535,121.66319255002773
Flour,675,31.570100971788925,Low,Yes,9.022422659515536,781.4057336043356
Bread,448,12.310273753009918,Medium,Yes,23.557786084119694,664.4161848083977
Pasta,281,49.36117652256147,Medium,No,32.31843757704569,196.16223453132017
Apples,736,25.888803008973397,Low,No,44.040332970739065,380.10205212261684
Yogurt,278,31.88138337322479,Low,Yes,37.160930732055554,293.2462330240093
Tomatoes,138,12.216805929733692,Medium,Yes,16.376326999687155,392.62063715662487
Milk,871,18.022014539236753,Low,Yes,49.321683045090786,710.2831154858382
Eggs,993,32.6581152205737,Medium,Yes,33.936646586906946,1046.4800890469767
Yogurt,102,29.729901797887894,Medium,No,27.559247814210583,58.60196884732632
Milk,163,40.296377544852476,Medium,No,40.162046612445295,13.430557796778864
Cheese,128,17.115493035844228,Low,No,32.12151820137276,10
Cheese,471,34.40939660179403,High,No,36.949484577585565,471.9576008459206
Rice,622,18.093897758698944,High,Yes,32.77099576617796,838.105507515472
Cheese,196,31.403867888575416,Medium,No,13.047711090430383,220.69935605852453
Tomatoes,969,32.226393545834384,Medium,No,29.451022737693314,742.1902405464099
Tomatoes,541,10.482760010951996,Low,Yes,17.739551907052416,588.836887176213
Potatoes,302,29.688489980881975,High,Yes,30.66298003443137,608.1509779047502
Pasta,510,5.5372234979382124,High,No,10.647659469344063,650.9136912421083
Bread,120,27.554483811861118,High,Yes,15.438459138831146,573.1059292085896
Salt,650,36.38848498736337,Low,No,41.39251670521516,266.10141009906977
Bananas,834,8.277472804549493,Low,Yes,23.237174463807406,805.3155478398112
Yogurt,201,47.24198673876622,Low,Yes,35.32031985402243,185.00982922116137
Flour,145,25.643998939525442,Medium,No,27.403182097985546,115.98952496740412
Cheese,165,47.22873240308279,Low,Yes,20.331375825964866,254.2730855509222
Salt,702,9.832929066100963,Medium,No,27.28288626872314,580.9364947864449
Bread,263,47.745616748879065,Medium,No,41.61650659501257,133.98347783281272
Pasta,210,9.913869474140602,Medium,No,17.672029869385256,261.8493478813242
Pasta,437,25.76731093031012,Medium,Yes,23.964962536320428,616.1096570027265
Yogurt,222,47.20964300270895,Low,No,14.116247800198884,64.58882944424346
Flour,804,15.471869017499218,Low,No,20.803503463389916,559.3383232692287
Bananas,546,6.565324138643032,High,No,44.82993690697255,519.297173583811
Bananas,710,40.689980376269936,High,No,40.357513045921415,672.3918674937972
Flour,390,31.814763695105444,Medium,No,21.812688173445242,333.430123177573
Yogurt,770,28.12645368056483,High,No,10.95775628280398,807.8870236873223
Salt,511,6.545452295894827,High,Yes,23.898651075487567,903.3513708883308
Bread,714,34.395407096308034,High,No,39.72750825281499,637.2854335183218
Pasta,996,12.723050834805417,Medium,Yes,6.9710448631046535,1120.7555636658524
Apples,380,46.90385060921129,High,Yes,38.540330646651896,659.356084325073
Eggs,142,35.85771279840569,Low,No,35.59594688640355,10
Butter,585,36.816524961522646,Medium,Yes,7.909202411953196,798.2736178749774
Rice,695,15.46611226750762,Low,Yes,33.60381301885008,633.9850793776471
Sugar,802,44.63392271255233,Medium,No,18.439513113607475,672.785889611927
Bread,150,29.197965685244046,Low,Yes,12.977839415045553,279.60942269471536
Pasta,997,43.56878800164037,High,No,22.319687808184717,1011.9078502357871
Bread,309,17.19263636745242,Medium,Yes,14.242449230531344,564.0475059571596
Rice,225,38.995777089421075,Low,No,42.105014526771924,10
Flour,591,30.855510664702138,Medium,Yes,38.39002276190494,694.7307152362897
Bananas,608,7.178868761476173,Low,No,49.1338827681943,215.46502360671184
Milk,680,23.240404569797914,High,No,29.033368089052953,683.9409497328454
Butter,876,13.27597093055592,Medium,Yes,9.014261979895096,1021.9519037263041
Bread,357,21.162811454544023,Medium,No,21.5495879740389,323.61365956532836
Cheese,287,22.25082354193501,Low,No,42.73866720147781,10
Butter,329,26.371775886277316,Low,Yes,22.858844487382953,384.84961203413076
Milk,288,32.01306992278084,High,No,25.505380717920026,391.3671065094587
Bread,514,30.693994362418966,Low,No,23.538688824088165,302.6936015481488
Flour,109,6.754613211724778,Low,Yes,15.592041053077308,276.95531532018924
Salt,213,38.78101483199248,Low,Yes,8.293784509326652,328.35835203138356
Potatoes,175,47.71327480127457,High,Yes,13.125214575542365,580.2776918305461
Potatoes,775,20.6906580043235,High,Yes,21.377438497454968,1080.4986570289316
Salt,601,13.088610560221635,Medium,Yes,16.044696013646092,770.5473080119583
Potatoes,184,29.300070340192338,High,Yes,30.77308399957318,543.4414633711351
Sugar,148,36.72108177098649,Low,No,32.62575474103686,10
Salt,594,35.55072025374484,Medium,Yes,30.652973367669862,654.9123641095316
Milk,937,32.54493098753862,High,Yes,8.821356615664307,1227.030589506905
Salt,788,11.580451345769387,High,Yes,35.008714398490795,1024.0172263604577
Milk,486,42.65712024813492,Low,No,22.306076810674085,251.5318396917329
Flour,488,24.15297030884669,Low,No,44.517144976614844,143.61253280972971
Flour,317,14.96608623643415,High,No,28.652646604347197,427.78716728915606
Potatoes,800,8.881976347839341,Medium,Yes,8.803160098602394,1024.6603840121245
Salt,445,23.752360173787206,Low,No,5.414814027525076,296.69745744798104
Apples,329,32.80878710812883,High,No,36.61305315789619,416.7442640738608
Salt,354,34.94199691181785,High,No,23.022983132496474,397.087583898115
Sugar,335,48.323161012876554,Low,No,17.959814315511093,108.82594753074149
Bread,125,11.891663764869083,Medium,Yes,25.123056841689984,354.8074975064628
Potatoes,683,49.359814933889844,Medium,Yes,8.257680240041186,870.3958083444817
Eggs,360,34.46041462575026,Medium,Yes,22.63929506341894,548.9103809460704
Butter,865,25.440307596824066,Low,Yes,19.16148912360374,817.4372459598675
Bananas,370,44.96874016316717,Low,Yes,41.00851127445565,296.70474737042764
Apples,222,36.25158838790267,Low,Yes,12.868430345843691,338.5226819167875
Salt,755,20.692274668565688,Medium,No,39.03426065876614,530.7871674384972
Eggs,356,44.78385634594078,Medium,Yes,27.518113965095168,545.2753341416512
Pasta,755,34.997695556879066,Low,Yes,8.684957708844218,793.9947976212899
Eggs,520,36.44768101073987,Low,Yes,48.63553467619014,397.96360226883826
Rice,358,45.337544963871174,Low,Yes,38.03943422157142,321.37049676236285
Cheese,146,25.178729358607484,Medium,Yes,16.704242028007023,454.114266189791
Eggs,962,34.56068476818905,High,No,31.178897987037413,881.9229722747841
Bread,624,38.511005973700115,High,No,45.497098841628734,514.2572600346767
Salt,987,25.427302615885168,Medium,No,46.88631355314208,663.1338385672957
Yogurt,307,8.755345208200705,Low,No,37.90211180891817,44.721132367096025
Sugar,410,39.71478960924623,Low,No,37.74515695712354,133.86191625293804
Milk,846,7.1517358734512815,Low,Yes,17.48125611608448,862.2120771075847
Tomatoes,248,37.30614807752322,Low,No,49.53928780364306,10
Butter,933,45.989384383604886,Medium,No,15.956654217717277,815.7966888799707
Apples,537,20.61360492665083,High,Yes,9.02328939425579,897.6883116795441
Milk,254,9.592780331202206,High,No,48.98210781355072,247.39629451167588
Butter,777,15.47887954058785,Medium,No,11.878045889085161,639.5605232705947
Flour,189,30.30267038564266,Low,Yes,28.47260652585033,234.33942141937095
Butter,797,47.419688439773886,High,Yes,26.07095317217238,1015.382183064298
Milk,929,28.052722844875255,Medium,Yes,43.16927105774817,843.9365216189076
Bread,457,10.073177968851333,Low,No,22.8496651832997,309.54115238396395
Bread,273,33.250242817235204,High,No,27.598165696851957,352.44453768544497
Butter,316,37.97802215545736,Medium,No,6.968196474706567,285.7537013560672
Eggs,555,22.697765149675593,High,Yes,14.35267891068615,902.6635109446312
Flour,875,37.468132895543654,High,No,42.48480462375362,818.3650173427944
Yogurt,708,19.61702668126354,Medium,No,26.52625410706315,631.1731886334258
Sugar,728,40.509056821838605,Medium,No,15.391927400512802,636.9369502205129
Bread,298,20.348247180653104,High,No,21.6008304626004,423.113056537964
Pasta,931,16.52481912202817,High,Yes,17.82930303829785,1234.1588734349277
Salt,585,44.56316326512088,Medium,Yes,30.029936329621368,691.0533791256092
Yogurt,632,29.68130395289283,Low,Yes,7.315070819990311,717.992508869329
Yogurt,299,17.83203299337581,Low,Yes,15.123643283572257,429.85346905378435
Bananas,470,47.07891003411803,Low,No,20.9734248159335,215.31533484514796
Bananas,952,36.08830289597222,Low,Yes,46.76963466486764,805.8106950911869
Sugar,547,14.931517984500523,Medium,No,33.04751942796746,388.5059893034488
Pasta,347,32.65890595667513,Low,Yes,27.69141450256385,353.7997254504736
Apples,887,44.166147408006104,High,Yes,13.587055420075025,1172.5763182038236
Eggs,363,36.32689141430259,Low,No,30.103385908525006,149.90766599180094
Apples,157,16.014161784205868,Medium,No,46.80542977400481,53.8879188499739
Salt,401,34.198174791253166,Low,Yes,30.483918705453334,399.7993286890107
Apples,130,32.86217177240904,Low,No,12.41483256296516,34.0198450286699
Flour,597,41.93796486104099,Medium,Yes,49.870354873902826,639.4779352683338
Apples,348,13.015966864851492,Low,No,27.44859132152933,134.9008627835082
Butter,704,36.483560015061194,Medium,Yes,19.379986852348566,823.6966247193283
Bread,876,6.231681146016591,Low,Yes,27.65192595513072,791.3366944807877
Milk,370,36.32788852860954,Medium,Yes,16.866085785777557,620.784046544579
Butter,705,48.219678677235066,Low,Yes,6.366792550353058,733.719092159703
Apples,765,12.847471981232786,High,No,45.02845797276716,633.3986631773088
Apples,493,19.0084897768554,High,No,24.299349387599854,554.2733477305507
Rice,896,31.229220741284806,Medium,Yes,38.880171511046875,904.5241132570127
Bread,601,37.95777706357651,Medium,Yes,48.7064920951802,644.1036000391541
Butter,691,20.496712568204046,Medium,Yes,33.466440941553145,731.4861471888745
Apples,903,34.89165397130619,High,No,36.122735236843646,834.73465449379
Eggs,183,45.46754566413499,Medium,Yes,47.44584264190364,320.9747841004162
Yogurt,464,37.69514542509179,Low,No,28.244950070745762,186.60732090669535
Bread,985,36.99602229210099,Medium,No,19.395494505466875,824.9738276662156
Eggs,648,22.188679628747717,Medium,Yes,46.462291549404185,610.4764561560204
Tomatoes,441,46.014318897719036,Low,No,8.104734895007208,315.4640773134585
Potatoes,938,17.4795323882485,Low,Yes,14.65735791829069,942.2413351855151
Bread,506,14.237616047886531,High,Yes,20.356909128012997,845.2973127575776
Bananas,524,21.390077017692672,Low,No,40.195022950867575,167.7114116304005
Flour,843,34.25702993323223,Low,No,45.675565102334886,448.90015726283065
Bananas,192,43.7755093787528,Medium,Yes,25.330394739235945,397.71033364401524
Sugar,947,10.943545205629269,High,No,17.875746125370725,879.3380267680019
Bread,713,41.62109797670733,Low,No,20.89448259430349,468.4634125112812
Sugar,511,41.57705276010478,High,No,34.54462914061065,550.1968022011499
Pasta,531,31.411371046553874,Low,Yes,12.110320247161106,638.7218867577493
Butter,777,39.229157281011155,High,Yes,29.634385364204718,965.503408025013
Milk,258,13.184631416821432,Low,No,31.479948410836084,10
Apples,113,12.631370036932104,Medium,Yes,36.85350876839569,287.50521684321427
Yogurt,472,43.82600153579272,High,Yes,32.17540587277439,760.3459057079316
Salt,324,27.41667967555551,High,No,9.36300296597596,470.392923486108
Tomatoes,604,16.06717464137821,Low,No,35.9959499474421,247.4556305060062
Flour,172,35.99286609228457,High,No,5.978634378792968,411.447482561243
Eggs,348,45.13438251203994,Low,Yes,22.563896162542676,382.65712267672177
Rice,610,33.45451906749124,High,Yes,23.76783219711364,921.1112564087682
Cheese,702,20.630526932300775,High,No,10.248371689556166,800.5167788708363
Milk,315,26.745699438185653,Medium,Yes,5.443571274591782,606.4261380832314
Bread,701,38.85212574254028,Medium,Yes,8.202282860655561,898.4384433634193
Milk,640,8.037555299257438,High,Yes,25.08349830731503,921.8103696463003
Rice,916,14.772403218039901,Medium,No,15.815940888548916,782.5778212809219
Cheese,319,25.816243399225122,High,Yes,8.104117901140581,718.7328552281763
Milk,939,32.190843384369444,Low,Yes,16.53824349264208,916.9138442465622
Salt,826,20.2624515969046,High,No,28.79700594975415,844.1098588322466
Potatoes,320,18.42759148414463,High,Yes,38.39624775279322,589.790586265739
Pasta,488,6.862288806487458,Medium,Yes,23.54006061491951,725.251541249157
Rice,653,6.467079742315139,Medium,No,32.59170321694697,517.5052833609797
Bread,746,17.541268443627153,Low,Yes,31.85441033765323,686.5025514199006
Yogurt,141,28.872774504029437,Low,No,45.33415284789578,10
Cheese,775,30.036717340043516,Low,Yes,13.072742290033814,818.8711671806424
Bananas,972,27.2312371790091,High,Yes,26.439369957569877,1168.1503138616367
Salt,382,23.444630780127543,Low,No,33.432337918288304,143.360699956945
Potatoes,157,16.353121516759437,Low,No,28.38750462746003,10
Bananas,913,23.0312494216752,Medium,No,25.26537136378332,731.1762013609291
Bread,933,11.244198442348107,Medium,Yes,48.80565422229928,896.8917946170073
Bread,636,10.186665306171657,Low,Yes,47.39062255116958,493.7358198301726
Tomatoes,172,18.497446556620613,Low,No,32.515495027379885,10
Potatoes,984,49.79069583922488,High,No,24.7809069211221,927.9093901073617
Butter,228,19.69236263823793,High,No,38.99219545879551,250.46693716494624
Flour,698,47.140537565979734,Medium,Yes,28.082063588755073,792.5309906936668
Sugar,941,22.65179655954623,Low,Yes,49.80063296499531,752.3958058502507
Apples,525,24.75544960398242,Low,No,35.86717828501486,241.12489148608555
Bread,764,40.86782974410033,Low,Yes,8.067202684110079,776.175933067357
Tomatoes,793,9.213724735135552,Low,Yes,23.08597944802807,746.1735823516161
Butter,224,13.204099561713777,Low,Yes,37.86191140168105,258.81590724914946
Eggs,166,48.822811923884665,High,No,42.90661599210613,175.59370006452713
Milk,105,27.76628029823126,High,Yes,41.601627498781795,436.834463128137
Eggs,736,6.993935699388363,Low,No,48.97569759504964,318.45061257704714
Milk,413,7.132132987522272,High,No,27.010422274662904,503.09170288663074
Sugar,425,45.82583076998267,High,No,11.303016899504275,583.1425503794198
Bread,664,44.301429030142295,Low,No,34.350943144933744,257.80398122713336
Eggs,677,25.627959812529504,High,No,8.18370082213827,813.9215249429122
Eggs,925,12.344993867506943,Low,No,48.80854869389462,528.9068937847119
Milk,605,42.362807286311586,High,Yes,39.13398816093358,807.8812218333971
Pasta,181,19.607004827584273,Low,No,49.19667558919783,10
Flour,698,23.85762793983929,Low,Yes,21.976384595762376,661.4155908170889
Potatoes,101,35.711437057219314,High,Yes,5.710851275123282,595.2944411808908
Rice,303,20.902925903344453,High,Yes,28.45803641469257,713.4898483932885
Sugar,761,33.29014670142318,Medium,Yes,10.453247210022944,873.9866177916598
Bananas,904,44.837721969916295,Low,No,35.583246351139834,507.843561455076
Butter,503,40.881797094851485,Low,Yes,27.38981412268473,518.9126618046851
Rice,202,22.172498324022218,Low,No,38.905113930583326,10
Cheese,635,17.957144961668064,Low,No,18.09809568157885,367.0582780449286
Bread,467,17.847970193280155,High,Yes,42.31245039509626,683.9680409508853
Pasta,311,20.68660176694624,High,No,34.286924546182235,349.6125397324681
Pasta,676,27.208264402614752,Medium,Yes,49.44693753121924,660.3713061982849
Apples,308,23.74688663122744,Low,No,13.035066463921547,165.865986681479
Yogurt,862,10.985180944444604,Medium,No,7.302773854938028,754.7328113525222
Cheese,996,12.355513625025873,Medium,No,43.2972472249088,716.5002451232465
Bananas,216,20.431832422918255,Medium,Yes,20.230307879749635,433.3480774839213
Flour,727,30.29288450264858,Medium,Yes,24.406086380323472,842.3574788048704
Eggs,848,31.669877756007264,Medium,No,46.65507180422968,558.1358027907613
Sugar,577,26.87931792034835,High,No,24.831356533768446,618.9324568692069
Bread,204,38.24491465433815,High,Yes,18.41085843475921,570.930129531753
Milk,594,38.17619549405315,Medium,No,7.677297256019026,596.3064344016605
Apples,870,24.243236225932485,High,Yes,24.932090249103883,1099.4500322901451
Bananas,145,10.599836484242491,High,Yes,34.47281866750036,488.75082101250456
Sugar,922,28.857864639520542,Medium,Yes,17.112877598174883,1033.2320968178394
Apples,430,22.166107879722468,High,Yes,37.300072878645295,696.6335482262143
Eggs,315,11.20653453936665,High,No,26.52187766146044,413.8531215898238
Bananas,591,49.18177444841776,Low,Yes,43.61482814522492,504.28912286854603
Potatoes,912,21.6389925176046,Medium,Yes,12.278186252419559,1048.807565503095
Pasta,944,33.16090278295539,Low,Yes,39.068584846927564,771.6828183041534
Potatoes,548,27.055798760146846,Low,Yes,46.96486595204016,441.2992295413548
Bananas,635,11.427272564754475,Medium,No,38.3629071272755,442.0847017300577
Pasta,610,7.499463051765676,Low,Yes,23.2671798069213,615.6669620860113
Yogurt,557,33.15962367868815,Low,No,15.37050951249412,320.6068225213817
Butter,646,16.11598416565485,High,Yes,9.426533751418537,1043.1028133313678
Flour,635,15.964429982617176,Low,Yes,33.90663639882253,557.0686202690919
Yogurt,639,48.06392853696398,Medium,No,11.428444202069437,616.0079240074305
Bananas,583,25.77979869400811,High,Yes,42.72368070329256,788.0579253685219
Pasta,115,6.324172992531016,High,No,48.23318042129498,173.35660705952887
Salt,670,20.292922181741304,High,Yes,11.110513020931057,997.2816148338543
Bread,342,31.3021194013502,Medium,No,21.922382804353997,239.33167363153018
Potatoes,306,19.785533833270435,Medium,No,47.17724474611712,99.55671300088385
Sugar,370,6.208337931536404,Medium,No,26.181706198095558,387.07437010063865
Tomatoes,860,24.994006946003093,Low,No,29.09372253647609,512.0961749042575
Tomatoes,878,9.765785127865003,Low,No,38.63821995337228,537.2107495556559
Bananas,804,32.8622011098217,High,Yes,14.474003490894335,1065.4661933852728
Eggs,946,32.88141951002096,High,No,49.06170818368733,800.4163910355405
Sugar,829,6.699161281928032,Medium,No,40.139758895345764,619.6038414201666
Yogurt,214,18.079981771971976,Medium,Yes,12.261801641397039,585.9433612400699
Milk,679,23.615881868255173,Low,No,9.998130972594733,471.8656420398233
Sugar,398,29.761884403663007,Low,Yes,47.07294021444584,296.81631525320205
Pasta,936,18.32285433686878,Medium,Yes,35.82625099445971,971.0353261397864
Potatoes,582,17.94859306481292,Medium,No,6.73552877554031,545.2051819808083
Cheese,496,49.235682031261675,Low,No,11.389424923554838,327.5223410460213
Tomatoes,493,6.883825807440496,High,No,7.152316035163373,653.5918532823283
Flour,174,49.507043634101834,High,No,48.83367678885189,147.66356460613966
Cheese,581,7.148837348527843,Low,No,27.40329046485543,339.04064701609616
Salt,202,17.97536425076086,Low,No,25.796679739785688,26.878560256313797
Tomatoes,396,27.216088473620754,High,Yes,48.01004447804852,635.9513465442449
Yogurt,277,11.448425435644634,Low,Yes,27.708619796081557,376.9062895169547
Flour,314,11.068086313342572,High,Yes,28.298968113187684,639.1218239122468
Tomatoes,414,16.534072096742563,High,Yes,49.284372350900014,614.1658608847242
Cheese,138,48.80782326081063,Low,No,10.014449753628238,10
Tomatoes,358,22.105258649355388,Medium,No,49.358965855459545,194.1834496359478
Apples,815,30.469767722113634,Medium,Yes,12.455505491940764,955.1450422554254
Apples,106,36.693113107174085,Medium,No,26.28101586267733,95.41420362802887
Flour,148,38.39998259858947,Medium,No,20.192615582960077,183.2011274029037
Flour,637,35.96184348554097,Medium,Yes,47.993956186937886,631.1173442913253
Flour,260,20.161768693627618,Medium,Yes,26.847648896955214,449.4523869673818
Tomatoes,968,10.027752231022811,Medium,Yes,6.035653255588045,1169.6432375781453
Butter,275,17.67724138999449,Low,Yes,14.976101043229496,407.50355908942356
Pasta,690,14.463285204627798,Low,No,24.386542073879053,440.88015440773677
Butter,101,11.132478719119256,Medium,Yes,35.437568343304434,286.3043129483206
Milk,994,6.1023529288228415,Low,No,30.28563492597271,597.6385599826158
Flour,554,47.10766320762864,High,Yes,43.24591821814791,732.061560952407
Butter,743,46.44654739454022,Medium,Yes,42.27951146148122,729.4947535487142
Bananas,375,7.268765253357617,High,Yes,31.57291852351074,705.9474141773818
Rice,597,12.788805776918082,Low,No,30.709172140564608,326.19538250733075
Potatoes,728,11.277521215825715,Medium,No,17.51741222034036,621.2156705450124
Cheese,775,17.65503204896828,High,No,48.105763924752864,657.807398505886
Eggs,899,14.18309917154335,Low,No,8.458310198240635,684.0863891902894
Rice,127,47.56340918290348,Medium,Yes,22.86636163021592,353.90655325229335
Butter,432,8.787669645209172,Medium,Yes,34.73761503317127,550.0836887542258
Cheese,100,14.525187215202646,High,Yes,47.554839503857096,444.3209427429383
Bread,287,8.63254870623115,High,Yes,27.56883966723541,620.9508014707436
Apples,155,49.11734068899964,High,No,45.31636969279799,192.91867157109732
Bread,646,46.328607909365225,Low,Yes,9.71599000982388,706.83301630285
Butter,211,37.24842153944349,High,Yes,28.921287862876547,509.87167197074046
Potatoes,897,24.1687864498961,High,Yes,19.22227518834675,1139.0344143292332
Sugar,409,13.558016098579664,High,No,40.8063542858321,440.96287172389077
Potatoes,135,14.967037625906409,Medium,No,25.02476653558634,121.44816493146429
Yogurt,538,24.936800385020515,High,No,26.386361876319206,542.0516030550831
Tomatoes,828,39.57002021014167,High,Yes,7.915194253610939,1164.8736644905473
Bread,691,16.912827319953152,Low,No,24.71045275574559,403.32218320609195
Bananas,925,18.9856360640591,Low,No,8.637291361960095,700.3974904225215
Bananas,694,31.997493113201177,High,Yes,18.480295314065273,1077.4330165982358
Yogurt,676,15.697821302521412,Low,No,10.709666099761524,490.87593094912353
Milk,424,31.28983795817616,Low,Yes,20.051641599681147,491.6620635105234
Butter,739,22.420890197252806,Low,Yes,15.232475516641294,746.2073414465532
Sugar,406,6.546569265560661,Medium,No,17.833097927020873,348.77359600148895
Eggs,633,23.121557880438374,High,Yes,11.67736280454336,1017.1701546328367
Butter,827,46.37863757836152,High,Yes,24.782342585659826,1046.3237897032318
Cheese,718,18.190034561005724,High,Yes,27.39094130624291,971.474825159936
Milk,208,19.527457524641104,Low,Yes,42.64914619237612,247.19480634501662
Bread,471,7.96733996266791,Low,No,29.247143119522264,216.44938166011428
Eggs,456,32.67713518561824,Low,Yes,15.294088805175805,558.4508323355481
Tomatoes,280,43.21590639342525,Medium,No,38.11530634843972,173.43985859885183
Yogurt,455,20.881530189189576,Low,Yes,18.376103603522537,495.08598570619665
Tomatoes,775,15.81105008839948,Medium,Yes,39.03784459456908,827.1474713857466
Eggs,167,48.04753343737364,High,Yes,22.42238261927458,525.971679704617
Potatoes,391,38.52826765661698,Low,Yes,28.11537781637831,430.1007303670224
Potatoes,791,30.522360167746907,Medium,Yes,27.66900056405881,916.6066319460045
Milk,280,18.748902485519785,Medium,Yes,48.00361277391632,376.0776987552229
Apples,565,14.935910808938038,Low,Yes,11.914939182476106,675.2316414862283
Rice,533,37.208481755021026,Medium,No,47.2350019351315,326.4229618674547
Pasta,563,28.480496771180487,Low,No,30.2894864302488,312.14771240418884
Bananas,780,28.426991756134147,Medium,No,49.71598616163468,599.7424712520976
Potatoes,633,8.316941840250971,High,Yes,30.79122242084239,972.5388893496192
Eggs,165,28.048751454182266,High,No,34.53692492299346,239.8144347778566
Flour,120,42.023481396777214,High,Yes,38.73083913937628,440.13921418798907
Flour,711,47.60596750080916,Low,No,41.98051306727817,303.47577155101806
Butter,483,9.800707886678081,High,No,26.490362438651186,573.0072021270275
Rice,911,33.40243448145819,High,Yes,35.536724918791634,1096.091660874376
Sugar,714,30.57562628592111,High,Yes,32.66973481559327,919.3429471958268
Apples,658,45.06406209266638,Low,Yes,23.318914868262027,672.8788493601508
Rice,138,38.805981358319215,Medium,Yes,41.935892738631296,273.3492573394777
Eggs,384,48.43678411243909,Low,Yes,13.660184894796487,449.0534437618212
Flour,921,48.20146419118983,Low,No,12.520882011981985,662.0797471615255
Milk,701,15.155829200534935,High,Yes,38.13971965234768,898.5713060322139
Milk,696,37.640789235518994,Medium,Yes,33.68683911720349,768.5950239873594
Apples,884,28.873539111420246,High,Yes,19.29472094913666,1198.6771470805647
Butter,435,14.657089784688745,High,No,33.58084570324387,454.3266839199198
Rice,287,13.769108699783033,Low,Yes,39.67912347861285,294.58211273716887
Apples,770,8.648795356982893,Low,No,14.763478019240251,520.3532373644169
Eggs,342,40.79953743884101,Low,No,31.162735931217785,68.19080641554321
Pasta,172,19.60271512790043,High,No,42.10996552329263,214.80234145293872
Sugar,578,43.56359758980349,Medium,No,23.50573422918832,553.6223335340288
Flour,660,32.374191471044654,Medium,Yes,30.72815184073856,781.620916876181
Eggs,200,35.31350096773073,High,Yes,8.53410669226109,663.5342951018096
Bananas,613,18.12531873245885,Medium,Yes,42.37109274463961,653.745316422018
Sugar,855,25.57824257280576,High,Yes,40.825686599999,1005.5449572003942
Butter,275,23.55429101374062,Medium,No,25.531450384847837,186.06128577360835
Bananas,337,15.605989876607055,High,No,10.366178458470692,563.8171922829418
Milk,158,42.46304758370567,Medium,Yes,34.71794528401353,339.6460759240967
Butter,964,32.99380276129795,Low,Yes,30.784105391572147,856.2410473519844
Potatoes,198,6.684438985388157,Low,Yes,46.376595386231166,179.2902295698638
Flour,970,41.89626587204098,Low,No,17.59138384118502,729.7994318129452
Pasta,594,9.771699021286615,Low,No,6.454690896549879,447.02571128969066
Bread,613,23.166339508965166,High,No,16.4632824521484,690.7244327234165
Flour,854,30.706560573367007,Medium,Yes,24.25581407223784,1000.5409955368879
Salt,396,5.34430605475481,High,No,11.994999782233666,550.263194750954
Pasta,310,34.380864744932126,Low,No,49.088072480662454,10
Pasta,222,34.68663228021157,Medium,No,15.007596169529913,189.4085093950223
Bread,328,34.3636842709691,High,Yes,35.503738444748265,611.9481713819239
Sugar,693,12.35605721478247,Low,No,25.43507088602364,429.7957782039836
Bread,755,16.507954704809723,Medium,Yes,29.981653467200342,870.4961216289654
Salt,487,16.131911878973312,Medium,Yes,46.97059965659635,519.131978848457
Cheese,239,48.203014243083665,Low,Yes,28.919922874346515,265.7411180421177
Bananas,640,8.038768425164477,Low,No,18.7351920446714,390.01515405821135
Sugar,490,24.29426784665768,Medium,Yes,14.936643837815561,738.5810686125521
Pasta,369,44.20642576190873,Low,No,45.13967915290276,85.87097943503122
Bread,858,39.62596975014722,High,No,49.402627955219636,778.3217389172842
Eggs,111,42.009895609201706,Low,Yes,16.33244715027283,246.678866872208
Yogurt,966,48.75321128550499,Low,Yes,37.48701821614462,866.9471830554365
Potatoes,488,22.4267815522935,Low,Yes,27.75886186245346,469.60522436862914
Salt,436,18.93448734712075,Medium,No,36.43623490815817,313.62983652766087
Eggs,605,6.379677056758879,Medium,Yes,48.389655774678985,607.0373082621492
Sugar,205,11.750871280543794,Low,No,17.42390277895612,88.2050727073358
Bananas,131,30.290659454436085,Medium,Yes,38.2975691926838,306.70913246672797
Tomatoes,173,12.094726777400304,Low,No,24.707606478448223,10
Butter,270,38.13372571914098,High,Yes,34.364035101521054,608.4011733393676
Yogurt,948,6.675467221217187,Medium,Yes,23.29933621480869,1064.2260860535755
Pasta,168,16.676961045704687,Low,No,36.87511910746895,10
Rice,912,36.29539055248199,Medium,Yes,20.187571024739007,1018.9509853345546
Sugar,461,16.49762709075787,High,Yes,26.975979391673228,730.8590372639633
Butter,748,37.79422089010088,High,Yes,36.895714020570104,921.9177042828039
Butter,532,49.813874394381585,Low,Yes,6.921805905151732,666.156416183791
Pasta,199,40.86877799520966,Medium,No,19.764028907324448,155.31507190972346
Flour,757,20.382595644245114,High,No,29.578311618203724,747.8035336138104
Flour,108,45.526635528271754,Medium,No,8.336083012999538,130.06543712358942
Milk,673,7.303088105069424,Low,No,36.64205469504398,361.6765390758916
Salt,796,37.62530710012904,High,No,41.59791304212636,726.8801343984915
Yogurt,128,6.049504920320377,High,Yes,12.34972893028366,609.3505093822359
Milk,992,12.854997291063427,Medium,No,38.00583504771264,761.182846224586
Milk,213,49.44135836923585,High,Yes,34.0790060642195,568.0893567012035
Tomatoes,561,21.239821062243813,Low,No,23.489531548839736,304.11158361105527
Eggs,242,41.922472017390746,Low,Yes,12.424465942016429,328.76819934846566
Potatoes,489,21.92390207760209,High,No,47.96952630278846,422.7752358125606
Eggs,731,42.801280285901704,Low,Yes,25.880493985810062,643.6099654371274
Tomatoes,781,48.44478020570484,High,No,13.263955352832125,836.6212238988167
Flour,256,24.599130953862492,High,Yes,37.31739105957661,551.7248298076108
Butter,434,30.17071363317257,High,Yes,32.35540799972959,734.6637234446622
Rice,960,33.28877704836055,High,Yes,41.728909545532126,1044.2238195712077
Eggs,359,47.067566097885596,Medium,Yes,49.82435202661012,414.1540855782394
Milk,181,16.553483934555103,High,Yes,7.019022482551608,687.8625715794384
Yogurt,853,32.5062217775177,Low,No,38.26920915173882,491.967726715886
Milk,540,19.612410270041412,Medium,Yes,49.510890009802445,517.7732685438634
Eggs,271,14.761993108208877,Low,Yes,29.220423753294412,312.96561598498914
Bread,330,8.821415256044638,High,Yes,37.20659244090939,601.5730813538603
Sugar,819,32.9319888681177,Low,No,24.84997317465493,514.8699962548948
Rice,174,44.69384654922058,Medium,Yes,21.054817130383128,400.1593959064072
Yogurt,369,20.812679998003066,Low,Yes,36.34061413266069,405.26948161037626
Apples,998,29.870084128683978,Medium,No,49.46402318484007,688.7162374931202
Bread,725,33.896020788235205,High,No,9.12498870583913,826.9298075114999
Bread,161,23.659258000784178,High,Yes,23.995466618987244,545.6711296355928
Sugar,973,45.65065326647262,Low,Yes,47.32784613187018,783.1689611859387
Cheese,419,21.323982254052947,Low,No,10.075923164651368,267.6518329743694
Salt,201,10.625486904042965,High,Yes,34.29199901960982,557.2327958300074
Sugar,528,11.48091611232648,High,Yes,24.35741647834421,833.1146950676086
Butter,973,45.08859265284707,Low,Yes,21.960158786564545,937.3485109405785
Butter,821,49.460361928158186,High,No,14.424789833951815,874.839282765578
Rice,354,18.00220327572726,Medium,Yes,12.935042271102603,604.9469685173203
Potatoes,631,11.462122654462014,Medium,Yes,28.23290148555459,783.1671861776538
Butter,669,26.699552679029424,Low,No,21.984674592144874,426.7177521262322
Salt,211,36.928762860946904,Low,No,27.119497274195325,39.55758673439472
Eggs,412,32.55813086463374,High,No,13.81718563846912,546.8073227377348
Potatoes,560,47.799868193717565,High,Yes,20.759078843178557,863.0690386548887
Yogurt,807,41.80000477872326,Medium,Yes,49.83879518839539,779.5643071428582
Potatoes,986,44.103747427880094,Low,No,21.563187265173084,643.9208917036411
Rice,561,29.37502214820816,Low,Yes,23.571912292708955,595.6327867982193
Tomatoes,964,19.72738369991525,Low,No,5.894422801114426,775.9397985774918
Cheese,191,36.57812047072606,Low,Yes,22.137160858273834,291.196261020847
Tomatoes,151,24.75738679781278,Medium,Yes,39.35261035007431,354.202983155716
Rice,904,17.948940825304604,Medium,Yes,28.201855822578985,1007.022186857731
Bread,619,11.852180855253387,Low,Yes,34.56704373594091,558.3911385015134
Tomatoes,911,28.754339355030307,Medium,Yes,30.044846229903996,989.2723741840878
Milk,197,31.741410523996343,Low,Yes,9.747097716841463,304.5048293202003
Tomatoes,335,30.595355719437872,Medium,No,19.946497613666438,308.55189746199346
Rice,473,10.24467635450993,High,Yes,36.24048869078135,706.6045876594716
Apples,680,30.649429379243443,Medium,No,29.657250693496366,527.0993547156673
Sugar,656,12.578634806231346,Low,Yes,35.37324810477767,548.4535981884311
Bread,748,34.867137445316104,High,No,21.20812197138891,807.7549430015789
Butter,333,24.322279849949002,Low,No,13.716008796166312,173.8122921142802
Yogurt,131,43.195486448261995,High,Yes,42.3416316589805,448.68377508194607
Bananas,388,40.021958515720044,High,Yes,21.933552172597537,728.4556409981994
Yogurt,737,37.59719231824852,Medium,Yes,34.47549473374683,743.0977877494362
Flour,678,36.5331694700436,Medium,No,22.156086332174333,548.8281200776088
Potatoes,641,30.22196177651459,High,Yes,46.726410077444264,798.1356189962603
Rice,213,7.750110925775495,High,Yes,49.63726915811681,467.89527381530695
Yogurt,303,34.497033058985046,High,Yes,34.201796029357965,649.3835602032359
Tomatoes,128,26.011497990367186,Low,Yes,32.09680440823499,229.11873164368518
Pasta,742,26.129962129708986,Medium,No,42.83721408139566,509.4119837923347
Milk,573,22.055998795982138,Low,Yes,28.230430786312493,518.411484912913
Butter,796,46.80819116787698,Medium,No,44.1277655235308,520.4338138278262
Rice,352,16.225307012859457,Low,No,23.58222296217463,169.96450674903875
Pasta,897,19.246750403440082,Medium,Yes,6.435368971937597,1072.5525060414602
Butter,485,48.33683522310302,High,Yes,46.69656519675022,633.0890830054526
Potatoes,161,41.456918087451406,High,No,37.46878119898077,205.61985726063963
Sugar,614,5.63388854732915,Medium,Yes,27.98452044212879,787.8076711831849
Milk,529,45.77484199378432,High,No,47.52021820696931,471.4791666913071
Rice,679,15.199128447488166,High,No,44.90456200642283,612.4963683009595
Cheese,636,36.766964262472854,Low,Yes,9.879168977742491,679.3568549259696
Pasta,790,29.8882898315247,Medium,Yes,33.09788501898893,837.7677007612963
Rice,240,29.15653476212528,High,Yes,29.21468619812021,597.6671186946891
Apples,842,37.306459552672365,Medium,No,39.94131972797907,609.5019927631171
Pasta,399,14.323166235249786,Low,No,18.534556941532728,242.4961179019304
Eggs,774,12.156130884489194,Medium,Yes,5.365204359516072,1002.695331125377
Potatoes,410,34.33606730298284,Low,Yes,13.342982048440792,494.70865975404195
Salt,570,18.0760653007098,Low,No,14.492326278524242,386.0266299833938
Cheese,492,48.82775934459924,Low,No,18.11373672858663,260.84146228269833
Bananas,741,25.318032758360303,High,Yes,21.667678173899308,1020.3575338201626
Butter,544,10.021865900313436,Low,No,36.79496572684562,286.44275108792397
Milk,857,35.86168247774201,Medium,Yes,8.341019373692216,1026.2853627230388
Cheese,908,18.777168160975908,Medium,No,26.89462740474312,726.0225623898277
Flour,271,11.686434242963099,High,Yes,27.438965661793468,630.0764874507587
Milk,675,24.027051330046444,High,Yes,32.714140350213896,879.4486625255098
Yogurt,130,48.39000251392751,Low,No,18.974635578167245,10
Cheese,146,23.514375937420848,Low,No,16.690500297772275,72.4716310265718
Butter,229,20.630019457897856,Low,Yes,26.774820981367522,264.7524547376295
Flour,451,25.002903293118685,High,Yes,34.68235950174105,732.8984053527134
Bananas,944,5.545206751984177,High,Yes,7.00664320831785,1266.689353355085
Cheese,721,10.989569236937633,Medium,Yes,18.211182874297258,878.7766791679496
Butter,680,43.23535781605735,Low,No,40.428964171995574,318.2236677519797
Rice,157,49.01154854425312,Low,Yes,26.78852939090797,238.5808452864531
Rice,205,12.107366852165661,Medium,No,47.832161153044595,35.84187057807574
Pasta,911,29.098301827410875,Medium,No,44.03937781703311,664.7141726983607
Salt,429,48.48500452125396,Medium,Yes,20.47752404158978,618.6439114189263
Pasta,867,12.046161928053372,Medium,No,37.68219479728525,596.2842658538489
Yogurt,923,13.383932787610261,Low,No,17.34388187701006,656.3837716400543
Bananas,782,46.706735926777924,High,Yes,12.888342043703908,1091.2225185198915
Rice,482,36.75594409035721,Low,Yes,44.64591649008892,367.83983157163266
Eggs,261,11.838500907897235,Medium,Yes,20.761217601717497,503.89180980050753
Eggs,385,22.707170200337437,High,Yes,14.153811920088533,736.3894106963453
Flour,170,7.532147489661974,Low,Yes,48.423942484197205,119.57310114832207
Bananas,866,24.47021902629624,Medium,No,6.396296283072604,799.6926790789573
Bananas,553,40.005567251916666,High,Yes,21.51047073694112,814.2763395697971
Potatoes,985,29.928742456375723,High,Yes,6.728805238810345,1254.850050233897
Cheese,666,34.13489548172914,High,No,27.684513361629843,647.2535386731209
Butter,934,19.706905949009418,Low,Yes,23.05289395126484,874.4572517606804
Tomatoes,496,12.262816298515684,Medium,Yes,37.430099243931785,616.7582681854083
Apples,614,5.590250409806798,Low,Yes,47.93155199111106,471.96304116744244
Milk,125,41.95905549482055,Low,No,28.385997761464242,10
Flour,412,33.64945517056046,Low,Yes,17.842980985064038,477.703730790634
Butter,225,15.319455857945977,High,Yes,44.24790374628186,504.4352503151616
Apples,507,23.82952820347827,Medium,Yes,32.204290133852155,611.656623091884
Salt,664,41.06494709276514,Low,Yes,29.906804579659976,665.9951132335424
Salt,297,29.241508374112357,Medium,Yes,13.485859771576225,561.0816822075351
Milk,910,18.50719444006902,High,No,6.826618106199936,979.508359928345
Cheese,287,17.02330327268085,Low,Yes,25.76322251746976,330.6895218904453
Eggs,797,14.792631100197152,Medium,Yes,28.762111712627004,916.6580845072036
Tomatoes,916,42.06784460603764,High,Yes,10.719217621631138,1224.5213214578087
Milk,909,31.183715780809813,Low,Yes,7.672848304892989,871.114566483541
Tomatoes,815,36.912072456565895,Low,Yes,14.723615740318456,789.0515503529028
Rice,583,43.7054198628836,Medium,No,7.839424193076334,541.946582848514
Flour,549,49.40877661385973,Medium,No,7.526222008110447,526.5059671192842
Rice,622,16.226761393885187,Low,Yes,24.98748032394952,633.3632650239739
Yogurt,970,13.140611935606081,Low,Yes,41.460988341384876,780.0201927165685
Pasta,453,25.78992542572768,High,No,34.87947024487333,472.7254616595192
Yogurt,757,6.578207576533963,High,No,35.57361457752003,775.4208208398785
Milk,696,40.627304670358775,Low,No,16.809645369573843,453.3099328858897
Pasta,199,44.7691999475472,Medium,Yes,5.49968832229919,488.48809550849836
Bread,715,35.87178644366128,Medium,No,25.2790966106252,537.6422698624818
Yogurt,657,17.05977610536242,Low,Yes,21.97058683429253,642.6101140127003
Tomatoes,655,10.541996329495575,High,Yes,47.625574966926706,798.2386779398327
Salt,377,22.196488456394977,Low,No,8.24087805707061,237.4593631744023
Rice,792,42.5001029227364,Medium,Yes,39.93886952815491,828.9211100461856
Bananas,798,20.65225117037516,Low,Yes,22.343727990956342,767.4640051694914
Tomatoes,725,6.541455813198799,Low,No,42.33289223612496,350.66435343010914
Salt,590,17.342616930130937,High,Yes,27.27085533471922,823.2539270866969
Yogurt,354,49.54755245340755,Medium,No,41.92258138453805,223.77316705756778
Butter,480,35.45009400496475,Medium,No,26.008176566887023,375.65960876542897
Rice,991,45.538467348970755,Low,No,23.08367788351185,657.8519782271234
Cheese,641,39.86893703754984,Medium,Yes,48.366882438344156,623.679048925169
Milk,363,29.286748189698383,Medium,No,21.59861423721499,305.4948640024816
Sugar,709,11.690999257774113,Medium,No,41.23850123714976,487.76453250151286
Pasta,924,20.689001526007296,Medium,Yes,8.016467103784631,1048.755599409933
Apples,978,31.26831014,High,No,7.819187811880715,1000.4309702112674
Apples,428,44.17845569293964,High,Yes,24.71486871676717,746.2952081215707
Rice,214,17.090377063920485,High,Yes,31.350657806657452,564.8586979952217
Sugar,375,10.455209120310329,High,No,32.38398431515357,412.3344641681681
Flour,587,30.147454289966785,High,No,6.637373888981004,685.2584272002753
Rice,380,12.942555013312505,Medium,Yes,36.35329793,505.0690914357772
Sugar,374,32.4662796194858,Low,No,10.84667000482024,252.12238681516877
Salt,872,16.85846491176794,Low,Yes,47.99052409908747,671.0435699906088
Butter,942,15.39333519352811,High,No,20.0096939604698,946.2413264067117
Pasta,818,22.9631344245001,Medium,Yes,16.76502641683824,939.2801182604583
Potatoes,995,31.693629090107564,High,No,18.106970781622266,1023.4736462736859
Yogurt,427,29.539295282719085,Low,No,47.18090481623167,75.72765455871229
Rice,310,16.013051475574123,Medium,Yes,26.727854473305992,526.2143848529098
Tomatoes,826,45.10025035040193,Medium,No,24.56058877663576,695.8989858417015
Butter,651,9.944688638084045,Medium,No,30.465419815187683,559.7449758472196
Salt,125,6.776040338345089,Low,Yes,46.88428563684397,71.59118746404866
Potatoes,126,32.12178212327889,Low,Yes,18.87529383183685,198.4193301959867
Butter,801,10.553322562946441,High,Yes,13.136900467604365,1154.7954202691278
Potatoes,182,27.720086642553248,High,No,31.797091975156228,302.7990159661427
Flour,995,47.82979779843347,Low,No,27.125364752956553,617.9504534634133
Bananas,781,36.43611221537556,High,Yes,7.7885719475748605,1020.529273361532
Flour,512,32.785546117899216,Low,Yes,28.48717961903485,503.1979424221698
Eggs,266,30.866235119252632,Medium,No,30.30880442826068,150.29792757315712
Butter,799,13.079266348981674,High,Yes,36.23677745800471,976.6454952165918
Apples,268,24.469152108264698,Low,Yes,49.799393581657924,208.6042294687752
Cheese,900,20.413557831504313,Low,Yes,23.971142682541164,849.406806903513
Rice,328,47.88834449999282,Low,No,27.95914728443288,146.09953280615275
Yogurt,708,15.904410411682624,High,No,8.375104041140515,805.3901778312131
Tomatoes,466,26.218236712822314,High,Yes,42.421463040654515,668.294488656294
Rice,627,47.213571347431255,Medium,No,9.417010877331556,608.4269193117921
Yogurt,890,40.513129359769174,High,No,47.022351003203305,767.9437971898213
Sugar,746,48.40318576779904,High,Yes,20.68251538897057,1008.291872167011
Salt,637,32.374861481614595,High,No,20.1912110607254,693.4093287837682
Pasta,963,20.020408463567033,Medium,Yes,19.78740413127232,1050.111764982906
Tomatoes,623,42.199239895882656,Medium,No,47.77203181246436,409.2013068302526
Pasta,171,18.11553221180168,Medium,Yes,49.1048513053591,332.85616205240285
Flour,744,12.414776086034866,High,Yes,48.795818753894245,873.248814723665
Pasta,205,36.78299663175533,Low,Yes,36.71542175019452,224.65813287782382
Bread,831,33.75300485904617,High,No,9.997617189193939,852.0427157854504
Flour,984,44.55270061679279,Medium,Yes,22.386300220721544,1020.8153536438415
Butter,788,48.28661410172228,High,No,18.018914627909027,833.0388463836816
Flour,381,43.57389142510493,High,Yes,36.877529229639244,646.5133825774068
Milk,232,7.7009808914721845,Low,No,27.16945184795593,12.627256607039008
Pasta,633,34.90310448420207,Low,Yes,32.74256069474647,575.4984903573948
Tomatoes,368,40.31295857888206,High,Yes,5.392898407957459,823.6464191039505
Flour,511,49.18679259575794,Medium,No,40.22888279422993,289.65438520393593
Tomatoes,772,21.859758478068517,High,Yes,47.84233265080081,969.8545524083044
Flour,718,12.644671427201654,High,Yes,35.12179801952125,959.659515722322
Cheese,890,43.38198778087495,High,No,43.33718285376096,791.4119943782114
Potatoes,964,19.28600346346499,Medium,No,26.521267491124622,778.9103031664438
Tomatoes,846,31.91908531072365,Medium,Yes,5.909363567990209,1083.7074864700237
Sugar,117,22.545264389584993,Medium,Yes,49.57111500427457,263.3414800479771
Pasta,853,23.104681554139752,Medium,No,7.647446749668909,771.5831454165581
Yogurt,216,37.96090156298532,Medium,Yes,13.674839170119958,508.16704368598556
Bread,897,21.26638064029724,High,Yes,7.359806776322305,1198.1735599302592
Bananas,893,36.188380083671916,Medium,No,33.12312802380433,672.2827201813429
Rice,243,5.6447804953535945,High,Yes,31.245390621438787,629.349668728236
Potatoes,816,19.60913255017442,High,Yes,14.435134437855503,1132.4472636407024
Apples,650,19.35698141091482,High,No,48.049395858519446,589.9202388163127
Pasta,765,38.69758786535226,Low,Yes,46.10688330783515,647.2055421652901
Butter,787,19.155070221153252,Medium,Yes,17.59145263661067,948.5118988309298
Milk,852,33.49972095642873,Medium,Yes,34.648914383276576,867.2702171173265
Yogurt,521,35.98359809485392,High,Yes,43.48550017287153,781.2191387711606
Milk,997,34.62914948887018,Low,Yes,21.190914796857573,939.8152705596746
Butter,468,32.1482156471899,Medium,No,16.411212080472094,443.87374408492826
Salt,745,23.61275822072276,High,Yes,16.528547408063694,1053.227159195889
Cheese,657,21.798723995771468,Low,Yes,41.92054193880224,588.4207426847281
Bread,149,30.406282626915033,High,No,25.838159784787837,332.25474898929565
Eggs,777,7.8666396117946835,Low,Yes,37.190211429851615,670.4553302779149
Yogurt,205,44.411892892318676,High,Yes,34.2635354796361,552.4388269198985
Rice,315,42.13918143636544,Medium,Yes,18.780156655456103,538.0608070682063
Rice,757,20.587312266673536,High,No,14.363451637635704,763.5458644367966
Flour,524,30.506860552353405,High,Yes,10.660347958012158,858.5231797225811
Apples,171,46.95024641830085,Low,No,6.074852829316269,95.67935484355007
Milk,941,17.22365588354435,Low,No,8.65653876404113,731.2161229714665
Cheese,884,38.4104870462684,Medium,Yes,16.531100350698047,1023.6115184000341
Rice,858,8.722931329445231,High,No,37.11198226237888,819.5515799875194
Cheese,545,28.5517466361937,Low,No,11.971352128596676,439.55553620172014
Flour,285,44.778610825128396,Medium,No,28.552791912346095,228.6982396968965
Milk,169,29.826917786708307,Medium,No,16.030943076854886,182.1841582745393
Potatoes,249,32.73137720766956,Low,Yes,28.03144018028835,288.8777738662164
Apples,345,45.84376819892948,Low,Yes,38.75050289599209,358.3756534380141
Cheese,873,37.19122880224113,High,Yes,16.969150825550937,1106.8829611115862
Tomatoes,637,36.31413561009195,Medium,Yes,20.655446528016256,825.3044862541218
Yogurt,751,31.38728099418043,Low,No,37.53502555812464,397.91626404689634
Butter,198,33.48448763865883,Medium,Yes,29.585214318469777,368.7843023365498
Flour,377,41.166744080747776,High,Yes,9.255498190383799,741.2346642297418
Flour,662,49.065488748376,Low,No,39.11694211610815,353.9003553460399
Apples,762,40.789640930368456,Medium,Yes,17.484754665565745,876.0605428609625
Cheese,554,36.83915742321483,Low,No,22.327598054384204,315.0132899445698
Rice,203,11.099519762518167,High,Yes,16.032961593052057,597.4429270579506
Rice,700,41.76861743487619,High,Yes,29.45106592123126,1000.8361584597677
Bread,752,38.11974653294164,High,Yes,36.849573618108025,951.2374494119204
Salt,824,39.66944879305552,High,No,41.14473626347401,693.2502207272038
Salt,332,15.399341520949037,Low,Yes,46.49550245720205,262.5583503548815
Rice,493,45.654966344341744,Low,Yes,21.16474932442846,557.5428269399758
Butter,600,9.377661575608798,Medium,No,46.96764037999693,361.1680210621865
Potatoes,794,16.412542506137594,Medium,Yes,32.76296349281624,852.3359731968638
Rice,350,34.83605472459807,Low,Yes,22.531754479661924,435.53776976233627
Salt,620,35.317150872395686,Low,No,44.928232191401854,263.96898979634705
Flour,178,19.09960548353712,Medium,No,31.08332773854015,90.84982165117592
Sugar,151,36.56838997003167,Low,Yes,25.442758790589657,232.00257778961964
Cheese,997,22.456874194469243,High,No,5.517569764721113,1054.20121160852
Pasta,880,5.007898213606548,High,No,37.287855054121394,816.6292221072148
Flour,325,12.317275952932258,High,No,8.480659761447882,539.8347956985331
Yogurt,150,44.71782238481785,Medium,Yes,18.022677260987045,414.74526035745026
Apples,285,15.021230527823848,Low,Yes,48.27624541322159,226.32468402479566
Milk,133,10.080965248649417,Medium,No,11.984589730537314,187.17927319488143
Salt,902,35.69902726699375,Medium,No,19.03029601429607,790.9031299418809
Bananas,841,24.831789908438125,Low,Yes,46.955271191231894,653.9973741085076
Sugar,230,40.84659213789399,Medium,No,20.195771814809312,147.56062218255312
Cheese,731,43.76502205546047,High,No,19.790373899914744,757.2067697970444
Eggs,542,43.069499482425414,Low,Yes,34.15795641041768,502.6233864100785
Apples,937,19.085414863860198,High,Yes,10.911075793917856,1223.0110570329289
Sugar,858,27.749567208567388,High,Yes,48.77382693772145,962.8956656479984
Sugar,531,34.25637805911339,Low,No,17.37601902744802,309.86428579894596
Flour,803,19.48923892778558,High,No,40.355997440350535,730.1387232066023
Bananas,596,6.8494691908858165,High,No,17.942645750979327,644.713234743361
Sugar,502,27.30489720336136,High,Yes,17.391758424282212,870.830251910125
Sugar,422,5.576825005951716,Low,No,7.588071862718674,217.00115907997053
Apples,309,47.779053112667626,Low,Yes,10.369429687369268,437.66353559146677
Eggs,714,40.85076407328619,Low,Yes,28.48852892514053,667.7309730346769
Rice,428,13.640439943561754,Medium,No,30.957943194906914,345.70083892674063
Cheese,471,17.940728700136777,High,Yes,41.712958447880304,651.4120412169179
Pasta,559,49.227734660874724,Medium,No,7.709683534066329,542.8226075467745
Sugar,232,21.809684936358696,Medium,No,21.026758355364418,203.28633869012762
Pasta,934,40.26750608452515,High,Yes,14.00714827942199,1255.0962168944993
Rice,750,25.106696078866445,Low,No,21.10448798248189,492.77583536715986
Pasta,220,43.88431658452746,Medium,Yes,20.943799981273223,414.0369813136648
Butter,705,36.668907867267905,Low,Yes,20.942589683917625,640.2373996449282
Cheese,551,6.030952695102171,Low,Yes,18.9335045213774,574.673867621219
Rice,228,18.247544867265674,High,No,39.37901439532817,300.72799533043144
Potatoes,190,30.10965417020536,Medium,No,36.036782913011436,141.33492811098546
Pasta,703,46.67783198313892,Medium,No,20.36611528767961,592.6724396767654
Bread,674,9.591345258867067,Low,Yes,11.591964608893644,728.8454369912353
Bread,128,32.05231419699801,High,Yes,28.322616530344657,484.7993911614589
Milk,821,18.59795291356959,Medium,No,46.34814291371832,565.1196503315077
Eggs,623,45.01975019087482,Low,Yes,10.560170338695597,709.5609907895827
Cheese,432,39.43263243463309,Low,No,38.886343157745394,121.05329534435255
Yogurt,396,21.63662249041784,Low,No,31.972057796035344,165.88542752828457
Cheese,229,12.519642375887615,High,No,31.486555626992285,303.65484990595735
Butter,392,5.5174087578784,High,No,47.05957278704646,405.94166172165933
Bananas,272,32.951050280237695,Low,Yes,48.01732642839836,228.39953185520272
Cheese,819,23.27557134340597,Low,No,15.97278824851103,592.8618567542298
Milk,123,19.16404217873461,High,Yes,41.38146647250656,488.37421344980936
Salt,198,49.3476031236576,Low,Yes,32.93596526690786,141.58678791112135
Yogurt,505,25.97639610021418,Low,No,23.398051553382114,296.6346590407763
Bread,455,38.74276776404409,High,No,34.95295894223237,483.93763000592196
Bananas,238,12.983558776305632,Low,Yes,48.01850493250685,207.24063063424674
Rice,602,5.60548659838162,Low,No,28.259390157232993,344.71803006206443
Butter,925,23.79031787516072,Low,Yes,47.303592646948154,748.7833451117923
Butter,273,34.954917572419774,High,Yes,33.929925605610734,591.3639085765101
Rice,128,27.796941328255674,High,Yes,26.730915836201696,532.0267954423418
Flour,595,45.0709815930976,High,Yes,33.98766980951409,858.3150367428892
Eggs,754,24.529070803422417,Medium,No,32.11434702772739,579.6149718992748
Butter,927,18.995126591889104,Medium,No,23.976380342122777,756.596240348709
Tomatoes,450,46.22219042934396,Medium,No,30.31071545560935,335.9399338747024
Yogurt,653,23.30610253854714,Medium,Yes,36.64619028324852,715.1297175238836
Bread,398,17.134153773782522,High,No,42.748983158444176,449.49504683752156
Rice,819,9.394748456453618,Low,Yes,18.69488311202234,768.9052952157004
Potatoes,941,40.69893979471194,High,Yes,5.659156715193288,1276.6484428784895
Bread,291,42.12911573590294,Medium,Yes,29.804805585341295,485.0266258765867
Salt,771,6.4984002604327396,High,No,27.01778761488771,762.5501140621043
Yogurt,163,21.139051928068614,Low,No,7.438946144124552,91.51726477771854
Potatoes,854,38.74444045690819,Medium,Yes,33.462788450780984,934.4026213875528
Potatoes,869,47.58718313696242,Low,No,47.36301608043889,424.69055604748354
Salt,763,22.001822773020727,Low,Yes,23.10043037004958,773.2549822441545
Bread,314,44.24240441207721,Low,No,45.24620851521285,36.394812855141765
Bananas,933,22.71741829394878,Medium,No,41.589561118633064,655.7976821675626
Butter,265,13.077258225919163,High,No,12.27723295434037,410.8333813218337
Milk,642,5.155076469959136,Medium,Yes,40.427592564656344,713.847465477785
Pasta,982,19.858146041879593,Medium,No,28.25177366927231,747.2031094380686
Yogurt,331,22.031377282731718,High,No,46.33828341940938,234.95184104648985
Salt,893,47.530288799930126,High,Yes,13.524180595673668,1158.3315838643193
Cheese,640,14.273161358928027,High,No,10.627090088664232,816.9555372478635
Flour,294,22.20038186078771,High,Yes,15.857617979840459,681.3970276456431
Sugar,605,6.131935842040092,Low,No,7.683201970128552,453.9031172351743
Rice,433,39.35928807911239,Medium,Yes,19.403604447432826,650.7020305918887
Flour,867,46.1813556314744,Medium,Yes,17.735400410577146,980.5970443379647
Rice,892,15.701929127442135,Medium,No,23.72967947020045,727.0919438986523
Butter,403,24.304779978807403,High,Yes,25.83397413122233,767.9392364404297
Eggs,932,10.49506796146973,Medium,Yes,11.512424683179887,1083.9878319394245
Apples,536,25.557594364080085,Low,No,32.871826788682895,248.92049185933
Cheese,422,11.000410863984293,Medium,No,15.060532946449754,430.7219104422643
Bread,601,28.550682248861843,Medium,No,10.486790102581125,533.2038330054794
Apples,957,38.05799181945049,Low,No,36.89649917038867,524.1951382741775
Apples,492,29.900424866637568,Low,Yes,6.023086856728267,549.7871881878211
Eggs,905,16.03488102743192,Medium,Yes,21.576467328993942,1025.1405966434768
Bread,698,20.92081934610073,High,No,11.498147574440836,785.5389740686333
Potatoes,248,33.735773196753456,High,No,44.72567158976929,282.6944905434111
Bananas,860,31.538993800519634,Medium,No,42.100627828970154,613.2546894784085
